linc_#,prop_class,area_city,community,address,status,list_price,postal_code,sold_date,sold_price,listing_id_#,dom,flrarea_sf,totflrarea,rooms_ag,bedrms_ag,beds,full_baths,half_baths,baths,ensuite,yr_built,style,front_exp,frontagem,fp_y_n,encl_park,parking,condo_name,construction_type,flooring,list_pr___sqft,#_finished_levels,cumulative_dom,cumulative_domls,days_on_mls,bsmt_dev,garage_y_n,price_per_sqft,sold_pr___list_pr_ratio,price,sold_price_sq_ft,buyer_firm_1_-_office_name,listing_firm_1_-_office_name,legal_block,legal_lot,lot_sq_metres,legal_plan,full_address,location,latitude,longitude
18647032,SF,Edmonton,Ritchie,9753 76 Avenue NW,S,139500,,2004-03-09,133000,E2331003,88,775.0,72.0,3,1,3,2,0,2.0,N,1928,BUNG,N,0.0,N,1,"Rear Drive Access, Single Garage Detached",,FRAME,Laminate Flooring,180.0,2,88,85,85,F-FIN,No,171.61,95.34,133000,171.61,RE/MAX Excellence,RE/MAX Excellence,2,3,0.0,2239X,"9753 76 Avenue NW, Edmonton, Alberta, Canada","9753, 76 Avenue NW, Ritchie, Mill Creek South, Greater Strathcona, Edmonton, Alberta, T6E 1M3, Canada",53.5121119,-113.4823398
15159651,SF,Edmonton,Montrose,12014 59 Street,S,299900,T5W 3Y2,2013-06-24,295000,E3340759,19,869.72,80.8,4,2,3,2,0,2.0,N,1953,BUNG,E,0.0,N,1,Single Garage Detached,,FRAME,"Laminate Flooring, Linoleum",344.82,2,19,19,19,F-FIN,Yes,339.19,98.37,295000,339.19,RE/MAX River City,RE/MAX River City,23,3,559.66,1854HW,"12014 59 Street, Edmonton, Alberta, Canada","12014, 59 Street NW, Montrose, Greater Highlands, Edmonton, Alberta, T5W 4C7, Canada",53.5734785,-113.4323835
10522408,SF,Edmonton,Dechene,18214 57 Avenue,S,369000,T6M 1V9,2011-02-15,360000,E3246567,47,1734.06,161.1,7,4,4,2,1,2.1,Y,1984,SPLT4,SE,0.0,Y,2,Double Garage Attached,,FRAME,"Carpet, Ceramic Tile, Laminate Flooring",212.79,3,47,47,47,U-FIN,Yes,207.6,97.56,360000,207.6,MaxWell Polaris,RE/MAX Excellence,23,48,721.54,8021945,"18214 57 Avenue, Edmonton, Alberta, Canada","18214, 57 Avenue NW, Dechene, Willowby, West Jasper Place, Edmonton, Alberta, T6M 2L9, Canada",53.4918452,-113.6377744
29186871,COND,Edmonton,Rossdale,412 9804 101 Street,S,275000,T5K 3X2,2010-02-15,265000,E3204244,106,906.32,84.2,4,2,2,1,0,1.0,N,2001,PENTH,S,0.0,N,1,Underground,Rossdale Court,FRAME,"Carpet, Linoleum",303.42,1,106,102,102,,No,292.39,96.36,265000,292.39,RE/MAX Elite,RE/MAX Real Estate,,,47.03,220462,"412 9804 101 Street, Edmonton, Alberta, Canada",,,
31417363,SF,Edmonton,Charlesworth,155 63 Street,S,399999,T6X 0B8,2017-11-25,390000,E4088294,15,1532.03,142.33,6,3,4,3,1,3.1,Y,2006,ST2,W,0.0,N,0,"Double Garage Detached, On Street",,FRAME,"Carpet, Hardwood",261.09,3,15,15,15,F-FIN,Yes,254.56,97.5,390000,254.56,REALTORSÂ® Association of Edmonton,Professional Realty Group,3,4,0.0,526195,"155 63 Street, Edmonton, Alberta, Canada","63 Street NW, McLeod, Casselman-Steele Heights, Edmonton, Alberta, T5A 2E9, Canada",53.611702,-113.4389163
38793220,DUPLEX,Edmonton,Desrochers Area,980 DANIELS Loop,S,499900,T6W 1A8,2025-01-12,490000,E4408908,101,1611.25,149.69,8,3,3,2,1,2.1,Y,2024,ST2,W,0.0,N,0,Double Garage Attached,,FRAME,"Carpet, Laminate Flooring, Non-Ceramic Tile",310.26,2,101,101,101,U-FIN,Yes,304.11,98.02,490000,304.11,Exp Realty,Century 21 All Stars Realty Ltd,4,136,362.96,2120166,"980 DANIELS Loop, Edmonton, Alberta, Canada","Daniels Loop SW, Desrochers, Heritage Valley, Edmonton, Alberta, T6W 1A7, Canada",53.3969713,-113.5435204
13663539,SF,Edmonton,Balwin,12840 81 Street,S,274900,T5C 1N2,2011-03-01,266500,E3251031,15,1047.44,97.31,6,3,4,2,0,2.0,N,1960,BUNG,E,14.9,N,3,"Double Garage Detached, Single Garage Detached",,FRAME,"Carpet, Laminate Flooring, Linoleum",262.45,2,15,14,14,F-FIN,Yes,254.43,96.94,266500,254.43,RE/MAX Elite,RE/MAX Real Estate,1,19,555.48,5964KS,"12840 81 Street, Edmonton, Alberta, Canada","12840, 81 Street NW, Balwin, Northern Mature Area, Edmonton, Alberta, T5C 1Y2, Canada",53.587192,-113.4656592
0037999794,COND,Edmonton,Rosenthal,#25 1075 ROSENTHAL Boulevard,S,358000,T5T 7G5,2022-10-06,353000,E4313629,21,1562.92,145.2,3,3,3,2,1,2.1,Y,2018,ST2,S,0.0,N,0,Double Garage Attached,The Strand in Rosenthal,FRAME,"Carpet, Ceramic Tile, Laminate Flooring",229.06,3,21,21,21,NBASE,Yes,225.86,98.6,353000,225.86,Century 21 Bamber Realty Ltd,Re/Max Excellence,,,204.71,1624197,"#25 1075 ROSENTHAL Boulevard, Edmonton, Alberta, Canada",,,
11110285,SF,Edmonton,Prince Rupert,11303 113A Avenue,S,299900,T5G 0J3,2008-11-26,289000,E3163560,55,1054.86,98.0,5,2,3,2,0,2.0,N,1952,BUNG,NE,0.0,N,2,Double Garage Detached,,FRAME,"Carpet, Ceramic Tile, Hardwood",284.3,2,133,132,55,F-FIN,Yes,273.97,96.37,289000,273.97,Realty Executives North Star,RE/MAX Elite,13D,6,694.36,3299HW,"11303 113A Avenue, Edmonton, Alberta, Canada","11303, 113A Avenue NW, Prince Rupert, Western Mature Area, Edmonton, Alberta, T5G 2P9, Canada",53.5626213,-113.5163046
30170055,SF,Edmonton,Rutherford,12144 18 Avenue,S,399900,T6W 1L6,2008-03-11,399900,E3131623,13,1430.52,132.9,6,3,3,2,1,2.1,Y,2004,ST2,SW,0.0,Y,2,Double Garage Detached,,FRAME,"Carpet, Linoleum",279.55,2,13,12,12,U-FIN,Yes,279.55,100.0,399900,279.55,RE/MAX Advantage,RE/MAX Advantage,8,51,572.48,325366,"12144 18 Avenue, Edmonton, Alberta, Canada","12144, 18 Avenue SW, Rutherford, Heritage Point, Heritage Valley, Edmonton, Alberta, T6W 1P4, Canada",53.4161454,-113.5320889
15660384,SF,Edmonton,Wellington,12919 136 Avenue,S,314900,T5L 4B2,2010-11-21,283000,E3241430,42,1060.24,98.5,4,2,2,1,0,1.0,N,1959,BUNG,N,0.0,N,2,"Double Garage Detached, Over Sized",,FRAME,"Ceramic Tile, Hardwood, Laminate Flooring",297.01,1,42,42,42,P-FIN,Yes,266.92,89.87,283000,266.92,Bermont Realty (1983) Ltd,Bermont Realty (1983) Ltd,27,10,661.94,5570KS,"12919 136 Avenue, Edmonton, Alberta, Canada","12919, 136 Avenue NW, Wellington, Northern Mature Area, Edmonton, Alberta, T5L 3X6, Canada",53.5982141,-113.545227
30804728,COND,Edmonton,Belvedere,103 12838 65 Street,S,137000,T5A 5H3,2020-01-09,129000,E4176355,94,775.22,72.02,6,2,2,2,0,2.0,Y,2004,APART,E,0.0,N,1,"Heated, Parkade, Stall, Underground",Bonavista The,FRAME,"Carpet, Laminate Flooring",176.72,1,94,94,94,NBASE,No,166.41,94.16,129000,166.41,The Foundry Real Estate Company Ltd,RE/MAX Elite,,,48.56,426479,"103 12838 65 Street, Edmonton, Alberta, Canada",,,
31066590,SF,Edmonton,Griesbach,1412 Cyprus Way NW,S,499900,T5E 6N2,2010-02-18,495000,E3208849,29,2056.98,191.1,6,3,3,2,1,2.1,Y,2007,ST2,SW,0.0,Y,2,Double Garage Detached,,FRAME,"Ceramic Tile, Hardwood, Wall to Wall Carpet",243.03,2,111,111,29,U-FIN,Yes,240.64,99.02,495000,240.64,RE/MAX Elite,MaxWell Devonshire,8,6,412.84,522624,"1412 Cyprus Way NW, Edmonton, Alberta, Canada","1412, Cyprus Way NW, Griesbach, Edmonton, Alberta, T5E 6R8, Canada",53.6037565,-113.5008011
0039465183,SF,Edmonton,Secord,9332 229 Street,S,474500,T5T 4W8,2025-09-08,455000,E4444708,73,1396.08,129.7,7,3,3,2,1,2.1,Y,2025,ST2,E,0.0,N,0,Parking Pad Cement/Paved,,FRAME,"Carpet, Non-Ceramic Tile, Vinyl Plank",339.88,2,73,73,73,U-FIN,No,325.91,95.89,455000,325.91,Nationwide Realty Corp,MaxWell Challenge Realty,32,30,299.85,2320798,"9332 229 Street, Edmonton, Alberta, Canada","229 Street NW, Secord, Lewis Farms, Edmonton, Alberta, T5L 7R1, Canada",53.5369717,-113.7106421
25941873,COND,Edmonton,Royal Gardens,103 11415 41 Street NW,S,106900,,2002-04-20,104900,E2207775,1,871.88,81.0,5,2,2,1,0,1.0,N,1970,,N,0.0,N,0,Stall,Cedarbrae Gardens,BRICK,"Carpet, Linoleum",122.61,1,1,0,0,NBASE,No,120.32,98.13,104900,120.32,MaxWell Devonshire Realty,MaxWell Devonshire Realty,180,,0.0,9420614,"103 11415 41 Street NW, Edmonton, Alberta, Canada",,,
32748436,DUPLEX,Edmonton,South Terwillegar,4857 TERWILLEGAR Common,S,349900,T6R 3N9,2016-09-18,343000,E4029047,71,1337.95,124.3,5,2,2,2,1,2.1,Y,2009,ST2,N,7.5,Y,2,Double Garage Detached,,FRAME,"Carpet, Hardwood",261.52,2,71,71,71,U-FIN,Yes,256.36,98.03,343000,256.36,Homes & Gardens Real Estate Limited,RE/MAX Professionals,51,28,262.5,728680,"4857 TERWILLEGAR Common, Edmonton, Alberta, Canada","Terwillegar Common NW, South Terwillegar, Terwillegar Community, Terwillegar Heights, Edmonton, Alberta, T6R 0G5, Canada",53.4430613,-113.5770292
26848052,SF,Edmonton,Jamieson Place,19024 52 Avenue,S,399900,T6M 2R4,2006-10-31,399900,E3070835,32,1387.47,128.9,7,3,3,2,0,2.0,Y,1997,BUNG,S,0.0,Y,2,Double Garage Attached,,FRAME,"Carpet, Hardwood, Linoleum",288.22,1,32,32,32,U-FIN,Yes,288.22,100.0,399900,288.22,RE/MAX Excellence,RE/MAX Excellence,18,13,502.8,9623615,"19024 52 Avenue, Edmonton, Alberta, Canada","52 Avenue NW, Pleasantview, Edmonton, Alberta, T6H 0S4, Canada",53.4895909,-113.5130557
30569942,SF,Edmonton,Brintnell,15519 46 Street,S,439800,T5Y 3H4,2014-05-12,438000,E3372927,10,1934.27,179.7,7,3,4,3,1,3.1,Y,2005,ST2,W,11.1,N,2,Double Garage Attached,,FRAME,"Carpet, Laminate Flooring, Linoleum",227.37,3,10,8,8,F-FIN,Yes,226.44,99.59,438000,226.44,Royal Lepage Noralta Real Estate,RE/MAX Real Estate,10,37,433.61,424154,"15519 46 Street, Edmonton, Alberta, Canada","46 Street NW, Capilano, Greater Hardisty, Edmonton, Alberta, T6A 2E9, Canada",53.5557237,-113.4137664
14046445,COND,Edmonton,Oliver,905 9809 110 Street,S,212950,T5K 2J9,2005-05-02,207500,E3024319,47,1262.61,117.3,5,2,2,2,0,2.0,Y,1977,APART,W,0.0,Y,2,"On Street, Parkade, Stall, Underground, See Remarks",Westwind Est,PREFB,"Carpet, Laminate Flooring, Marble",168.66,1,47,45,45,NBASE,No,164.34,97.44,207500,164.34,MaxWell Challenge Realty,RE/MAX Advantage,,50,39.58,7723097,"905 9809 110 Street, Edmonton, Alberta, Canada",,,
30255583,COND,Edmonton,Terwillegar Towne,17 4731 TERWILLEGAR Common,S,339900,T6R 3L4,2008-08-06,319000,E3151083,45,1333.65,123.9,5,2,2,2,1,2.1,Y,2004,ST2,W,0.0,Y,2,Double Garage Attached,Black Stone,FRAME,"Carpet, Linoleum",254.87,3,45,43,43,F-FIN,Yes,239.19,93.85,319000,239.19,RE/MAX Real Estate Centre,RE/MAX River City,,,273.78,326152,"17 4731 TERWILLEGAR Common, Edmonton, Alberta, Canada",,,
0019207992,SF,Edmonton,Mayfield,11034 160 Street,S,299888,T5P 3G4,2022-01-23,283000,E4262266,136,846.04,78.6,5,2,4,2,0,2.0,N,1958,BUNG,N,0.0,Y,0,"Over Sized, Single Garage Detached",,FRAME,"Carpet, Laminate Flooring, Linoleum",354.46,2,136,135,135,F-FIN,Yes,334.5,94.37,283000,334.5,MaxWell Challenge Realty,2% Realty Pro,9,7,557.29,2778KS,"11034 160 Street, Edmonton, Alberta, Canada","11034, 160 Street NW, Mayfield, Jasper Place, Edmonton, Alberta, T5P 1G2, Canada",53.5570245,-113.5959939
11421138,COND,Edmonton,Belvedere,401 12841 65 Street,S,74900,T5A 4N4,2012-10-18,65000,E3308797,102,570.49,53.0,3,1,1,1,0,1.0,N,1981,APART,W,0.0,N,0,,Burlington Tower,CONCR,"Carpet, Linoleum",131.29,1,102,98,98,,No,113.94,86.78,65000,113.94,Pat Mooney Real Estate Ltd,RE/MAX Real Estate,,,23.51,8321676,"401 12841 65 Street, Edmonton, Alberta, Canada",,,
15562672,SF,Edmonton,Meadowlark Park,9322 157 Street,S,238500,T5R 2B1,2006-07-13,268000,E3063080,8,1200.17,111.5,6,3,3,2,0,2.0,N,1957,BUNG,E,0.0,N,2,"Double Garage Detached, Front Drive Access",,FRAME,"Carpet, Hardwood",198.72,2,8,7,7,F-FIN,Yes,223.3,112.37,268000,223.3,MaxWell Challenge Realty,Century 21 All Stars Realty Ltd,31,23,603.58,2034KS,"9322 157 Street, Edmonton, Alberta, Canada","157 Street NW, Britannia Youngstown, Jasper Place, Edmonton, Alberta, T5P 0W3, Canada",53.5505611,-113.5921104
29637576,SF,Edmonton,Haddow,504 HUNTERS Green,S,279000,T6R 3J5,2005-08-16,272800,E3031834,84,2005.96,186.36,7,3,3,2,1,2.1,Y,2004,ST2,N,0.0,Y,2,Double Garage Attached,,FRAME,"Carpet, Linoleum",139.09,2,84,82,82,U-FIN,Yes,135.99,97.78,272800,135.99,MaxWell Polaris,RE/MAX Real Estate Centre,12,39,373.88,227188,"504 HUNTERS Green, Edmonton, Alberta, Canada","Hunters Green, Terwillegar Heights, Edmonton, Alberta, Canada",53.456995,-113.5937694
28071926,COND,Edmonton,Rideau Park,406 10511 42 Avenue,S,167500,T6J 7G8,2005-11-18,166000,E3045137,13,1050.02,97.55,5,2,2,2,0,2.0,Y,1998,APART,W,0.0,Y,0,,Grande Whitemud,FRAME,"Carpet, Linoleum",159.52,1,13,13,13,,No,158.09,99.1,166000,158.09,RE/MAX Advantage,RE/MAX Advantage,83,,67.26,9925205,"406 10511 42 Avenue, Edmonton, Alberta, Canada",,,
0016272395,SF,Edmonton,Kilkenny,15011 67 Street,S,488888,T5C 0C9,2025-05-05,500000,E4431915,14,1065.63,99.0,7,3,6,2,0,2.0,N,1969,BUNG,W,0.0,N,2,"Double Garage Detached, Over Sized",,FRAME,"Hardwood, Linoleum",458.78,2,59,59,14,F-FIN,Yes,469.21,102.27,500000,469.21,RE/MAX Real Estate,RE/MAX Elite,29,36,0.0,6143NY,"15011 67 Street, Edmonton, Alberta, Canada","15011, 67 Street NW, Kilkenny, Londonderry, Northern Mature Area, Edmonton, Alberta, T5C 3E5, Canada",53.6119069,-113.4437689
0035248955,COND,Edmonton,Griesbach,5004 DEWOLF Road,S,360000,T5E 6R4,2025-02-20,355000,E4418100,36,1332.46,123.79,6,3,3,2,2,2.2,Y,2011,ST2,S,0.0,N,2,Double Garage Detached,Victory Lane,FRAME,"Carpet, Laminate Flooring",270.18,3,36,36,36,F-FIN,Yes,266.42,98.61,355000,266.42,Sweetly,Sweetly,,,262.8,1222367,"5004 DEWOLF Road, Edmonton, Alberta, Canada","Dewolf Road NW, Griesbach, Edmonton, Alberta, T5E 4W3, Canada",53.6001014,-113.5074773
11458742,COND,Edmonton,Bisset,105 4003 26 Avenue,S,115900,T6L 5L9,2014-08-13,113000,E3385707,9,656.6,61.0,4,1,1,1,0,1.0,N,1981,APART,SE,0.0,Y,0,Stall,Ridgewood Gardens,FRAME,"Carpet, Laminate Flooring, Linoleum",176.52,1,9,9,9,,No,172.1,97.5,113000,172.1,RE/MAX Excellence,Rhinorealty,,,71.6,8420896,"105 4003 26 Avenue, Edmonton, Alberta, Canada",,,
35026707,SF,Edmonton,Laurel,1651 28 Street,S,549900,T6T 0R7,2025-01-22,532000,E4403323,152,1809.2,168.08,7,3,3,2,1,2.1,Y,2014,ST2,W,0.0,N,0,"Double Garage Attached, Insulated",,FRAME,Laminate Flooring,303.95,2,152,152,152,U-FIN,Yes,294.05,96.74,532000,294.05,MaxWell Polaris,RE/MAX Elite,10,19,0.0,1125515,"1651 28 Street, Edmonton, Alberta, Canada","28 Street NW, Larkspur, West Meadows, The Meadows, Edmonton, Alberta, T6T 1G7, Canada",53.4763662,-113.3824035
19899301,SF,Edmonton,Twin Brooks,424 Twin Brooks Crescent,S,850000,T6J 6V2,2018-02-28,815000,E4084515,146,2970.84,276.0,10,3,5,3,0,3.0,Y,1992,BUNG,W,0.0,Y,2,Double Garage Attached,,FRAME,"Ceramic Tile, Linoleum, Wall to Wall Carpet",286.11,3,146,146,146,F-FIN,Yes,274.33,95.88,815000,274.33,Royal Lepage Noralta Real Estate,Royal Lepage Noralta Real Estate,20,39,0.0,9122811,"424 Twin Brooks Crescent, Edmonton, Alberta, Canada","424, Twin Brooks Crescent NW, Twin Brooks, South Ravine Pointe, Kaskitayo, Edmonton, Alberta, T6J 6V2, Canada",53.445585,-113.5275419
25655558,COND,Edmonton,Kiniski Gardens,3448 43 Avenue,S,219900,T6L 6W9,2017-11-16,208000,E4086111,27,610.31,56.7,4,1,3,1,1,1.1,N,1993,BLEVL,NE,0.0,Y,0,2 Outdoor Stalls,Kirkwood Junction,FRAME,"Carpet, Ceramic Tile, Hardwood",360.31,2,120,118,27,F-FIN,No,340.81,94.59,208000,340.81,Royal Lepage Noralta Real Estate,RE/MAX Elite,7,,0.0,9322791,"3448 43 Avenue, Edmonton, Alberta, Canada","3448, 43 Avenue NW, Kiniski Gardens, Burnewood, Mill Woods, Edmonton, Alberta, T6L 5W9, Canada",53.4805358,-113.394523
0036022168,COND,Edmonton,Laurel,212 3353 16A Avenue,S,194500,T6T 0X4,2023-07-24,195000,E4343968,49,837.43,77.8,4,2,2,2,0,2.0,Y,2013,APART,N,0.0,N,1,"Heated, Underground",Elements At Laurel Crossing The,FRAME,"Carpet, Laminate Flooring, Linoleum",232.26,4,49,49,49,NBASE,No,232.85,100.26,195000,232.85,Century 21 All Stars Realty Ltd,Century 21 All Stars Realty Ltd,,,90.58,1420370,"212 3353 16A Avenue, Edmonton, Alberta, Canada",,,
0036745538,COND,Edmonton,Charlesworth,303 5521 7 Avenue,S,160000,T6X 2A8,2025-02-25,155500,E4418987,33,555.52,51.61,4,1,1,1,0,1.0,Y,2014,APART,E,0.0,N,0,Stall,Elements at Willowhaven,FRAME,Vinyl Plank,288.02,1,139,139,33,NBASE,No,279.92,97.19,155500,279.92,Royal LePage Noralta Real Estate,MaxWell Polaris,,,47.71,1523222,"303 5521 7 Avenue, Edmonton, Alberta, Canada",,,
34861526,DUPLEX,Edmonton,Grovenor,10437 149 Street,S,434900,T5P 1L7,2022-05-11,425000,E4284850,40,1535.04,142.61,7,3,4,3,1,3.1,Y,2011,ST2,W,0.0,N,0,Double Garage Detached,,FRAME,"Carpet, Ceramic Tile, Hardwood",283.32,3,40,40,40,F-FIN,Yes,276.87,97.72,425000,276.87,Sarasota Realty,Jaffer Realty Inc,10,9A,357.91,1123545,"10437 149 Street, Edmonton, Alberta, Canada","10437, 149 Street NW, Grovenor, Western Mature Area, Edmonton, Alberta, T5P 1P1, Canada",53.5474392,-113.577623
0031133424,SF,Edmonton,Brintnell,4614 164 Avenue,S,409900,T5Y 0A5,2023-03-24,402000,E4328822,29,1499.63,139.32,7,3,3,2,1,2.1,Y,2006,ST2,S,0.0,Y,2,Double Garage Attached,,FRAME,"Carpet, Linoleum, Vinyl Plank",273.33,3,113,112,28,U-FIN,Yes,268.07,98.07,402000,268.07,Spalk Real Estate,Homes & Gardens Real Estate Limited,25,35,0.0,0523420,"4614 164 Avenue, Edmonton, Alberta, Canada",,,
15137053,SF,Edmonton,Homesteader,52 Henry Avenue,S,309900,T5A 2X9,2017-12-04,295000,E4084875,57,1345.7,125.02,3,3,4,2,0,2.0,Y,1975,BUNG,S,0.0,Y,0,Single Garage Attached,,FRAME,"Laminate Flooring, Linoleum",230.29,2,57,57,57,P-FIN,Yes,219.22,95.19,295000,219.22,RE/MAX Real Estate,Century 21 A.L.L. Stars Realty Ltd,15,49,0.0,4907TR,"52 Henry Avenue, Edmonton, Alberta, Canada","52, Henry Avenue NW, Homesteader, Hermitage, Edmonton, Alberta, T5A 3M9, Canada",53.5863334,-113.4021732
26072991,COND,Edmonton,Queen Mary Park,249 10520 120 Street NW,S,116900,T2M 2T8,2004-05-26,111842,E2408476,62,874.03,81.2,5,2,2,2,0,2.0,Y,1994,,S,0.0,N,0,Single Carport,Pointe Uptown The,FRAME,"Carpet, Linoleum",133.75,1,62,61,61,NBASE,No,127.96,95.67,111842,127.96,RE/MAX Real Estate,Realty Executives Synergy,211,,0.0,9422090,"249 10520 120 Street NW, Edmonton, Alberta, Canada",,,
12047593,COND,Edmonton,Greenview,5971 40 Avenue NW,S,72000,T6L 3P6,2002-08-15,70000,E2213100,55,914.93,85.0,4,1,1,1,0,1.0,N,1979,ST2,W,0.0,Y,0,Stall,Greenview Terrace,FRAME,"Linoleum, Wall to Wall Carpet",78.69,1,55,51,51,U-FIN,No,76.51,97.22,70000,76.51,Royal Lepage Noralta Real Estate,Royal Lepage Noralta Real Estate,16,,0.0,8022777,"5971 40 Avenue NW, Edmonton, Alberta, Canada","5971, 40 Avenue NW, Greenview, Woodvale, Mill Woods, Edmonton, Alberta, T6L 3P5, Canada",53.4772662,-113.4285933
16420234,SF,Edmonton,Glenwood,9532 157 Street,S,318000,T5P 2S9,2011-04-15,310000,E3256049,19,1045.61,97.14,5,3,5,2,0,2.0,N,1959,BUNG,E,0.0,N,2,Double Garage Detached,,FRAME,"Carpet, Linoleum",304.13,2,19,15,15,F-FIN,Yes,296.48,97.48,310000,296.48,RE/MAX River City,RE/MAX Real Estate,24,16,687.16,6077KS,"9532 157 Street, Edmonton, Alberta, Canada","157 Street NW, Britannia Youngstown, Jasper Place, Edmonton, Alberta, T5P 0W3, Canada",53.5505611,-113.5921104
0032821019,COND,Edmonton,Larkspur,212 4403 23 Street,S,169800,T5T 0E4,2022-09-09,152000,E4302923,67,879.52,81.71,5,2,2,2,0,2.0,Y,2006,APART,N,0.0,N,0,"Heated, Single Indoor, Underground",Aspen Meadows II,FRAME,"Carpet, Ceramic Tile",193.06,1,67,67,67,NBASE,No,172.82,89.52,152000,172.82,RE/MAX River City,RE/MAX Elite,,,0.0,724479,"212 4403 23 Street, Edmonton, Alberta, Canada",,,
0015469729,SF,Edmonton,Parkdale,11632 86 Street NW,S,420000,T5B 3J6,2022-03-14,400000,E4279363,13,1544.3,143.47,5,3,3,2,1,2.1,Y,2007,ST2,E,0.0,Y,2,Double Garage Detached,,FRAME,"Carpet, Ceramic Tile, Hardwood",271.97,2,13,13,13,U-FIN,Yes,259.02,95.24,400000,259.02,Notably Real Estate,Realty ONE Group Metro,88,21,0.0,RN43B,"11632 86 Street NW, Edmonton, Alberta, Canada","11632, 86 Street NW, Parkdale, Avenue District, Edmonton, Alberta, T5B 0T5, Canada",53.568089,-113.4734348
0017162124,SF,Edmonton,Satoo,2123 79 Street,S,329800,T6K 2E7,2023-03-29,331000,E4332720,5,1184.78,110.07,6,3,4,2,1,2.1,Y,1975,BUNG,W,0.0,Y,0,"Double Garage Detached, On Street, Parking Pad Cement/Paved",,FRAME,"Carpet, Ceramic Tile, Linoleum",278.36,2,5,5,5,F-FIN,Yes,279.38,100.36,331000,279.38,MaxWell Polaris,Royal LePage Noralta Real Estate,13,5,594.79,4997TR,"2123 79 Street, Edmonton, Alberta, Canada","2123, 79 Street NW, Satoo, Knottwood, Mill Woods, Edmonton, Alberta, T6K 4C3, Canada",53.4514081,-113.4523087
31824907,COND,Edmonton,South Terwillegar,7 5281 Terwillegar Boulevard,S,284900,T6R 0C5,2009-04-30,268000,E3179302,40,1330.42,123.6,5,3,3,1,1,1.1,N,2005,ST2,N,0.0,N,1,"Rear Drive Access, Single Garage Detached",Village At Terwillegar Towne,FRAME,"Carpet, Linoleum",214.14,2,40,38,38,U-FIN,Yes,201.44,94.07,268000,201.44,RE/MAX Real Estate Centre,RE/MAX Excellence,2,,249.44,624553,"7 5281 Terwillegar Boulevard, Edmonton, Alberta, Canada",,,
10845445,SF,Edmonton,Oleskiw,322 Wolf Ridge PT,S,890000,T5T 5R7,2021-07-30,890000,E4254930,1,3044.03,282.8,10,4,5,6,0,6.0,Y,1988,ST2,NW,0.0,Y,0,"Heated, On Street, Triple Garage Attached",,FRAME,"Carpet, Ceramic Tile, Hardwood",292.38,3,1,1,1,F-FIN,Yes,292.38,100.0,890000,292.38,RE/MAX Real Estate,Vima Realty,8,109,0.0,8820328,"322 Wolf Ridge PT, Edmonton, Alberta, Canada","Wolf Ridge Point NW, Oleskiw, Wolf Willow, West Jasper Place, Edmonton, Alberta, T5T 4J5, Canada",53.5010731,-113.6007252
11187374,SF,Edmonton,Strathcona,9756 83 Avenue,S,339702,T6E 2B5,2021-05-07,325000,E4231800,59,847.55,78.74,5,2,2,1,0,1.0,N,1923,BUNG,S,0.0,N,0,"Double Garage Detached, Insulated",,FRAME,"Hardwood, Linoleum",400.8,1,59,59,59,U-FIN,Yes,383.46,95.67,325000,383.46,RE/MAX Elite,RE/MAX Elite,74,2,400.21,6813AL,"9756 83 Avenue, Edmonton, Alberta, Canada","9756, 83 Avenue NW, Strathcona, Greater Strathcona, Edmonton, Alberta, T6E 1S8, Canada",53.5190501,-113.4821835
0031915201,SF,Edmonton,Ambleside,606 ADAMS Way,S,648900,T6W 0H1,2022-09-30,640000,E4310082,42,2438.78,226.57,7,3,5,3,1,3.1,Y,2007,ST2,E,0.0,Y,0,"Double Garage Attached, Heated, Insulated",,FRAME,"Carpet, Ceramic Tile, Hardwood",266.08,3,42,42,42,F-FIN,Yes,262.43,98.63,640000,262.43,RE/MAX River City,MaxWell Challenge Realty,7,29,390.13,0625495,"606 ADAMS Way, Edmonton, Alberta, Canada","Adams Way SW, Ambleside, Windermere, Edmonton, Alberta, T6W 2P3, Canada",53.4310658,-113.6135833
16756876,SF,Edmonton,Wellington,13528 128 Street,S,325000,T5L 1G2,2008-04-18,310000,E3133522,41,1097.92,102.0,5,3,4,2,0,2.0,N,1961,BUNG,NE,0.0,N,2,Double Garage Detached,,FRAME,"Carpet, Ceramic Tile, Linoleum",296.01,2,41,41,41,P-FIN,Yes,282.35,95.38,310000,282.35,MaxWell Devonshire Realty,RE/MAX Excellence,27,20,531.88,5570KS,"13528 128 Street, Edmonton, Alberta, Canada","13528, 128 Street NW, Wellington, Northern Mature Area, Edmonton, Alberta, T5L 3X6, Canada",53.5974136,-113.5429535
13948427,SF,Edmonton,Oleskiw,71 WAKINA Drive,S,769000,T5T 2X4,2012-10-06,750000,E3313019,47,2228.13,207.0,8,4,4,2,1,2.1,Y,1980,ST2,N,0.0,Y,2,Double Garage Attached,,FRAME,"Ceramic Tile, Hardwood",345.13,2,47,46,46,F-FIN,Yes,336.61,97.53,750000,336.61,RE/MAX Real Estate,RE/MAX Excellence,6,6,631.49,7820380,"71 WAKINA Drive, Edmonton, Alberta, Canada","71, Wakina Drive NW, Oleskiw, Wolf Willow, West Jasper Place, Edmonton, Alberta, T5T 4J5, Canada",53.5027501,-113.60855
15221617,COND,Edmonton,Aldergrove,195 PRIMROSE GARDENS Gardens,S,169999,T5T 0R1,2019-05-15,158500,E4152032,31,989.74,91.95,6,3,3,1,1,1.1,N,1973,ST2,S,0.0,N,0,Stall,Primrose Gardens,FRAME,"Hardwood, Laminate Flooring, Wall to Wall Carpet",171.76,3,306,306,31,F-FIN,No,160.14,93.24,158500,160.14,Century 21 Urban Realty,Re/Max Select,,,240.6,CD13082,"195 PRIMROSE GARDENS Gardens, Edmonton, Alberta, Canada","Primrose Gardens, Aldergrove, West Jasper Place, Edmonton, Alberta, T5T 1X1, Canada",53.5155996,-113.6324276
20900627,SF,Edmonton,Holyrood,9715 76 Street,S,424900,T6C 2L1,2016-03-30,403000,E4010792,26,1205.56,112.0,5,3,4,2,0,2.0,N,1955,BUNG,W,0.0,N,1,Single Garage Detached,,FRAME,"Carpet, Hardwood, Linoleum",352.45,2,26,25,25,F-FIN,Yes,334.29,94.85,403000,334.29,RE/MAX River City,RE/MAX River City,6,17,606.0,541KS,"9715 76 Street, Edmonton, Alberta, Canada","9715, 76 Street NW, Holyrood, Edmonton, Alberta, T6C 1W5, Canada",53.5368378,-113.4457479
20075158,SF,Edmonton,Capilano,10667 59 Street NW,S,199900,T6A 2K5,2004-03-10,195000,E2405744,7,1120.52,104.1,6,3,4,2,1,2.1,N,1956,BUNG,N,15.8,N,2,Double Garage Detached,,FRAME,"Carpet, Hardwood, Laminate Flooring",178.4,2,57,55,5,F-FIN,Yes,174.03,97.55,195000,174.03,MaxWell Devonshire,MaxWell Devonshire Realty,39,24,0.0,1997KS,"10667 59 Street NW, Edmonton, Alberta, Canada","10667, 59 Street NW, Capilano, Greater Hardisty, Edmonton, Alberta, T6A 1G3, Canada",53.5525529,-113.4250247
30454565,SF,Edmonton,Hodgson,603 HODGSON Road,S,483800,T6R 3M2,2010-04-23,465800,E3217214,28,1955.05,181.63,7,3,3,2,1,2.1,Y,2005,ST2,S,0.0,Y,2,Double Garage Attached,,CONCR,"Carpet, Hardwood, Linoleum",247.46,2,28,27,27,U-FIN,Yes,238.26,96.28,465800,238.26,Liv Real Estate,RE/MAX Real Estate Centre,163,23,428.16,422201,"603 HODGSON Road, Edmonton, Alberta, Canada","603, Hodgson Road NW, Hodgson, Terwillegar Heights, Edmonton, Alberta, T6R 3L6, Canada",53.4571317,-113.5612337
18467142,SF,Edmonton,Bulyea Heights,736 BURTON Crescent NW,S,279000,T6R 2J2,2003-08-09,277000,E2319493,18,2107.57,195.8,8,3,4,3,1,3.1,N,1993,ST2,SE,14.5,Y,2,Double Garage Attached,,FRAME,"Carpet, Hardwood, Linoleum",132.38,3,18,15,15,F-FIN,Yes,131.43,99.28,277000,131.43,RE/MAX Excellence,RE/MAX Real Estate Centre,124,14,0.0,9121686,"736 BURTON Crescent NW, Edmonton, Alberta, Canada","736, Burton Crescent NW, Bulyea Heights, Riverbend, Edmonton, Alberta, T6R 2L4, Canada",53.4779189,-113.5683331
0017774001,SF,Edmonton,Meadowlark Park,15826 94A Avenue,S,499000,T5R 5L8,2024-10-03,499000,E4407787,8,1055.72,98.08,6,3,5,2,0,2.0,N,1958,BUNG,S,0.0,Y,0,"Double Garage Detached, Over Sized",,FRAME,Vinyl Plank,472.66,2,8,8,8,F-FIN,Yes,472.66,100.0,499000,472.66,Exp Realty,Mozaic Realty Group,29,37,616.32,2034KS,"15826 94A Avenue, Edmonton, Alberta, Canada","15826, 94A Avenue NW, Meadowlark Park, Jasper Place, Edmonton, Alberta, T5P 0A4, Canada",53.5307573,-113.5938842
0030952642,COND,Edmonton,Cumberland,207 13830 150 Avenue,S,139900,T6V 1X2,2021-12-21,130000,E4265110,67,683.51,63.5,4,1,1,1,0,1.0,Y,2004,APART,SW,0.0,N,0,Stall,Skyview Landing,FRAME,"Carpet, Vinyl Plank",204.68,1,236,234,66,NBASE,No,190.2,92.92,130000,190.2,Schmidt Realty Group Inc,MaxWell Progressive,,,0.0,521158,"207 13830 150 Avenue, Edmonton, Alberta, Canada",,,
33600701,COND,Edmonton,South Terwillegar,419 1204 156 Street,S,204500,T6R 0R6,2018-09-04,175000,E4114174,95,1216.32,113.0,5,2,2,2,0,2.0,Y,2007,APART,W,0.0,N,0,See Remarks,Ospin Terrace,FRAME,"Carpet, Linoleum",168.13,1,339,336,95,NBASE,Yes,143.88,85.57,175000,143.88,Royal Lepage Noralta Real Estate,RE/MAX Real Estate,,,0.0,829395,"419 1204 156 Street, Edmonton, Alberta, Canada",,,
26053272,COND,Edmonton,Ogilvie Ridge,103 BULYEA Road NW,S,143500,T6R 2M9,2001-12-14,139900,E2124405,17,1253.99,116.5,5,2,2,2,1,2.1,Y,1994,ST2,N,0.0,Y,1,Single Garage Attached,Whitemud Creek Classic,FRAME,"Carpet, Hardwood, Linoleum",114.43,2,17,16,16,U-FIN,Yes,111.56,97.49,139900,111.56,Coldwell Banker Venture Realty,RE/MAX Real Estate Centre,21,,0.0,9421881,"103 BULYEA Road NW, Edmonton, Alberta, Canada","Bulyea Road NW, Bulyea Heights, Riverbend, Edmonton, Alberta, T6R 2L4, Canada",53.466874,-113.5749828
0031866684,SF,Edmonton,Suder Greens,9108 207 Street,S,535000,T5T 1S9,2023-12-16,513000,E4354056,126,2167.42,201.36,7,4,4,3,1,3.1,Y,2006,ST2,N,0.0,Y,2,Double Garage Attached,,FRAME,"Hardwood, Laminate Flooring, Linoleum",246.84,3,126,125,125,F-FIN,Yes,236.69,95.89,513000,236.69,Royal LePage Noralta Real Estate,RE/MAX River City,33,26,677.46,0624993,"9108 207 Street, Edmonton, Alberta, Canada","9108, 207 Street NW, Suder Greens, Lewis Estates, Lewis Farms, Edmonton, Alberta, T5W 4J2, Canada",53.5257855,-113.6740941
0039497657,SF,Edmonton,Glenridding Ravine,3340 169 Street,S,615000,T6W 5M3,2024-07-22,615000,E4390761,48,2029.0,188.5,7,3,3,2,1,2.1,Y,2024,ST2,E,0.0,N,0,Double Garage Attached,,FRAME,"Carpet, Vinyl Plank",303.11,2,48,48,48,U-FIN,Yes,303.11,100.0,615000,303.11,REALTORS? Association of Edmonton,Century 21 Masters,1,119,0.0,2321116,"3340 169 Street, Edmonton, Alberta, Canada","169 Street NW, Glenwood, Jasper Place, Edmonton, Alberta, T5J 4B3, Canada",53.5402007,-113.6128815
12903754,COND,Edmonton,Oliver,103 10148 118 Street,S,167900,T5K 1Y4,2009-08-30,166000,E3197464,7,607.08,56.4,3,1,1,1,0,1.0,N,1979,APART,W,0.0,N,0,Underground,Solarium The,FRAME,"Laminate Flooring, Linoleum",276.57,1,68,68,7,,No,273.44,98.87,166000,273.44,MaxWell Polaris,Schmidt Realty Group Inc,22,,36.38,7920789,"103 10148 118 Street, Edmonton, Alberta, Canada",,,
32473498,COND,Edmonton,Downtown,106 9707 106 Street,S,249900,T5K 0B7,2013-12-02,230000,E3344739,149,722.26,67.1,3,1,1,1,0,1.0,N,2006,APART,E,0.0,N,1,"Heated, Stall, Underground",River Vista,CONCR,"Carpet, Ceramic Tile, Hardwood",346.0,1,232,232,149,,No,318.45,92.04,230000,318.45,RE/MAX River City,RE/MAX River City,,,0.0,725425,"106 9707 106 Street, Edmonton, Alberta, Canada","106 Street & 29 Avenue, 106 Street NW, Ermineskin, Kaskitayo, Edmonton, Alberta, T6J 4A6, Canada",53.4608752,-113.5019205
10691111,COND,Edmonton,Ormsby Place,32 WILLOWDALE Place,S,189900,T5T 1Z4,2019-06-07,179500,E4148548,76,903.84,83.97,6,3,3,1,1,1.1,N,1976,ST2,S,0.0,N,0,"On Street, Stall",Willowdale Place,FRAME,"Ceramic Tile, Vinyl Plank",210.1,2,76,76,76,P-FIN,No,198.6,94.52,179500,198.6,Century 21 All Stars Realty Ltd,Re/Max Select,,,191.01,7720680,"32 WILLOWDALE Place, Edmonton, Alberta, Canada","Willowdale Place, West Jasper Place, Edmonton, Alberta, Canada",53.5021227,-113.6324585
15320112,SF,Edmonton,Parkdale,11229 85 Street,S,340000,T5B 3C6,2015-01-21,340000,E3357594,422,1091.57,101.41,6,3,3,2,0,2.0,N,2002,BLEVL,W,10.1,N,0,No Garage,,FRAME,"Carpet, Ceramic Tile, Laminate Flooring",311.48,2,422,422,422,F-FIN,No,311.48,100.0,340000,311.48,RE/MAX Real Estate,RE/MAX Real Estate,98,8,367.88,RN50,"11229 85 Street, Edmonton, Alberta, Canada","11229, 85 Street NW, Parkdale, Avenue District, Edmonton, Alberta, T5H 4E2, Canada",53.5619949,-113.4714479
29926334,COND,Edmonton,Riverdale,402 9008 99 Avenue,S,229900,T5H 4M6,2020-01-20,215000,E4175345,114,663.7,61.66,5,1,1,1,0,1.0,N,2003,APART,S,0.0,Y,1,Underground,River Grande,FRAME,"Ceramic Tile, Laminate Flooring",346.39,4,300,296,114,NBASE,Yes,323.94,93.52,215000,323.94,Royal Lepage Preferred Real Estate,Royal LePage Noralta Real Estate,,,0.0,322752,"402 9008 99 Avenue, Edmonton, Alberta, Canada",,,
33744856,COND,Edmonton,Greenview,14 6032 38 Avenue,S,234900,T6L 0A4,2019-04-25,222000,E4145278,56,852.93,79.24,5,2,2,1,1,1.1,N,2008,ST2,NW,0.0,N,0,"On Street, Stall",Greenview Landing,FRAME,"Carpet, Laminate Flooring, Linoleum",275.4,2,206,204,56,U-FIN,No,260.28,94.51,222000,260.28,MaxWell Devonshire Realty,Mozaic Realty Group,,,224.87,920916,"14 6032 38 Avenue, Edmonton, Alberta, Canada",,,
10237139,SF,Edmonton,Alberta Avenue,11715 92 Street NW,S,63800,T5G 1A2,2000-05-30,60000,E2004549,87,679.2,63.1,5,2,2,1,1,1.1,N,1943,BUNG,W,10.0,N,2,"No Garage, Parkade",,FRAME,Carpet,93.93,2,87,85,85,P-FIN,No,88.34,94.04,60000,88.34,RE/MAX River City,Century 21 Metro City,48,5,0.0,2256AD,"11715 92 Street NW, Edmonton, Alberta, Canada","11715, 92 Street NW, Alberta Avenue, Avenue District, Edmonton, Alberta, T5G 1C8, Canada",53.5692366,-113.4825982
13988274,SF,Edmonton,Greenview,135 GRAND MEADOW Crescent,S,445000,T6L 1X1,2014-11-25,428000,E3390260,72,2189.38,203.4,8,4,4,2,1,2.1,Y,1984,ST2,S,0.0,Y,2,Double Garage Detached,,FRAME,"Ceramic Tile, Hardwood, Laminate Flooring",203.25,2,72,72,72,P-FIN,Yes,195.49,96.18,428000,195.49,Schmidt Realty Group Inc,MaxWell Challenge Realty,3,74,549.6,7721465,"135 GRAND MEADOW Crescent, Edmonton, Alberta, Canada","135, Grand Meadow Crescent NW, Greenview, Woodvale, Mill Woods, Edmonton, Alberta, T6L 6P6, Canada",53.4773002,-113.4349809
32175946,SF,Edmonton,Ambleside,433 AINSLIE Crescent,S,469900,T6W 0H8,2011-06-15,469900,E3243818,220,2290.88,212.83,6,3,3,2,1,2.1,Y,2010,ST2,S,0.0,Y,2,Double Garage Attached,,FRAME,"Carpet, Ceramic Tile, Hardwood",205.12,2,220,220,220,U-FIN,Yes,205.12,100.0,469900,205.12,Jayman Realty (Edm.) Inc,Jayman Realty (Edm.) Inc,1,21,439.52,720119,"433 AINSLIE Crescent, Edmonton, Alberta, Canada","Ainslie Crescent SW, Ambleside, Windermere, Edmonton, Alberta, T6W 2Z4, Canada",53.4339847,-113.5960605
18839910,SF,Edmonton,North Glenora,13342 109B Avenue NW,S,340500,T5M 2K5,2010-10-01,317000,E3235142,54,1005.35,93.4,5,2,2,2,0,2.0,N,1952,BUNG,S,14.9,N,2,"Double Garage Detached, Heated, Insulated",,FRAME,"Ceramic Tile, Hardwood, Linoleum",338.69,1,54,54,54,P-FIN,Yes,315.31,93.1,317000,315.31,MaxWell Devonshire Realty,RE/MAX Real Estate,1,75,614.6,3751HW,"13342 109B Avenue NW, Edmonton, Alberta, Canada","13342, 109B Avenue NW, North Glenora, Western Mature Area, Edmonton, Alberta, T5M 4E7, Canada",53.5564606,-113.5541353
20216149,SF,Edmonton,Holyrood,9516 75 Street NW,S,114900,,2001-04-02,114000,E2107267,7,1463.89,136.0,6,3,3,2,0,2.0,N,1957,BUNG,E,19.2,N,1,Single Garage Attached,,FRAME,"Carpet, Hardwood, Non-Ceramic Tile",78.49,2,7,3,3,F-FIN,Yes,77.87,99.22,114000,77.87,Realty Executives North Star,RE/MAX Real Estate,7,45,0.0,1844KS,"9516 75 Street NW, Edmonton, Alberta, Canada","9516, 75 Street NW, Holyrood, Edmonton, Alberta, T6B 1B5, Canada",53.5347492,-113.4434433
0029952603,COND,Edmonton,Canon Ridge,132 592 HOOKE Road,S,131900,T5A 5H2,2023-05-31,115000,E4331999,72,954.76,88.7,6,2,2,2,0,2.0,Y,2003,APART,E,0.0,N,0,See Remarks,Ravines At Hermitage,FRAME,Laminate Flooring,138.15,1,163,161,72,REMKS,No,120.45,87.19,115000,120.45,MaxWell Polaris,MaxWell Polaris,,,93.99,0323120,"132 592 HOOKE Road, Edmonton, Alberta, Canada",,,
0039056999,SF,Edmonton,Glenridding Ravine,3204 158 Street,S,809900,T6W 5C9,2025-07-29,800000,E4446193,23,2391.85,222.21,10,4,6,4,0,4.0,Y,2022,ST2,S,0.0,Y,0,Double Garage Attached,,FRAME,"Carpet, Ceramic Tile, Vinyl Plank",338.61,3,23,23,23,F-FIN,Yes,334.47,98.78,800000,334.47,MaxWell Polaris,Exp Realty,3,78,451.46,2220102,"3204 158 Street, Edmonton, Alberta, Canada","158 Street, Windermere, Edmonton, Alberta, Canada",53.4128016,-113.5978091
28918548,COND,Edmonton,Oliver,315 9828 112 Street NW,S,192880,T5K 1L4,2003-05-17,185000,E2311181,11,1154.97,107.3,5,2,2,1,0,1.0,N,2001,,E,49.0,N,1,Underground,Grandin Court,FRAME,"Carpet, Ceramic Tile, Hardwood",167.0,1,11,5,5,NBASE,No,160.18,95.91,185000,160.18,MaxWell Challenge Realty,RE/MAX River City,128,,0.0,123123,"315 9828 112 Street NW, Edmonton, Alberta, Canada",,,
11028313,COND,Edmonton,Oliver,1105 9930 113 Street NW,S,157900,T5K 1N6,2009-06-08,153000,E3186686,19,613.54,57.0,4,1,1,1,0,1.0,N,1969,APART,N,0.0,N,0,,Dorchester House,CONCR,"Carpet, Linoleum",257.36,1,19,15,15,,No,249.37,96.9,153000,249.37,Realty Executives Leading,RE/MAX Real Estate,,,0.0,8722665,"1105 9930 113 Street NW, Edmonton, Alberta, Canada",,,
0036450393,SF,Edmonton,Secord,9832 222 Street,S,750000,T5T 4P6,2024-05-25,740000,E4379657,54,2804.75,260.57,11,3,4,3,1,3.1,Y,2017,ST2,E,0.0,N,0,Double Garage Attached,,FRAME,"Carpet, Ceramic Tile, Vinyl Plank",267.4,3,54,54,54,F-FIN,Yes,263.84,98.67,740000,263.84,Homes & Gardens Real Estate Limited,RE/MAX Excellence,22,21,387.13,1425542,"9832 222 Street, Edmonton, Alberta, Canada","222 Street NW, Winterburn Industrial Area West, Northwest Industrial, Edmonton, Alberta, T5S 0K5, Canada",53.5609289,-113.699855
35866821,COND,Edmonton,Larkspur,216 2203 44 Avenue,S,236900,T6T 0T1,2018-12-16,218000,E4131753,73,943.99,87.7,5,2,2,2,0,2.0,Y,2013,APART,W,0.0,N,1,"Heated, Underground",Aspen Meadows,FRAME,"Carpet, Ceramic Tile, Hardwood",250.95,1,73,73,73,NBASE,No,230.93,92.02,218000,230.93,Zolo Realty,YEGPro Realty,,,75.69,1324408,"216 2203 44 Avenue, Edmonton, Alberta, Canada",,,
28737765,SF,Edmonton,Terwillegar Towne,4128 Tompkins Way,S,379900,T6R 3B4,2017-09-30,360000,E4075165,67,1462.06,135.83,3,3,3,2,1,2.1,Y,2001,ST2,S,0.0,N,0,Double Garage Detached,,FRAME,"Carpet, Hardwood, Linoleum",259.84,2,159,158,67,U-FIN,Yes,246.23,94.76,360000,246.23,Royal Lepage Summit Realty,RE/MAX Real Estate,40,37,0.0,120455,"4128 Tompkins Way, Edmonton, Alberta, Canada","4128, Tompkins Way NW, Terwillegar Towne, Terwillegar Community, Terwillegar Heights, Edmonton, Alberta, T6R 2W8, Canada",53.4475921,-113.5804883
12341616,COND,Edmonton,Hairsine,14015 30 Street,S,174900,T5Y 1R5,2014-08-12,172000,E3383651,28,1098.89,102.09,6,3,3,1,0,1.0,N,1979,ST2,N,0.0,N,0,Stall,Sable Chase,FRAME,"Carpet, Ceramic Tile, Laminate Flooring",159.16,2,28,28,28,P-FIN,No,156.52,98.34,172000,156.52,RE/MAX Elite,Schmidt Realty Group Inc,,,246.1,8021010,"14015 30 Street, Edmonton, Alberta, Canada","30 Street NW, Larkspur, West Meadows, The Meadows, Edmonton, Alberta, T6T 1J9, Canada",53.4775132,-113.3869873
11652435,COND,Edmonton,Crawford Plains,6 1503 MILL WOODS Road E,S,159900,T6L 4C2,2015-07-20,159900,E3413435,81,1097.92,102.0,2,2,2,1,0,1.0,N,1980,BUNG,E,0.0,N,0,,Tamarack South,FRAME,"Laminate Flooring, Linoleum",145.64,1,81,79,79,,No,145.64,100.0,159900,145.64,Liv Real Estate,RE/MAX River City,,,187.33,8222470,"6 1503 MILL WOODS Road E, Edmonton, Alberta, Canada",,,
32209835,COND,Edmonton,The Hamptons,324 5340 199 Street,S,209900,T6M 0A5,2009-06-08,205000,E3184416,36,909.55,84.5,4,2,2,2,0,2.0,Y,2005,APART,N,0.0,N,1,"Stall, Underground, See Remarks",Park Place Hamptons,FRAME,"Carpet, Linoleum",230.77,1,36,33,33,REMKS,No,225.39,97.67,205000,225.39,Royal Lepage Arteam Realty,Realty Executives Synergy,,,1.89,720611,"324 5340 199 Street, Edmonton, Alberta, Canada",,,
29927506,COND,Edmonton,Downtown,509 10134 100 Street,S,132950,T5J 0N8,2006-02-24,130000,E3049237,31,528.51,49.1,3,1,1,1,0,1.0,N,1993,LOFT,W,0.0,N,0,,Mcleod Building,CONCR,"Ceramic Tile, Hardwood",251.56,1,31,31,31,NBASE,No,245.98,97.78,130000,245.98,Royal Lepage Noralta Real Estate,MaxWell Devonshire Realty,42,,10.56,322757,"509 10134 100 Street, Edmonton, Alberta, Canada",,,
12558658,SF,Edmonton,Daly Grove,3827 21 Avenue,S,334900,T6L 4T4,2020-06-01,315000,E4190391,85,1215.46,112.92,3,3,4,3,0,3.0,Y,1990,BLEVL,N,0.0,N,0,"Double Garage Attached, Over Sized",,FRAME,"Carpet, Ceramic Tile, Hardwood",275.53,2,85,85,85,F-FIN,Yes,259.16,94.06,315000,259.16,Initia Real Estate,RE/MAX Excellence,19,28,806.29,7823016,"3827 21 Avenue, Edmonton, Alberta, Canada","3827, 21 Avenue NW, Daly Grove, Southwood, Mill Woods, Edmonton, Alberta, T6L 2R2, Canada",53.4525828,-113.4004297
0033019076,COND,Edmonton,Balwin,102 13035 69 Street,S,84900,T5C 0H5,2024-10-18,80700,E4408382,19,680.82,63.25,4,1,1,1,0,1.0,N,1968,APART,E,0.0,N,0,Stall,Balwin Manor,FRAME,Laminate Flooring,124.7,3,19,19,19,NBASE,No,118.53,95.05,80700,118.53,Exp Realty,B.L.M. REALTY,,,110.88,0820868,"102 13035 69 Street, Edmonton, Alberta, Canada",,,
12493053,SF,Edmonton,Fraser,14723 21 Street,S,329900,T5Y 1S8,2018-05-31,327000,E4112540,7,937.43,87.09,6,3,4,2,1,2.1,Y,1980,BUNG,W,0.0,N,2,"Double Garage Detached, Insulated, Over Sized",,FRAME,"Ceramic Tile, Laminate Flooring, Slate",351.92,2,7,7,7,F-FIN,Yes,348.83,99.12,327000,348.83,RE/MAX Real Estate,MaxWell Polaris,89,16,474.3,7922954,"14723 21 Street, Edmonton, Alberta, Canada","21 Street NW, Larkspur, West Meadows, The Meadows, Edmonton, Alberta, T6T 0B9, Canada",53.4788917,-113.3759035
11838919,SF,Edmonton,Kiniski Gardens,102 KINISKI Crescent NW,S,134500,,2000-03-24,129500,E2005059,15,1038.72,96.5,4,2,3,2,0,2.0,N,1984,SPLT4,S,0.0,N,2,Double Garage Attached,,FRAME,"Carpet, Linoleum",129.49,2,15,14,14,F-FIN,Yes,124.67,96.28,129500,124.67,RE/MAX River City,RE/MAX Real Estate Centre,36,62,0.0,8121673,"102 KINISKI Crescent NW, Edmonton, Alberta, Canada","102, Kiniski Crescent NW, Kiniski Gardens, Burnewood, Mill Woods, Edmonton, Alberta, T6L 5Y6, Canada",53.4786853,-113.4025888
34783928,DUPLEX,Edmonton,Windermere,1121 176 Street,S,399900,T6W 2B7,2021-06-21,410000,E4245516,1,1743.11,161.94,4,3,3,2,1,2.1,Y,2013,ST2,W,0.0,Y,0,Double Garage Attached,,FRAME,"Carpet, Ceramic Tile, Hardwood",229.42,2,1,1,1,U-FIN,No,235.21,102.53,410000,235.21,Liv Real Estate,Century 21 All Stars Realty Ltd,3,92,408.46,1122513,"1121 176 Street, Edmonton, Alberta, Canada","176 Street NW, Thorncliff, West Jasper Place, Edmonton, Alberta, T5T 4M2, Canada",53.5194943,-113.6254729
36947661,SF,Edmonton,Glenridding Heights,16323 18 Avenue,S,659900,T6W 3P6,2019-05-03,638000,E4143094,85,2426.94,225.47,9,3,3,2,1,2.1,Y,2018,ST2,N,0.0,Y,0,Double Garage Attached,,FRAME,"Carpet, Ceramic Tile, Engineered Wood",271.91,2,85,85,85,U-FIN,Yes,262.88,96.68,638000,262.88,NuCasa Realty Group Ltd,Century 21 Signature Realty,3,60,405.75,1525107,"16323 18 Avenue, Edmonton, Alberta, Canada","18 Avenue NW, Daly Grove, Southwood, Mill Woods, Edmonton, Alberta, T6L 2N7, Canada",53.4477347,-113.3960841
28924950,COND,Edmonton,Garneau,1002 11111 82 Avenue NW,S,478000,,2003-05-31,400000,E2309892,33,2314.24,215.0,7,3,3,2,0,2.0,N,2000,ST2,S,0.0,Y,2,Underground,Properties On Whyte,BLOCK,"Carpet, Hardwood",206.55,2,33,32,32,NBASE,No,172.84,83.68,400000,172.84,MaxWell Devonshire Realty,RE/MAX Real Estate,156,,0.0,123147,"1002 11111 82 Avenue NW, Edmonton, Alberta, Canada",,,
10614725,SF,Edmonton,Grovenor,10118 143 Street,S,654800,T5N 2R9,2006-01-25,650000,E3048647,11,2184.0,202.9,6,3,3,2,0,2.0,Y,2004,ST1.5,E,0.0,Y,2,"Double Garage Attached, Over Sized",,FRAME,"Hardwood, Non-Ceramic Tile, See Remarks",299.82,2,11,7,7,U-FIN,Yes,297.62,99.27,650000,297.62,MaxWell Devonshire Realty,MaxWell Devonshire Realty,F,8,662.92,4832AH,"10118 143 Street, Edmonton, Alberta, Canada","10118, 143 Street NW, Grovenor, Western Mature Area, Edmonton, Alberta, T5N 2V3, Canada",53.5417899,-113.5675438
15903073,SF,Edmonton,Ritchie,9304 75 Avenue,S,379888,T6E 1H2,2006-11-29,360000,E3073233,34,1550.0,144.0,8,4,5,2,0,2.0,N,1950,ST1.5,S,0.0,Y,2,Double Garage Detached,,FRAME,"Ceramic Tile, Hardwood, Linoleum",245.09,3,48,46,34,F-FIN,Yes,232.26,94.76,360000,232.26,MaxWell Polaris,MaxWell Polaris,16,7,551.62,2262S,"9304 75 Avenue, Edmonton, Alberta, Canada","9304, 75 Avenue NW, Ritchie, Mill Creek South, Greater Strathcona, Edmonton, Alberta, T6C 0K2, Canada",53.5113348,-113.4705355
10105535,COND,Edmonton,Oliver,201 10011 117 Street,S,248800,T5K 1W7,2014-04-08,242000,E3366958,28,1130.21,105.0,5,2,2,1,0,1.0,N,1962,APART,E,0.0,N,0,Stall,Victoria Court,FRAME,"Ceramic Tile, Laminate Flooring",220.14,1,28,16,16,NBASE,No,214.12,97.27,242000,214.12,RE/MAX Real Estate,RE/MAX Real Estate,,,57.38,8823082,"201 10011 117 Street, Edmonton, Alberta, Canada",,,
39022009,DUPLEX,Edmonton,Rosenthal,22106 81A Avenue,S,599900,T5T 7M6,2023-07-07,605000,E4338805,64,1318.58,122.5,6,1,3,2,1,2.1,Y,2023,BUNG,S,0.0,Y,0,"Double Garage Attached, Front Drive Access",,FRAME,"Carpet, Non-Ceramic Tile, Vinyl Plank",454.96,2,64,64,64,F-FIN,Yes,458.83,100.85,605000,458.83,Century 21 All Stars Realty Ltd,RE/MAX River City,21,104,425.94,2122790,"22106 81A Avenue, Edmonton, Alberta, Canada","81A Avenue NW, Aldergrove, West Jasper Place, Edmonton, Alberta, T5T 6J1, Canada",53.5140964,-113.6484232
19383366,SF,Edmonton,Bergman,12221 49 Street,S,139900,T5W 3A7,2002-11-20,137000,E2223881,8,1085.0,100.8,6,3,3,1,0,1.0,N,1964,BUNG,W,15.8,N,2,"Double Garage Detached, Heated, Insulated",,FRAME,"Carpet, Linoleum",128.94,1,8,5,5,U-FIN,Yes,126.27,97.93,137000,126.27,All-Banners Realty,Royal Lepage Arteam Realty,39,12,0.0,3049KS,"12221 49 Street, Edmonton, Alberta, Canada","12221, 49 Street NW, Beacon Heights, Bergman, Beverly, Edmonton, Alberta, T5W 1M8, Canada",53.5773683,-113.4166628
16901480,SF,Edmonton,Ekota,1971 68 Street,S,345000,T6K 2J1,2016-02-18,345000,E4007183,13,890.17,82.7,5,2,4,2,0,2.0,N,1975,BLEVL,S,0.0,Y,2,"Double Garage Detached, Heated, Insulated, Over Sized",,FRAME,"Ceramic Tile, Laminate Flooring",387.56,2,13,12,12,F-FIN,Yes,387.56,100.0,345000,387.56,RE/MAX Real Estate Centre,Royal Lepage Noralta Real Estate,17,91,0.0,5261TR,"1971 68 Street, Edmonton, Alberta, Canada","1971, 68 Street NW, Ekota, Knottwood, Mill Woods, Edmonton, Alberta, T6K 2P5, Canada",53.4505679,-113.4363845
12034781,COND,Edmonton,Daly Grove,33 3812 20 Avenue NW,S,88900,T6L 4B2,2002-04-12,94700,E2206509,4,1087.15,101.0,6,3,3,1,1,1.1,N,1980,ST2,S,0.0,N,0,Stall,Tamarack Park,FRAME,"Linoleum, Wall to Wall Carpet",81.77,2,4,3,3,U-FIN,No,87.11,106.52,94700,87.11,RE/MAX River City,RE/MAX Advantage,28,,0.0,8120611,"33 3812 20 Avenue NW, Edmonton, Alberta, Canada",,,
0029231701,SF,Edmonton,Breckenridge Greens,2091 BRENNAN Crescent,S,449900,T5T 6S4,2021-12-24,425000,E4262808,100,1907.58,177.22,8,3,4,3,1,3.1,Y,2003,ST2,NW,11.0,Y,2,"Double Garage Attached, Front Drive Access, Insulated",,FRAME,"Ceramic Tile, Hardwood, Laminate Flooring",235.85,3,100,100,100,F-FIN,Yes,222.8,94.47,425000,222.8,RE/MAX River City,RE/MAX House of Real Estate,20,36,417.93,221057,"2091 BRENNAN Crescent, Edmonton, Alberta, Canada","Brennan Crescent NW, Breckenridge Greens, Lewis Estates, Lewis Farms, Edmonton, Alberta, T5T 4B7, Canada",53.5185809,-113.6836289
12445715,SF,Edmonton,Satoo,1061 82 Street,S,279000,T6K 1X5,2006-08-24,275000,E3065607,17,1248.61,116.0,6,3,3,1,1,1.1,Y,1975,BUNG,W,0.0,N,2,Double Garage Detached,,FRAME,"Carpet, Linoleum",223.45,1,17,16,16,U-FIN,Yes,220.24,98.57,275000,220.24,Royal Lepage Noralta Real Estate,RE/MAX Real Estate,3,30,568.87,4999TR,"1061 82 Street, Edmonton, Alberta, Canada","1061, 82 Street NW, Satoo, Knottwood, Mill Woods, Edmonton, Alberta, T6K 2C6, Canada",53.441615,-113.4570998
19649888,SF,Edmonton,Queen Mary Park,10998 118 Street,S,399000,T5H 3N9,2020-06-11,388000,E4185712,132,943.99,87.7,5,2,3,2,0,2.0,N,1952,BUNG,SE,0.0,N,2,"Double Garage Detached, Insulated",,FRAME,"Hardwood, Linoleum",422.67,1,269,269,132,P-FIN,Yes,411.02,97.24,388000,411.02,RE/MAX Excellence,RE/MAX Excellence,18,310,1079.03,2674HW,"10998 118 Street, Edmonton, Alberta, Canada","10998, 118 Street NW, Queen Mary Park, Central Core, Edmonton, Alberta, T5H 3P5, Canada",53.5578161,-113.5254325
0019364678,SF,Edmonton,Jasper Park,9106 154 Street,S,379000,T5R 1T3,2022-05-27,385000,E4294625,9,1124.5,104.47,6,3,5,1,1,1.1,Y,1959,BUNG,E,0.0,N,2,"Double Garage Detached, Over Sized",,FRAME,"Carpet, Ceramic Tile, Vinyl Plank",337.04,2,9,8,8,F-FIN,Yes,342.37,101.58,385000,342.37,MaxWell Challenge Realty,RE/MAX River City,5,23,586.38,3065KS,"9106 154 Street, Edmonton, Alberta, Canada","9106, 154 Street NW, Jasper Park, Jasper Place, Edmonton, Alberta, T5R 1Y9, Canada",53.5251546,-113.5869623
13719109,COND,Edmonton,Sakaw,1508 54 Street,S,264000,T6L 6H4,2017-02-13,259000,E4044800,77,1047.11,97.28,5,2,2,2,1,2.1,Y,1989,BUNG,N,0.0,N,2,Double Garage Attached,Springs Carrington,FRAME,"Carpet, Laminate Flooring, Linoleum",252.12,2,77,77,77,F-FIN,Yes,247.35,98.11,259000,247.35,RE/MAX Real Estate,Royal Lepage Noralta Real Estate,,,0.0,9021382,"1508 54 Street, Edmonton, Alberta, Canada","1508, 54 Street NW, Sakaw, Millhurst, Mill Woods, Edmonton, Alberta, T6L 3A9, Canada",53.4451005,-113.4245224
24792863,SF,Edmonton,Bulyea Heights,1015 BURNS Close,S,319000,T6R 2L1,2004-08-15,316000,E3005631,45,2506.91,232.9,8,3,5,2,0,2.0,Y,1993,ST2,N,13.1,Y,2,Double Garage Attached,,FRAME,"Linoleum, Wall to Wall Carpet",127.25,2,160,157,44,F-FIN,Yes,126.05,99.06,316000,126.05,Century 21 All Stars Realty Ltd,MaxWell Polaris,130,47,588.85,9320905,"1015 BURNS Close, Edmonton, Alberta, Canada","1015, Burns Close NW, Bulyea Heights, Riverbend, Edmonton, Alberta, T6R 2L4, Canada",53.480284,-113.5686659
10209575,SF,Edmonton,West Meadowlark Park,16807 95 Avenue,S,350000,T5P 0B2,2015-03-30,330000,E3404315,33,1207.71,112.2,6,3,4,2,1,2.1,Y,1965,BUNG,N,0.0,N,0,"Double Garage Detached, Heated",,FRAME,"Carpet, Linoleum, See Remarks",289.8,2,33,30,30,F-FIN,Yes,273.24,94.29,330000,273.24,RE/MAX Elite,Exit Realty Solutions,4,77,0.0,6378MC,"16807 95 Avenue, Edmonton, Alberta, Canada","16807, 95 Avenue NW, West Meadowlark Park, Jasper Place, Edmonton, Alberta, T5P 1W8, Canada",53.5314603,-113.612555
16723710,SF,Edmonton,Delwood,7012 132 Avenue,S,318888,T5C 2A6,2017-05-13,312000,E4061633,12,1022.57,95.0,6,3,4,2,0,2.0,N,1966,BUNG,S,0.0,N,2,"Double Garage Detached, Over Sized, RV Parking",,FRAME,"Carpet, Carpet Over Hardwood, Linoleum",311.85,2,12,12,12,F-FIN,Yes,305.11,97.84,312000,305.11,MaxWell Polaris,Century 21 A.L.L. Stars Realty Ltd,12,42,0.0,5587MC,"7012 132 Avenue, Edmonton, Alberta, Canada","7012, 132 Avenue NW, Delwood, Northern Mature Area, Edmonton, Alberta, T5C 2A7, Canada",53.5924633,-113.449716
17637208,DUPLEX,Edmonton,King Edward Park,7604-7606 75 Street NW,S,495000,T6C 2E9,2019-09-02,471000,E4166497,45,1839.87,170.93,5,3,3,1,0,1.0,N,1967,BUNG,E,0.0,N,0,Rear Drive Access,,FRAME,"Carpet, Linoleum",269.04,1,45,45,45,U-FIN,No,256.0,95.15,471000,256.0,Royal Lepage Arteam Realty,Willes Real Estate,57,20A,795.0,4456NY,"7604-7606 75 Street NW, Edmonton, Alberta, Canada","75 Street NW, King Edward Park, Mill Creek South, Edmonton, Alberta, T6C 4A6, Canada",53.5132359,-113.4433577
11252731,SF,Edmonton,Lago Lindo,120 LAGO LINDO Crescent NW,S,144900,T5Z 1V3,2001-07-13,142000,E2113184,38,1171.11,108.8,6,3,4,2,0,2.0,N,1987,SPLT4,W,0.0,N,2,Double Garage Detached,,FRAME,"Carpet, Ceramic Tile, Linoleum",123.73,2,38,36,36,P-FIN,Yes,121.25,98.0,142000,121.25,Royal Lepage Arteam Realty,Coldwell Banker/Panda Realty,1,35,0.0,8322152,"120 LAGO LINDO Crescent NW, Edmonton, Alberta, Canada","120, Lago Lindo Crescent NW, Lago Lindo, Lake District, Edmonton, Alberta, T5X 5L1, Canada",53.6297944,-113.4880748
11548056,SF,Edmonton,Lago Lindo,9335 176 Avenue,S,349900,T5Z 2C4,2015-02-08,349900,E3400338,14,1040.01,96.62,6,3,4,2,1,2.1,Y,1982,BUNG,N,0.0,Y,2,Double Garage Detached,,FRAME,"Hardwood, Linoleum",336.44,2,14,13,13,F-FIN,Yes,336.44,100.0,349900,336.44,RE/MAX Excellence,Royal Lepage Premier Real Estate,89,26,0.0,8221577,"9335 176 Avenue, Edmonton, Alberta, Canada","9335, 176 Avenue NW, Lago Lindo, Lake District, Edmonton, Alberta, T5Z 2Z1, Canada",53.6380776,-113.4858062
0031358542,SF,Edmonton,South Terwillegar,6332 SANDIN Way,S,449999,T6R 0G2,2019-09-18,440000,E4171739,19,1623.73,150.85,6,3,3,3,1,3.1,Y,2006,ST2,S,0.0,N,0,Double Garage Attached,,FRAME,"Ceramic Tile, Hardwood",277.14,3,19,19,19,F-FIN,Yes,270.98,97.78,440000,270.98,RE/MAX River City,The Good Real Estate Company,4,6,450.13,525687,"6332 SANDIN Way, Edmonton, Alberta, Canada","6332, Sandin Way NW, South Terwillegar, Terwillegar Community, Terwillegar Heights, Edmonton, Alberta, T6R 0E9, Canada",53.441325,-113.5683632
15107592,SF,Edmonton,Malmo Plains,11320 50 Avenue NW,S,157500,T6H 0J3,2001-03-08,159000,E2105303,0,1272.29,118.2,6,3,4,1,1,1.1,N,1963,BUNG,S,0.0,N,2,Double Garage Detached,,FRAME,"Carpet, Linoleum",123.79,1,0,0,0,F-FIN,Yes,124.97,100.95,159000,124.97,RE/MAX Excellence,RE/MAX Real Estate,9,31,0.0,5397MC,"11320 50 Avenue NW, Edmonton, Alberta, Canada","11320, 50 Avenue NW, Malmo Plains, Edmonton, Alberta, T6H 3M1, Canada",53.4874039,-113.5237049
0031099039,COND,Edmonton,Boyle Street,206 9120 106 Avenue,S,49900,T5H 0M9,2024-05-16,50000,E4385718,11,565.32,52.52,4,1,1,1,0,1.0,N,1969,APART,NW,0.0,N,1,Stall,Commonwealth Court,FRAME,Vinyl Plank,88.27,3,11,11,11,NBASE,No,88.45,100.2,50000,88.45,MaxWell Progressive,MaxWell Progressive,,,63.22,0523040,"206 9120 106 Avenue, Edmonton, Alberta, Canada",,,
35952373,DUPLEX,Edmonton,Walker,3508 WEIDLE Way,S,437000,T6X 1A3,2022-12-16,431000,E4321242,18,1351.62,125.57,6,3,3,2,1,2.1,Y,2015,ST2,SW,0.0,Y,0,Double Garage Attached,,FRAME,"Carpet, Ceramic Tile, Hardwood",323.32,3,146,146,18,F-FIN,Yes,318.88,98.63,431000,318.88,Exp Realty,RE/MAX Elite,15,24,0.0,1325137,"3508 WEIDLE Way, Edmonton, Alberta, Canada","Weidle Way SW, Walker, Southeast, Edmonton, Alberta, T6X 1A1, Canada",53.4116054,-113.4417317
0016279218,SF,Edmonton,Kilkenny,14715 73 Street,S,399000,T5V 0C7,2024-08-22,414000,E4401173,14,1115.14,103.6,7,3,5,2,0,2.0,N,1969,BLEVL,W,0.0,N,2,Double Garage Detached,,FRAME,"Carpet, Ceramic Tile, Vinyl Plank",357.8,2,14,14,14,F-FIN,Yes,371.25,103.76,414000,371.25,RE/MAX River City,Exp Realty,27,5,557.29,6143NY,"14715 73 Street, Edmonton, Alberta, Canada","14715, 73 Street NW, Kilkenny, Londonderry, Northern Mature Area, Edmonton, Alberta, T5C 0R9, Canada",53.6089006,-113.4526103
31458169,SF,Edmonton,The Hamptons,20331 46 Avenue,S,499900,T6M 0A7,2008-01-05,490000,E3116545,94,2078.72,193.12,7,3,3,2,1,2.1,Y,2007,ST2,E,0.0,Y,2,Double Garage Attached,,FRAME,"Carpet, Ceramic Tile, Hardwood",240.48,2,94,89,89,U-FIN,Yes,235.72,98.02,490000,235.72,Realty Executives Synergy,Realty Executives Synergy,7,99,402.62,526418,"20331 46 Avenue, Edmonton, Alberta, Canada","20331, 46 Avenue NW, The Hamptons, The Grange, Edmonton, Alberta, T6M 2Z7, Canada",53.4835688,-113.6733105
39830211,DUPLEX,Edmonton,Keswick Area,1272 KESWICK Drive,S,439900,T6W 5P2,2025-06-30,428000,E4441985,18,1647.95,153.1,8,3,3,2,1,2.1,Y,2025,ST2,S,0.0,N,2,Double Garage Detached,No Name,FRAME,"Carpet, Laminate Flooring, Non-Ceramic Tile",266.94,2,18,18,18,U-FIN,Yes,259.72,97.29,428000,259.72,Century 21 All Stars Realty Ltd,Century 21 All Stars Realty Ltd,13,46,0.0,2420581,"1272 KESWICK Drive, Edmonton, Alberta, Canada","1272, Keswick Drive SW, Keswick, Windermere, Edmonton, Alberta, T6W 4Z9, Canada",53.4174078,-113.6395065
11592004,COND,Edmonton,Baturyn,128 16725 106 Street,S,177500,T5X 5G5,2019-06-10,169000,E4152674,54,990.28,92.0,6,3,3,1,0,1.0,N,1981,BUNG,NW,0.0,N,0,"Front Drive Access, Parking Pad Cement/Paved",Castle Crescent,FRAME,"Carpet, Laminate Flooring, Linoleum",179.24,2,312,306,53,P-FIN,No,170.66,95.21,169000,170.66,Re/Max Select,Royal Lepage Noralta Real Estate,,,329.88,8220783,"128 16725 106 Street, Edmonton, Alberta, Canada",,,
11460763,SF,Edmonton,Lymburn,18335 76 Avenue,S,319800,T5T 3Y9,2017-08-16,318000,E4076089,14,914.93,85.0,5,2,3,2,0,2.0,N,1982,SPLT4,NW,0.0,N,0,Double Garage Detached,,FRAME,"Carpet, Laminate Flooring",349.53,4,14,15,15,F-FIN,Yes,347.57,99.44,318000,347.57,RE/MAX River City,MaxWell Progressive,20,106,0.0,8222116,"18335 76 Avenue, Edmonton, Alberta, Canada","18335, 76 Avenue NW, Lymburn, West Jasper Place, Edmonton, Alberta, T5T 5T7, Canada",53.5089718,-113.639876
14151443,COND,Edmonton,Downtown,302 9923 103 Street,S,279900,T5K 2J3,2020-03-31,267500,E4189851,27,1298.13,120.6,5,2,2,2,0,2.0,Y,1977,APART,S,0.0,N,0,Underground,Valley Towers,CONCR,Engineered Wood,215.62,1,27,27,27,NBASE,No,206.07,95.57,267500,206.07,RE/MAX Real Estate,MaxWell Progressive,,,34.25,7722128,"302 9923 103 Street, Edmonton, Alberta, Canada",,,
11547594,COND,Edmonton,Oliver,404 9917 110 Street,S,86900,T5K 2N4,2004-10-14,80000,E3008590,63,559.72,52.0,4,1,1,1,0,1.0,N,1981,APART,W,0.0,N,1,Underground,Rosedale Place,PREFB,"Carpet, Linoleum",155.26,1,63,62,62,NBASE,Yes,142.93,92.06,80000,142.93,RE/MAX Excellence,RE/MAX Excellence,,24,17.56,8321571,"404 9917 110 Street, Edmonton, Alberta, Canada",,,
0033580268,COND,Edmonton,Glastonbury,113 6925 199 Street,S,149900,T5T 3X8,2023-10-12,145000,E4336626,177,575.44,53.46,4,1,1,1,0,1.0,N,2008,APART,W,0.0,N,1,"Heated, Parkade, Underground",Terra Sol Court,STEEL,"Ceramic Tile, Vinyl Plank",260.5,1,177,175,175,NBASE,No,251.98,96.73,145000,251.98,Liv Real Estate,MaxWell Polaris,,,0.0,0829153,"113 6925 199 Street, Edmonton, Alberta, Canada",,,
0039146915,SF,Edmonton,Holyrood,9646 83 Street,S,1049000,T6C 3A2,2024-07-04,1020000,E4381908,83,2393.78,222.39,8,3,4,3,2,3.2,Y,2023,ST2.5,E,0.0,Y,0,Double Garage Detached,,FRAME,"Carpet, Ceramic Tile, Hardwood",438.22,4,236,235,83,F-FIN,Yes,426.1,97.24,1020000,426.1,RE/MAX Excellence,RE/MAX River City,1,7A,350.85,2220981,"9646 83 Street, Edmonton, Alberta, Canada","83 Street NW, French Quarter, Bonnie Doon, Edmonton, Alberta, T6C 1L1, Canada",53.5242252,-113.4566217
19146760,SF,Edmonton,Strathcona,9665 87 Avenue,S,485000,T6C 1K5,2017-06-20,486000,E4068028,13,1404.04,130.44,5,1,1,2,0,2.0,Y,1985,ST2,N,0.0,Y,0,"No Garage, On Street",,FRAME,"Carpet, Ceramic Tile, Hardwood",345.43,2,13,13,13,F-FIN,No,346.14,100.21,486000,346.14,RE/MAX Elite,RE/MAX Excellence,5,15,349.97,2368Q,"9665 87 Avenue, Edmonton, Alberta, Canada","9665, 87 Avenue NW, Strathcona, Greater Strathcona, Edmonton, Alberta, T6C 0Z8, Canada",53.5224448,-113.479023
34280818,SF,Edmonton,Montrose,12125 65 Street,S,429000,T5W 3K1,2020-08-06,429000,E4206719,5,1456.89,135.35,6,3,4,3,1,3.1,Y,2011,ST2,W,0.0,N,2,"Double Garage Detached, Over Sized",,FRAME,"Carpet, Ceramic Tile, Vinyl Plank",294.46,3,5,5,5,F-FIN,Yes,294.46,100.0,429000,294.46,RE/MAX Real Estate,MaxWell Polaris,31,25,376.59,5119AC,"12125 65 Street, Edmonton, Alberta, Canada","12125, 65 Street NW, Montrose, Greater Highlands, Edmonton, Alberta, T5W 4C7, Canada",53.5757309,-113.4412131
29054319,SF,Edmonton,Belmont,3608 130 Avenue,S,414900,T5G 5G1,2013-08-07,400000,E3339336,72,1345.49,125.0,4,2,4,3,0,3.0,Y,2002,BLEVL,W,0.0,Y,2,Double Garage Attached,,FRAME,"Carpet, Hardwood",308.36,2,72,71,71,F-FIN,Yes,297.29,96.41,400000,297.29,Liv Real Estate,MaxWell Challenge Realty,27,41,877.4,124975,"3608 130 Avenue, Edmonton, Alberta, Canada","3608, 130 Avenue NW, Belmont, South Clareview, Clareview, Edmonton, Alberta, T5A 3T1, Canada",53.5896149,-113.3966125
27723113,SF,Edmonton,Terwillegar Towne,1864 TUFFORD Way,S,392500,T6R 2W4,2020-02-25,388000,E4187575,11,1092.75,101.52,5,2,3,2,0,2.0,N,2001,SPLT4,S,0.0,N,0,Double Garage Detached,,FRAME,"Carpet, Hardwood",359.19,3,11,11,11,U-FIN,Yes,355.07,98.85,388000,355.07,Liv Real Estate,The Good Real Estate Company,29,79,374.21,9825885,"1864 TUFFORD Way, Edmonton, Alberta, Canada","1864, Tufford Way NW, Terwillegar Towne, Terwillegar Community, Terwillegar Heights, Edmonton, Alberta, T6R 2W8, Canada",53.4499071,-113.582708
11839652,COND,Edmonton,Sakaw,46 1415 62 Street NW,S,74900,T6L 4K1,2001-02-03,71000,E2101358,18,1148.51,106.7,6,3,3,1,1,1.1,N,1981,ST2,E,0.0,Y,0,Stall,Arbour Glen,FRAME,"Carpet, Linoleum",65.22,2,18,15,15,U-FIN,No,61.82,94.79,71000,61.82,Royal Lepage Arteam Realty,Royal Lepage Arteam Realty,46,,0.0,8121793,"46 1415 62 Street NW, Edmonton, Alberta, Canada",,,
30129142,COND,Edmonton,Central Mcdougall,10514 108 Avenue NW,S,292500,T5H 4M8,2015-03-24,290000,E3405835,14,1264.97,117.52,6,3,3,1,2,1.2,Y,2003,ST2,S,0.0,N,1,Single Garage Attached,McDougall Landing,FRAME,"Linoleum, Wall to Wall Carpet",231.23,2,14,13,13,U-FIN,Yes,229.25,99.15,290000,229.25,RE/MAX River City,NOW Real Estate Group,,,286.38,324959,"10514 108 Avenue NW, Edmonton, Alberta, Canada","10514, 108 Avenue NW, Central McDougall, Central Core, Edmonton, Alberta, T5H 2Z4, Canada",53.5530741,-113.5019242
12456976,COND,Edmonton,Carlisle,11436 139 Avenue NW,S,53900,T5X 3L4,2000-10-31,53000,E2023936,0,990.28,92.0,6,3,3,1,1,1.1,N,1977,ST2,S,0.0,N,0,Stall,Glamorgan Est,FRAME,"Carpet, Linoleum",54.43,2,0,0,0,U-FIN,No,53.52,98.33,53000,53.52,REALTORSÂ® Association of Edmonton FNIS,REALTORSÂ® Association of Edmonton FNIS,43,,0.0,7923230,"11436 139 Avenue NW, Edmonton, Alberta, Canada","11436, 139 Avenue NW, Carlisle, Castle Downs, Edmonton, Alberta, T5X 4H7, Canada",53.6020807,-113.5183963
11797321,COND,Edmonton,Dunluce,16483A 115 Street,S,264900,T5K 5E8,2007-10-05,250000,E3106566,64,1119.45,104.0,5,3,3,1,1,1.1,N,1981,ST2,S,0.0,N,0,Stall,Dunluce Village,FRAME,"Linoleum, Wall to Wall Carpet",236.63,2,64,64,64,U-FIN,No,223.32,94.38,250000,223.32,RealtyCorp Inc,Jeanne Rouse Realty Inc,30,,238.05,8221011,"16483A 115 Street, Edmonton, Alberta, Canada",,,
12414975,SF,Edmonton,Alberta Avenue,11732 94 Street NW,S,94900,T5G 1J2,2002-06-22,85000,E2209385,42,796.53,74.0,4,2,4,2,0,2.0,N,1947,BUNG,E,10.0,N,2,Double Garage Detached,,FRAME,"Hardwood, Linoleum",119.14,1,42,40,40,REMKS,Yes,106.71,89.57,85000,106.71,RE/MAX Real Estate,RE/MAX Real Estate,33,21,0.0,RN43,"11732 94 Street NW, Edmonton, Alberta, Canada","11732, 94 Street NW, Alberta Avenue, Avenue District, Edmonton, Alberta, T5G 1C8, Canada",53.5695762,-113.4858555
15912942,SF,Edmonton,Bellevue,11133 68 Street,S,299900,T5B 1N4,2015-09-19,285000,E3430391,20,745.94,69.3,5,2,3,1,1,1.1,N,1946,BUNG,W,0.0,N,1,Single Garage Detached,,FRAME,"Carpet, Laminate Flooring",402.04,2,20,20,20,F-FIN,Yes,382.07,95.03,285000,382.07,Homes & Gardens Real Estate Limited,Coldwell Banker Venture Realty,12A,4,548.32,7122ET,"11133 68 Street, Edmonton, Alberta, Canada","11133, 68 Street NW, Bellevue, Greater Highlands, Edmonton, Alberta, T5B 4E4, Canada",53.5629121,-113.4411371
30510540,VLOT,Edmonton,Schonsee,16819 78 Street,S,79900,T5Z 3Y6,2005-01-07,72500,E3016257,48,0.0,0.0,0,0,0,0,0,0.0,N,0,,W,14.48,N,0,,,,,0.0,0,48,48,48,,,0.0,90.74,72500,0.0,Royal Lepage Best Locations,Royal Lepage Best Locations,1,11,528.5,423131,"16819 78 Street, Edmonton, Alberta, Canada","78 Street NW, Crystallina Nera West, Lake District, Edmonton, Alberta, T5Z 3S4, Canada",53.6382253,-113.4614205
17157272,SF,Edmonton,Glenora,10406 138 Street,S,549000,T5N 2J4,2009-07-23,500000,E3180429,112,2167.85,201.4,7,2,2,2,0,2.0,Y,1959,ST2,W,0.0,Y,1,"Single Carport, Single Garage Detached",,FRAME,"Carpet, Linoleum",253.25,3,112,108,108,F-FIN,Yes,230.64,91.07,500000,230.64,RE/MAX Excellence,RE/MAX Excellence,73,2,650.08,3875P,"10406 138 Street, Edmonton, Alberta, Canada","10406, 138 Street NW, Glenora, Western Mature Area, Edmonton, Alberta, T5N 2J6, Canada",53.546517,-113.5600803
26139576,COND,Edmonton,Casselman,14639 52 Street,S,259999,T5A 4Z7,2012-10-19,259000,E3315334,38,1400.38,130.1,6,3,3,2,0,2.0,Y,1994,SPLT2,S,0.0,N,2,Double Garage Attached,Horseshoe Hamlet,FRAME,"Carpet, Ceramic Tile, Laminate Flooring",185.66,4,116,112,35,REMKS,Yes,184.95,99.62,259000,184.95,RE/MAX Elite,RE/MAX Real Estate,,,404.77,9422735,"14639 52 Street, Edmonton, Alberta, Canada","52 Street NW, Newton, Greater Highlands, Edmonton, Alberta, T5A 0B4, Canada",53.580165,-113.4215022
20686614,SF,Edmonton,Royal Gardens,4315 116 Street,S,225000,T6J 1S1,2004-09-29,223000,E3011436,15,1224.93,113.8,5,2,3,2,1,2.1,Y,1965,BUNG,NW,15.2,N,2,"Double Garage Detached, Over Sized",,FRAME,"Linoleum, Wall to Wall Carpet",183.68,0,15,11,11,F-FIN,Yes,182.05,99.11,223000,182.05,Royal Lepage Noralta Real Estate,Royal Lepage Noralta Real Estate,27,22,557.0,1210NY,"4315 116 Street, Edmonton, Alberta, Canada","116 Street NW, Caernarvon, Castle Downs, Edmonton, Alberta, T5X 1T3, Canada",53.6108821,-113.5216467
13971403,DUPLEX,Edmonton,Menisa,1131 80 Street,S,248500,T6K 2R4,2010-05-05,240000,E3221546,8,1009.65,93.8,5,3,3,2,0,2.0,N,1976,BUNG,W,0.0,N,2,Double Garage Detached,,FRAME,"Carpet, Linoleum",246.12,1,8,8,8,P-FIN,Yes,237.71,96.58,240000,237.71,Royal Lepage Noralta Real Estate,Royal Lepage Noralta Real Estate,37,37,464.38,7621269,"1131 80 Street, Edmonton, Alberta, Canada","80 Street NW, Kildare, Londonderry, Northern Mature Area, Edmonton, Alberta, T5E 2V6, Canada",53.6052591,-113.4647984
35406149,SF,Edmonton,Allard,3893 AGAR Green,S,539900,T6W 2G3,2016-04-02,524000,E4004846,74,2185.93,203.08,6,3,3,2,1,2.1,Y,2015,ST2,E,0.0,Y,2,Double Garage Attached,,FRAME,"Carpet, Ceramic Tile, Engineered Wood",246.99,2,153,153,74,U-FIN,Yes,239.71,97.06,524000,239.71,RE/MAX River City,MaxWell Polaris,5,4,0.0,1224039,"3893 AGAR Green, Edmonton, Alberta, Canada","Agar Green SW, Allard, Heritage Valley, Edmonton, Alberta, T6W 0W8, Canada",53.4000607,-113.5309539
0012936209,SF,Edmonton,Newton,11924 51 Street,S,289900,T5W 3G4,2024-06-06,279000,E4388343,17,824.95,76.64,4,1,3,2,0,2.0,N,1954,BUNG,E,0.0,N,2,"Double Garage Detached, Heated, Insulated, Rear Drive Access",,FRAME,"Carpet, Hardwood",351.42,2,17,17,17,F-FIN,Yes,338.2,96.24,279000,338.2,Exp Realty,The Good Real Estate Company,50,6,536.74,3845HW,"11924 51 Street, Edmonton, Alberta, Canada","11924, 51 Street NW, Highlands, Newton, Greater Highlands, Edmonton, Alberta, T5W 3N2, Canada",53.5726263,-113.4201323
20396891,SF,Edmonton,Elmwood,8316 163 St NW,S,320000,T5R 2N4,2019-02-16,315000,E4129178,156,898.79,83.5,6,3,3,1,0,1.0,N,1964,BUNG,E,0.0,N,2,"Double Garage Detached, Front/Rear Drive Access, Heated",,FRAME,Hardwood,356.04,1,156,156,156,U-FIN,Yes,350.47,98.44,315000,350.47,2% Realty Pro,Liv Real Estate,19,42,0.0,582MC,"8316 163 St NW, Edmonton, Alberta, Canada","163 Street NW, Britannia Youngstown, Jasper Place, Edmonton, Alberta, T5P 3N5, Canada",53.5462505,-113.6026488
0034711044,COND,Edmonton,Ambleside,421 304 AMBLESIDE Link,S,210000,T6W 0V2,2022-02-02,195000,E4258054,177,858.21,79.73,5,2,2,2,0,2.0,Y,2010,APART,S,0.0,N,1,Underground,L'Attitude Studios,FRAME,"Carpet, Laminate Flooring, Linoleum",244.7,1,300,299,177,NBASE,No,227.22,92.86,195000,227.22,RE/MAX Elite,RE/MAX Elite,,,0.0,1121464,"421 304 AMBLESIDE Link, Edmonton, Alberta, Canada",,,
0010228310,SF,Edmonton,Mcleod,15223 59 Street,S,370000,T5A 1Y6,2023-06-22,362000,E4342299,28,1102.87,102.46,6,3,3,1,1,1.1,Y,1971,BUNG,SW,0.0,N,0,"Double Garage Detached, Heated, RV Parking",,FRAME,Vinyl Plank,335.49,1,28,28,28,U-FIN,Yes,328.23,97.84,362000,328.23,RE/MAX Real Estate,RE/MAX Real Estate,42,27,848.47,5782NY,"15223 59 Street, Edmonton, Alberta, Canada","15223, 59 Street NW, McLeod, Casselman-Steele Heights, Edmonton, Alberta, T5A 1Y3, Canada",53.6136337,-113.4317795
36747947,DUPLEX,Edmonton,Cavanagh,2614 Casey Way,S,329900,T6W 3N2,2017-03-06,317000,E4047107,56,1434.83,133.3,6,3,3,2,1,2.1,Y,2016,ST2,NW,7.5,N,1,Single Garage Attached,,FRAME,"Carpet, Laminate Flooring, Non-Ceramic Tile",229.92,2,56,56,56,U-FIN,Yes,220.93,96.09,317000,220.93,Liv Real Estate,Rancho Realty (Edmonton) Ltd,8,129,270.89,152-3223,"2614 Casey Way, Edmonton, Alberta, Canada","Casey Way SW, Cavanagh, Heritage Valley, Edmonton, Alberta, T6W 2P6, Canada",53.4095547,-113.5046584
12558467,SF,Edmonton,La Perle,18228 98A Avenue,S,395000,T5T 4T6,2021-04-01,395000,E4233133,6,1256.69,116.75,6,3,4,3,0,3.0,Y,1985,SPLT4,S,0.0,N,0,"Double Garage Attached, Front Drive Access, Heated, Insulated",,FRAME,"Carpet, Linoleum",314.32,3,6,6,6,P-FIN,Yes,314.32,100.0,395000,314.32,RE/MAX Elite,Local Real Estate,48,31,552.85,7922441,"18228 98A Avenue, Edmonton, Alberta, Canada","18228, 98A Avenue NW, La Perle, West Jasper Place, Edmonton, Alberta, T5T 3T9, Canada",53.5344535,-113.6373979
11810009,SF,Edmonton,Belmead,8915 179 Street,S,384900,T5T 0X6,2014-06-05,380000,E3375670,15,1291.67,120.0,5,3,4,2,1,2.1,Y,1975,BUNG,W,0.0,Y,0,"Double Garage Detached, Over Sized",,FRAME,"Carpet, Laminate Flooring, Linoleum",297.99,2,15,15,15,F-FIN,Yes,294.19,98.73,380000,294.19,MaxWell Progressive,Royal Lepage Preferred Real Estate,23,17,1231.34,3498TR,"8915 179 Street, Edmonton, Alberta, Canada","179 Street NW, Belmead, West Jasper Place, Edmonton, Alberta, T5T 2P1, Canada",53.5224899,-113.6313228
10110253,COND,Edmonton,Hillview,118 6103 35A Avenue,S,149900,T6L 1G7,2017-05-06,137000,E4059623,19,1054.97,98.01,4,2,2,1,1,1.1,N,1978,APRTM,N,0.0,N,0,Stall,Gardenwood Terrace,FRAME,"Carpet, Vinyl Plank",142.09,2,201,200,19,NBASE,No,129.86,91.39,137000,129.86,REALTORSÂ® Association of Edmonton,Comfree Commonsense Network,,,0.0,8823107,"118 6103 35A Avenue, Edmonton, Alberta, Canada",,,
10048213,SF,Edmonton,Beverly Heights,4041 117 Avenue,S,289900,T5W 0Y1,2008-09-09,277000,E3148949,90,867.57,80.6,4,2,3,2,0,2.0,N,1955,BUNG,N,0.0,N,1,"Over Sized, Single Garage Detached",,FRAME,"Carpet, Ceramic Tile, Hardwood",334.15,2,90,89,89,REMKS,Yes,319.28,95.55,277000,319.28,MaxWell Devonshire,MaxWell Polaris,8,2,557.03,5083HW,"4041 117 Avenue, Edmonton, Alberta, Canada","4041, 117 Avenue NW, Beverly Heights, Beverly, Edmonton, Alberta, T5W 2K6, Canada",53.569325,-113.405826
14248090,SF,Edmonton,Hillview,6410 34a Avenue NW,S,167800,T6L 1E4,2004-07-10,166000,E3002650,30,1020.42,94.8,5,2,4,2,0,2.0,N,1978,BLEVL,SE,21.0,Y,0,"No Garage, Rear Drive Access",,FRAME,"Carpet, Ceramic Tile, Linoleum",164.44,2,30,30,30,F-FIN,No,162.68,98.93,166000,162.68,Buyer Agent Brian&Co Real Estate,RE/MAX Real Estate,29,57,585.06,7721467,"6410 34a Avenue NW, Edmonton, Alberta, Canada","6410, 34A Avenue NW, Hillview, Woodvale, Mill Woods, Edmonton, Alberta, T6L 6P7, Canada",53.466279,-113.4345976
10849685,SF,Edmonton,Keheewin,10807 19A Avenue,S,399000,T6J 6N7,2012-05-09,385000,E3295507,37,1654.84,153.74,7,3,4,3,1,3.1,Y,1988,ST2,N,0.0,N,2,Double Garage Attached,,FRAME,"Carpet, Ceramic Tile, Hardwood",241.11,3,37,37,37,F-FIN,Yes,232.65,96.49,385000,232.65,Royal Lepage Noralta Real Estate,Realty Executives North Star,7,114,517.63,8820121,"10807 19A Avenue, Edmonton, Alberta, Canada","10807, 19A Avenue NW, Yellowbird, Kaskitayo, Edmonton, Alberta, T6J 7B5, Canada",53.4482746,-113.5072196
16397267,SF,Edmonton,Ottewell,7008 97 Avenue NW,S,180000,I6B 1C7,2003-01-10,176500,E2300099,13,1109.76,103.1,5,3,3,2,0,2.0,N,1960,BUNG,S,16.1,N,2,Double Garage Detached,,FRAME,"Hardwood, Linoleum, Wall to Wall Carpet",162.2,2,13,7,7,F-FIN,Yes,159.04,98.06,176500,159.04,Dunham Team Family Realty,Dunham Team Family Realty,17,49,0.0,6083KS,"7008 97 Avenue NW, Edmonton, Alberta, Canada","7008, 97 Avenue NW, Ottewell, Edmonton, Alberta, T6A 0A6, Canada",53.5366612,-113.4369663
0038704474,COND,Edmonton,Laurel,38 2215 24 Street,S,312900,T6T 1A6,2023-06-26,316201,E4345054,17,1323.64,122.97,6,3,3,2,1,2.1,Y,2020,ST3,W,0.0,N,2,Double Garage Attached,Laurel Landing,FRAME,"Carpet, Vinyl Plank",236.39,3,17,16,16,NBASE,Yes,238.89,101.05,316201,238.89,Exp Realty,Sable Realty,,,197.67,1621541,"38 2215 24 Street, Edmonton, Alberta, Canada",,,
13008396,COND,Edmonton,Ermineskin,304 10524 29 Avenue,S,129900,T6J 4J2,2018-01-31,116000,E4090457,53,981.45,91.18,5,2,2,1,0,1.0,N,1978,APART,N,0.0,Y,0,Stall,Kaskitayo House,FRAME,"Carpet, Laminate Flooring, Linoleum",132.35,1,53,53,53,NBASE,No,118.19,89.3,116000,118.19,Realty Executives Encore,Comfree Commonsense Network,,,0.0,7822678,"304 10524 29 Avenue, Edmonton, Alberta, Canada",,,
30204911,COND,Edmonton,Westmount,433 10407 122 Street,S,299900,T5N 4B8,2018-08-20,290000,E4119966,45,1136.99,105.63,5,2,2,2,0,2.0,Y,2003,APART,W,0.0,N,1,Underground,Glenora Gates,FRAME,"Carpet, Ceramic Tile, Laminate Flooring",263.77,1,45,45,45,NBASE,Yes,255.06,96.7,290000,255.06,RE/MAX River City,RE/MAX Real Estate,,,0.0,325697,"433 10407 122 Street, Edmonton, Alberta, Canada",,,
30982466,SF,Edmonton,Matt Berry,16519 63 Street,S,439900,T5Y 3L4,2009-08-11,435000,E3194022,23,2464.93,229.0,7,3,3,2,1,2.1,Y,2005,ST2,W,8.5,Y,2,Double Garage Attached,,FRAME,"Linoleum, Wall to Wall Carpet",178.46,2,23,21,21,U-FIN,Yes,176.48,98.89,435000,176.48,Realty Executives - Masters,RE/MAX Real Estate,21,1,474.85,521388,"16519 63 Street, Edmonton, Alberta, Canada","63 Street NW, McLeod, Casselman-Steele Heights, Edmonton, Alberta, T5A 2E9, Canada",53.611702,-113.4389163
11267648,COND,Edmonton,Pollard Meadows,58 4610 17 Avenue,S,144900,T6L 5T1,2006-06-06,172000,E3059862,5,1237.85,115.0,6,3,4,1,1,1.1,N,1982,ST2,E,0.0,Y,0,Stall,Gables The (Pollard Md),FRAME,"Ceramic Tile, Linoleum, Wall to Wall Carpet",117.06,2,5,2,2,P-FIN,No,138.95,118.7,172000,138.95,Century 21 All Stars Realty Ltd,Royal Lepage Noralta Real Estate,,42,254.22,832222,"58 4610 17 Avenue, Edmonton, Alberta, Canada",,,
0020229431,SF,Edmonton,Jackson Heights,806 JOHNS Close,S,359900,T6L 6P2,2022-11-15,340000,E4314568,53,1600.38,148.68,7,3,5,2,0,2.0,N,1992,SPLT4,SW,0.0,N,0,"On Street, Single Garage Detached",,FRAME,"Ceramic Tile, Laminate Flooring",224.88,3,53,53,53,P-FIN,Yes,212.45,94.47,340000,212.45,RE/MAX River City,Rimrock Real Estate,12,3,317.07,9123012,"806 JOHNS Close, Edmonton, Alberta, Canada","806, Johns Close NW, Jackson Heights, Burnewood, Mill Woods, Edmonton, Alberta, T6L 6X4, Canada",53.4829172,-113.4035584
38694725,VLOT,Edmonton,Laurel,1751 19 Street,S,298000,T6T 2N1,2023-04-20,270000,E4332444,29,0.0,0.0,0,0,0,0,0,0.0,N,0,,W,0.0,N,0,,,,,0.0,0,29,28,28,,,0.0,90.6,270000,0.0,RE/MAX Elite,RE/MAX Elite,15,10,362.46,2021942,"1751 19 Street, Edmonton, Alberta, Canada","Boyle Street, Central Core, Edmonton, Alberta, Canada",53.5488866,-113.478828
0010284479,COND,Edmonton,Belmead,18014 93 Avenue,S,189900,T5T 1Y1,2023-01-13,183000,E4313494,122,1049.48,97.5,6,3,3,1,1,1.1,N,1977,ST2,W,0.0,N,0,"Off Street, Stall",Primrose Park,FRAME,"Laminate Flooring, Wall to Wall Carpet",180.95,3,122,120,120,P-FIN,No,174.37,96.37,183000,174.37,MaxWell Polaris,RE/MAX River City,,,254.58,7722577,"18014 93 Avenue, Edmonton, Alberta, Canada","18014, 93 Avenue NW, Belmead, West Jasper Place, Edmonton, Alberta, T5T 2Y9, Canada",53.5267634,-113.6345593
0012476446,SF,Edmonton,Fraser,14604 19 Street,S,279900,T5Y 1S7,2023-08-08,275000,E4340573,86,864.45,80.31,5,2,3,1,1,1.1,N,1980,BLEVL,E,0.0,N,0,"Double Garage Detached, Over Sized",,FRAME,"Carpet, Laminate Flooring, Linoleum",323.79,2,86,86,86,P-FIN,Yes,318.12,98.25,275000,318.12,MaxWell Challenge Realty,One Percent Realty,78,13,510.85,7922952,"14604 19 Street, Edmonton, Alberta, Canada","19 Street NW, Laurel, The Meadows, Edmonton, Alberta, T6T 2C1, Canada",53.4482248,-113.3714135
35814037,SF,Edmonton,Windermere,2414 WARE Crescent,S,634900,T6W 2M8,2017-08-11,627500,E4059292,120,2325.0,216.0,7,3,4,3,1,3.1,Y,2015,ST2,E,0.0,N,0,Double Garage Attached,,FRAME,"Carpet, Ceramic Tile, Hardwood",273.07,3,120,120,120,F-FIN,Yes,269.89,98.83,627500,269.89,RE/MAX Elite,RE/MAX Elite,11,7,0.0,1323952,"2414 WARE Crescent, Edmonton, Alberta, Canada","Ware Crescent NW, Windermere Neighbourhood, Windermere, Edmonton, Alberta, T6W 0S4, Canada",53.4421088,-113.616672
36675735,COND,Edmonton,Ambleside,113 320 Ambleside Link,S,274000,T6W 2Z9,2016-03-17,261000,E4007214,40,980.91,91.13,5,2,2,2,0,2.0,Y,2015,APART,SE,0.0,N,2,"Stall, Underground",L'Attitude Studios,FRAME,"Carpet, Ceramic Tile, Engineered Wood",279.33,1,40,39,39,NBASE,No,266.08,95.26,261000,266.08,Sellerinvite.Com (Edmonton),Sellerinvite.Com (Edmonton),,,0.0,1522366,"113 320 Ambleside Link, Edmonton, Alberta, Canada",,,
19407493,SF,Edmonton,Capilano,10815 50 Street,S,365000,T6A 2E3,2010-03-29,363000,E3214269,19,1120.41,104.09,6,3,3,2,0,2.0,N,1958,BUNG,E,0.0,Y,2,Double Garage Detached,,FRAME,"Ceramic Tile, Laminate Flooring",325.77,2,19,19,19,F-FIN,Yes,323.99,99.45,363000,323.99,RE/MAX Real Estate,Dunham Team Realty Inc,65,54,552.24,3002KS,"10815 50 Street, Edmonton, Alberta, Canada","10815, 50 Street NW, Capilano, Greater Hardisty, Edmonton, Alberta, T6A 2G7, Canada",53.5564005,-113.4182603
28597559,SF,Edmonton,Wild Rose,1918 37B Avenue,S,389800,T6T 1R8,2021-11-09,376500,E4266169,28,1521.48,141.35,7,3,3,1,1,1.1,N,2001,ST2,S,0.0,Y,2,Double Garage Attached,,FRAME,Vinyl Plank,256.2,2,140,140,28,U-FIN,Yes,247.46,96.59,376500,247.46,MaxWell Polaris,Royal LePage Noralta Real Estate,50,5,366.89,24159,"1918 37B Avenue, Edmonton, Alberta, Canada","37B Avenue NW, Tamarack, Fulton Meadows, The Meadows, Edmonton, Alberta, T6T 1H9, Canada",53.473762,-113.3653662
26716860,COND,Edmonton,Jackson Heights,114 1670 JAMHA Road NW,S,199700,T6L 7B3,2005-11-17,197700,E3044164,25,1772.81,164.7,6,3,3,2,1,2.1,Y,1997,ST3,W,0.0,Y,2,"Double Garage Attached, Front Drive Access",Tiffany Lane,FRAME,"Carpet, Hardwood, Linoleum",112.65,3,25,24,24,NBASE,Yes,111.52,99.0,197700,111.52,Royal Lepage Noralta Real Estate,RE/MAX Real Estate,14,,239.0,9621804,"114 1670 JAMHA Road NW, Edmonton, Alberta, Canada",,,
16378614,SF,Edmonton,Delwood,13444 DELWOOD Road,S,344900,T5C 3B8,2015-12-23,340000,E4002317,12,1114.06,103.5,6,3,5,2,0,2.0,N,1966,BUNG,SE,0.0,N,2,"Double Garage Detached, Over Sized, RV Parking",,FRAME,"Carpet, Laminate Flooring, Linoleum",309.59,2,122,116,8,F-FIN,Yes,305.19,98.58,340000,305.19,RE/MAX Excellence,MaxWell Progressive,23,22,0.0,1428NY,"13444 DELWOOD Road, Edmonton, Alberta, Canada","13444, Delwood Road NW, Delwood, Northern Mature Area, Edmonton, Alberta, T5E 2V2, Canada",53.5963592,-113.4615774
10219830,SF,Edmonton,Rhatigan Ridge,425 REEVES Crest NW,S,253000,T6R 2A4,2001-04-17,249000,E2107160,19,2174.31,202.0,8,3,3,3,1,3.1,Y,1988,ST2,NE,16.9,Y,2,Double Garage Attached,,FRAME,"Carpet, Ceramic Tile, Hardwood",116.36,3,19,19,19,F-FIN,Yes,114.52,98.42,249000,114.52,Royal Lepage Noralta Real Estate,Royal Lepage Noralta Real Estate,96,38,0.0,8822512,"425 REEVES Crest NW, Edmonton, Alberta, Canada",,,
0030510581,SF,Edmonton,Schonsee,16803 78 Street,S,445000,T5Z 3Y6,2023-07-17,428000,E4342653,51,1501.67,139.51,5,2,4,2,0,2.0,Y,2004,BLEVL,NW,0.0,N,2,Double Garage Attached,,FRAME,"Carpet, Ceramic Tile, Hardwood",296.34,2,51,51,51,F-FIN,Yes,285.02,96.18,428000,285.02,MaxWell Polaris,RE/MAX Real Estate,1,15,701.26,0423131,"16803 78 Street, Edmonton, Alberta, Canada","16803, 78 Street NW, Schonsee, Lake District, Edmonton, Alberta, T5Z 3S4, Canada",53.6293139,-113.462198
14548177,SF,Edmonton,Queen Mary Park,11302 110A Avenue,S,310000,T5H 1K3,2009-02-14,295000,E3173401,16,1264.76,117.5,7,3,5,2,0,2.0,N,1951,BUNG,S,0.0,N,2,"Double Garage Detached, Rear Drive Access, RV Parking",,FRAME,"Ceramic Tile, Linoleum, Wall to Wall Carpet",245.11,2,16,15,15,F-FIN,Yes,233.25,95.16,295000,233.25,MaxWell Challenge Realty,MaxWell Challenge Realty,14A,23,823.02,2109HW,"11302 110A Avenue, Edmonton, Alberta, Canada","11302, 110A Avenue NW, Queen Mary Park, Central Core, Edmonton, Alberta, T5G 0E1, Canada",53.5579175,-113.5161348
36413558,DUPLEX,Edmonton,Laurel,2504 22 Avenue NW,S,509800,T6T 0Y4,2024-12-30,490000,E4411644,66,1857.1,172.53,9,4,4,3,0,3.0,Y,2015,ST2,S,0.0,N,0,Double Garage Attached,,FRAME,"Ceramic Tile, Laminate Flooring, Wall to Wall Carpet",274.51,2,66,66,66,U-FIN,Yes,263.85,96.12,490000,263.85,MaxWell Devonshire Realty,RE/MAX Elite,1,6,279.81,1425229,"2504 22 Avenue NW, Edmonton, Alberta, Canada","22 Avenue NW, Laurel, The Meadows, Edmonton, Alberta, T6T 0R2, Canada",53.4528333,-113.3847133
29269339,COND,Edmonton,Terwillegar Towne,14 1090 TORY Road,S,439900,T5R 3C7,2019-05-30,427000,E4157344,13,1131.72,105.14,4,1,2,2,1,2.1,Y,2002,BUNG,S,0.0,Y,2,Double Garage Attached,Devonshire Village,FRAME,Hardwood,388.7,2,13,13,13,F-FIN,Yes,377.3,97.07,427000,377.3,Lange Realty Ltd,Schmidt Realty Group Inc,,,429.64,221578,"14 1090 TORY Road, Edmonton, Alberta, Canada",,,
16964603,SF,Edmonton,Holyrood,7604 92 Avenue,S,859000,T6C 1R4,2018-05-11,832544,E4106050,26,2368.06,220.0,7,3,3,2,1,2.1,Y,2014,ST2,SE,0.0,Y,2,"Double Garage Attached, Over Sized",,FRAME,"Carpet, Ceramic Tile, Vinyl Plank",362.74,2,117,113,23,U-FIN,Yes,351.57,96.92,832544,351.57,Realty Executives Encore,Century 21 Leading,21,17,0.0,5184HW,"7604 92 Avenue, Edmonton, Alberta, Canada","7604, 92 Avenue NW, Holyrood, Edmonton, Alberta, T6C 1W5, Canada",53.5270687,-113.4451787
12446647,SF,Edmonton,Windermere,216 WINDERMERE Drive,S,1500000,T6W 0S3,2013-03-15,1500000,E3327708,18,3140.91,291.8,7,2,5,3,1,3.1,Y,1989,BUNG,E,0.0,Y,3,"Front Drive Access, Heated, Insulated, Over Sized, Triple Garage Attached",,FRAME,"Ceramic Tile, Hardwood, Wall to Wall Carpet",477.57,2,18,18,18,F-FIN,Yes,477.57,100.0,1500000,477.57,Royal Lepage Preferred Real Estate,Century 21 Platinum Realty,2,28,4099.86,2301MC,"216 WINDERMERE Drive, Edmonton, Alberta, Canada","Windermere Drive NW, Windermere Neighbourhood, Windermere, Edmonton, Alberta, T6W 3G4, Canada",53.4446547,-113.6231102
35301712,DUPLEX,Edmonton,Chappelle Area,553 CHAPPELLE Drive,S,310000,T6W 2B5,2021-05-28,305000,E4244364,12,1096.84,101.9,5,2,2,3,1,3.1,Y,2017,ST2,NW,0.0,N,0,Double Garage Detached,,FRAME,Vinyl Plank,282.63,2,12,13,13,P-FIN,Yes,278.07,98.39,305000,278.07,Mozaic Realty Group,YEGPro Realty,5,49,0.0,1222992,"553 CHAPPELLE Drive, Edmonton, Alberta, Canada","Chappelle Drive, Chappelle, Heritage Valley, Edmonton, Alberta, T6W 2Z2, Canada",53.4063497,-113.557595
29199668,SF,Edmonton,Ritchie,9719 81 Avenue NW,S,259900,T6E 1W1,2004-04-29,252000,E2321054,263,1414.38,131.4,6,3,3,2,1,2.1,N,2003,ST2,N,9.7,N,0,No Garage,,FRAME,"Carpet, Ceramic Tile, Hardwood",183.76,2,263,261,261,U-FIN,No,178.17,96.96,252000,178.17,New Tech Realty,Realty Executives - Masters,55,13,0.0,2700R,"9719 81 Avenue NW, Edmonton, Alberta, Canada","9719, 81 Avenue NW, Ritchie, Mill Creek South, Greater Strathcona, Edmonton, Alberta, T6E 1S8, Canada",53.516853,-113.4807613
16765556,SF,Edmonton,Lynnwood,8111 158 Street NW,S,167000,T5R 2C2,2003-09-11,167000,E2323011,9,1040.87,96.7,6,3,4,2,0,2.0,N,1959,BUNG,W,0.0,N,2,Double Garage Detached,,FRAME,"Hardwood, Linoleum",160.44,2,9,8,8,F-FIN,Yes,160.44,100.0,167000,160.44,RE/MAX Elite,RE/MAX Elite,5,34,0.0,5559KS,"8111 158 Street NW, Edmonton, Alberta, Canada","8111, 158 Street NW, Lynnwood, Jasper Place, Edmonton, Alberta, T5R 4G7, Canada",53.5161436,-113.5946258
35855049,SF,Edmonton,Summerside,2311 71 Street,S,409900,T6W 0J5,2014-11-24,409900,E3393437,43,1573.9,146.22,6,3,3,2,1,2.1,Y,2014,ST2,W,7.7,N,0,Parking Pad Cement/Paved,,FRAME,"Carpet, Hardwood, Non-Ceramic Tile",260.44,2,43,37,37,U-FIN,No,260.44,100.0,409900,260.44,REALTORSÂ® Association of Edmonton,Jayman Realty (Edm.) Inc,60,9,269.51,1324301,"2311 71 Street, Edmonton, Alberta, Canada","71 Street NW, King Edward Park, Mill Creek South, Edmonton, Alberta, T6B 2R2, Canada",53.5152187,-113.4368145
21844254,COND,Edmonton,Queen Mary Park,208 10730 112 Street,S,115000,T5H 3H2,2006-10-30,115000,E3071746,20,699.65,65.0,3,1,1,1,0,1.0,N,1981,APART,E,0.0,N,0,,Donna Manor,FRAME,See Remarks,164.37,1,20,20,20,NBASE,No,164.37,100.0,115000,164.37,Royal Lepage Noralta Real Estate,Sutton Premiere Real Estate,17,,79.21,9220769,"208 10730 112 Street, Edmonton, Alberta, Canada",,,
29823671,COND,Edmonton,Oliver,L1 9955 114 Street,S,229900,T5K 1P7,2006-09-18,235000,E3067562,26,946.15,87.9,4,2,2,2,0,2.0,Y,1947,APART,W,0.0,N,0,Off Street,Westminster The,FRAME,"Laminate Flooring, Linoleum",242.99,1,26,21,21,NBASE,No,248.38,102.22,235000,248.38,MaxWell Challenge Realty,Century 21 Platinum Realty,,,46.58,321240,"L1 9955 114 Street, Edmonton, Alberta, Canada",,,
11119864,COND,Edmonton,West Meadowlark Park,28 C MEADOWLARK Village,S,210000,T5R 5X4,2007-12-23,202000,E3116803,75,1399.31,130.0,6,3,3,1,1,1.1,N,1970,ST3,S,0.0,N,0,Stall,Meadowlark Village,FRAME,"Carpet, Ceramic Tile, Laminate Flooring",150.07,3,75,73,73,,No,144.36,96.19,202000,144.36,Century 21 All Stars Realty Ltd,Century 21 All Stars Realty Ltd,143,,169.11,8822712,"28 C MEADOWLARK Village, Edmonton, Alberta, Canada","Meadowlark Village, Jasper Place, Edmonton, Alberta, Canada",53.5211678,-113.6076543
18890327,SF,Edmonton,High Park,15419 110A Avenue,S,379900,T5P 1H6,2007-06-14,374900,E3091308,35,1033.33,96.0,6,3,3,2,0,2.0,N,1965,BUNG,N,0.0,Y,2,"Double Garage Detached, Over Sized, RV Parking",,FRAME,"Carpet, Hardwood, Laminate Flooring",367.64,1,35,34,34,F-FIN,Yes,362.81,98.68,374900,362.81,Century 21 Vantage Realty Ltd,Royal Lepage Preferred Real Estate,6,11,604.29,3730MC,"15419 110A Avenue, Edmonton, Alberta, Canada","15419, 110A Avenue NW, High Park, Jasper Place, Edmonton, Alberta, T5P 2K2, Canada",53.5577245,-113.5885348
30007942,SF,Edmonton,Ellerslie,8413 6 Avenue,S,437500,T6X 1J1,2016-11-25,426000,E4041373,38,1807.04,167.88,7,3,3,2,1,2.1,Y,2004,ST2,N,0.0,Y,2,Double Garage Attached,,FRAME,"Carpet, Ceramic Tile, Hardwood",242.11,2,38,38,38,U-FIN,Yes,235.74,97.37,426000,235.74,REALTORSÂ® Association of Edmonton,Comfree Commonsense Network,13,6,364.68,323885,"8413 6 Avenue, Edmonton, Alberta, Canada","8413, 6 Avenue SW, Ellerslie Crossing, Ellerslie, Edmonton, Alberta, T6X 0C5, Canada",53.4270663,-113.4623011
13353305,SF,Edmonton,Daly Grove,2023 35 Street,S,209900,T6L 3G1,2006-05-26,225000,E3058924,7,1151.74,107.0,6,3,3,1,1,1.1,Y,1981,BUNG,W,0.0,N,0,,,FRAME,"Linoleum, Wall to Wall Carpet",182.25,1,7,6,6,P-FIN,No,195.36,107.19,225000,195.36,Sutton Premiere Real Estate,MaxWell Devonshire,20,38,554.61,7823018,"2023 35 Street, Edmonton, Alberta, Canada","2023, 35 Street NW, Daly Grove, Southwood, Mill Woods, Edmonton, Alberta, T6L 4M4, Canada",53.451723,-113.3948074
25890253,COND,Edmonton,Terra Losa,402 9620 174 Street NW,S,122900,T5T 6B9,2002-12-18,117500,E2225076,10,1181.88,109.8,6,3,3,2,0,2.0,N,1994,,SE,0.0,N,0,Stall,Pointe West The,FRAME,"Linoleum, Wall to Wall Carpet",103.99,1,10,10,10,,No,99.42,95.61,117500,99.42,RE/MAX Real Estate,Realty Executives Synergy,110,,0.0,9420254,"402 9620 174 Street NW, Edmonton, Alberta, Canada",,,
16855083,SF,Edmonton,Beverly Heights,3626 106 Avenue,S,290000,T5W 0C5,2016-09-27,280000,E4037333,14,895.34,83.18,4,2,3,2,0,2.0,N,1957,BUNG,S,0.0,N,2,Double Garage Detached,,FRAME,"Carpet Over Hardwood, Laminate Flooring, Linoleum",323.9,2,14,14,14,F-FIN,Yes,312.73,96.55,280000,312.73,RE/MAX Elite,RE/MAX Elite,24,23,557.0,5365HW,"3626 106 Avenue, Edmonton, Alberta, Canada","3626, 106 Avenue NW, Beverly Heights, Beverly, Edmonton, Alberta, T5W 1Y7, Canada",53.559762,-113.3979366
35431759,SF,Edmonton,Carlton,13512 164 Avenue,S,420000,T6V 0J9,2020-09-01,418000,E4205016,46,1687.78,156.8,6,3,4,3,1,3.1,Y,2015,ST2,S,0.0,N,0,Double Garage Detached,,FRAME,"Carpet, Ceramic Tile, Laminate Flooring",248.85,3,46,46,46,F-FIN,Yes,247.66,99.52,418000,247.66,Royal LePage Noralta Real Estate,Century 21 All Stars Realty Ltd,69,33,346.25,1224294,"13512 164 Avenue, Edmonton, Alberta, Canada",,,
13601323,SF,Edmonton,Dunluce,16515 113 Street,S,339900,T5X 4T2,2017-08-21,318000,E4066938,83,1285.96,119.47,6,3,4,3,0,3.0,Y,1981,SPLT4,NW,0.0,N,0,Double Garage Attached,,FRAME,"Ceramic Tile, Hardwood, Linoleum",264.32,3,83,81,81,P-FIN,Yes,247.29,93.56,318000,247.29,Sterling Real Estate,Royal Lepage Arteam Realty,51,77,0.0,7822186,"16515 113 Street, Edmonton, Alberta, Canada","16515, 113 Street NW, Dunluce, Castle Downs, Edmonton, Alberta, T5X 2R2, Canada",53.6268243,-113.5166449
20590908,SF,Edmonton,Montrose,12010 66 Street,S,189000,T5B 1J6,2009-07-13,170000,E3191355,13,776.4,72.13,4,2,2,1,0,1.0,N,1957,BUNG,E,10.07,N,1,Single Garage Detached,,FRAME,"Carpet, Linoleum",243.43,2,13,13,13,P-FIN,Yes,218.96,89.95,170000,218.96,Sutton Premiere Real Estate,Royal Lepage Noralta Real Estate,12,27,0.0,1307P,"12010 66 Street, Edmonton, Alberta, Canada","12010, 66 Street NW, Montrose, Greater Highlands, Edmonton, Alberta, T5B 1R1, Canada",53.5737929,-113.4432404
17485062,SF,Edmonton,Mcleod,14432 62 Street NW,S,164900,T5A 2A8,2003-04-08,160200,E2306956,12,1039.79,96.6,5,3,4,2,0,2.0,N,1968,BUNG,E,15.2,N,2,Double Garage Detached,,FRAME,"Carpet, Hardwood, Linoleum",158.59,2,12,8,8,F-FIN,Yes,154.07,97.15,160200,154.07,RE/MAX Real Estate Centre,RE/MAX Real Estate Centre,29,20,0.0,4606NY,"14432 62 Street NW, Edmonton, Alberta, Canada","14432, 62 Street NW, McLeod, York, Casselman-Steele Heights, Edmonton, Alberta, T5A 2E9, Canada",53.6067477,-113.4373885
26806364,SF,Edmonton,Klarvatten,8324 171 Avenue,S,219800,T5Z 3E3,2005-03-29,220000,E3023016,30,1243.23,115.5,6,3,4,2,1,2.1,Y,1997,BLEVL,S,12.21,Y,2,"Double Garage Attached, Front Drive Access, Insulated, Parking Pad Cement/Paved",,FRAME,"Ceramic Tile, Laminate Flooring, Wall to Wall Carpet",176.8,2,30,29,29,F-FIN,Yes,176.96,100.09,220000,176.96,RE/MAX Real Estate,RE/MAX River City,13,5,414.66,9623154,"8324 171 Avenue, Edmonton, Alberta, Canada",,,
25739707,COND,Edmonton,Tawa,#26 - 603 YOUVILLE Drive E,S,220500,T6L 6V8,2018-03-14,212000,E4081400,185,1237.85,115.0,6,3,3,1,1,1.1,N,1993,ST2,E,0.0,N,0,Stall,Parkside,FRAME,"Carpet, Linoleum",178.13,2,368,367,185,P-FIN,No,171.26,96.15,212000,171.26,RE/MAX Elite,RE/MAX Elite,81,,0.0,9323322,"#26 - 603 YOUVILLE Drive E, Edmonton, Alberta, Canada",,,
0036462497,SF,Edmonton,Trumpeter Area,20835 130 Avenue,S,765000,T5S 0L4,2025-04-14,758500,E4426928,24,2438.99,226.59,7,3,5,3,1,3.1,Y,2019,ST2,N,0.0,N,2,"Double Garage Attached, Heated, Insulated",,FRAME,"Carpet, Engineered Wood, Vinyl Plank",313.65,3,44,44,24,F-FIN,Yes,310.99,99.15,758500,310.99,RE/MAX River City,RE/MAX River City,8,88,467.89,1425609,"20835 130 Avenue, Edmonton, Alberta, Canada","130 Avenue NW, Athlone, Northern Mature Area, Edmonton, Alberta, T5L 4S5, Canada",53.5890375,-113.5575605
0021138276,SF,Edmonton,Ottewell,6931 91 Avenue,S,484888,T6B 0R5,2024-03-08,470000,E4367422,91,1164.65,108.2,4,1,3,3,0,3.0,Y,1961,BUNG,N,0.0,Y,1,"Single Carport, Single Garage Attached",,FRAME,"Carpet, Ceramic Tile, Laminate Flooring",416.34,2,104,104,91,F-FIN,Yes,403.55,96.93,470000,403.55,RE/MAX River City,RE/MAX Real Estate,30,50,0.0,276MC,"6931 91 Avenue, Edmonton, Alberta, Canada","6931, 91 Avenue NW, Ottewell, Edmonton, Alberta, T6B 0T7, Canada",53.5260906,-113.434617
16662983,DUPLEX,Edmonton,Glengarry,8813 137 Avenue,S,319900,T5E 1Y3,2007-05-24,310000,E3090322,21,992.43,92.2,4,2,3,1,0,1.0,N,1964,BUNG,N,18.9,N,1,Single Garage Detached,,FRAME,"Carpet, Hardwood, Linoleum",322.34,2,21,20,20,F-FIN,Yes,312.36,96.91,310000,312.36,Royal Lepage Best Locations,Royal Lepage Best Locations,14,16A,346.83,5664MC,"8813 137 Avenue, Edmonton, Alberta, Canada","8813, 137 Avenue NW, Glengarry, Northern Mature Area, Edmonton, Alberta, T5E 3J4, Canada",53.5992426,-113.4786416
0014064539,SF,Edmonton,Sakaw,1020 61 Street,S,365000,T6L 2G5,2024-03-10,383000,E4375153,9,894.37,83.09,6,3,3,1,1,1.1,N,1982,SPLT4,E,0.0,N,0,"Double Garage Detached, Over Sized",,FRAME,"Laminate Flooring, Linoleum",408.11,3,9,9,9,P-FIN,Yes,428.23,104.93,383000,428.23,Grassroots Realty Group,YEGPro Realty,35,45,557.19,7722531,"1020 61 Street, Edmonton, Alberta, Canada","61 Street NW, McConachie, Pilot Sound, Edmonton, Alberta, T5Y 3N1, Canada",53.6303111,-113.4345621
16507981,DUPLEX,Edmonton,Thorncliff,8409 175 Street,S,215900,T5T 0J9,2012-04-30,200000,E3293941,37,960.14,89.2,5,2,2,2,0,2.0,N,1972,BLEVL,W,0.0,N,0,Parking Pad Cement/Paved,,CONCR,"Carpet, Linoleum",224.86,1,37,37,37,F-FIN,No,208.3,92.64,200000,208.3,Professional Realty Group,RE/MAX Real Estate,7,38B,441.37,5908RS,"8409 175 Street, Edmonton, Alberta, Canada","175 Street NW, Place LaRue, Northwest Industrial, Edmonton, Alberta, T5S 2S1, Canada",53.5408486,-113.6227545
12791208,SF,Edmonton,Menisa,1131 68 Street NW,S,354900,T6K 2K3,2013-06-14,340000,E3339147,21,1246.46,115.8,9,3,4,2,1,2.1,Y,1977,BUNG,W,0.0,N,2,Double Garage Detached,,FRAME,"Carpet, Linoleum",284.73,2,21,20,20,F-FIN,Yes,272.77,95.8,340000,272.77,MaxWell Progressive,RE/MAX Elite,34,11,0.0,7621269,"1131 68 Street NW, Edmonton, Alberta, Canada","1131, 68 Street NW, Menisa, Knottwood, Mill Woods, Edmonton, Alberta, T6K 3Y9, Canada",53.4400876,-113.4409993
14433064,DUPLEX,Edmonton,Kenilworth,6011 84 Avenue,S,305000,T6B 0H3,2017-02-17,292500,E4043324,101,964.45,89.6,6,3,5,2,0,2.0,N,1964,BUNG,N,0.0,N,1,Single Garage Detached,,FRAME,"Carpet, Carpet Over Hardwood, Laminate Flooring",316.24,2,101,101,101,F-FIN,Yes,303.28,95.9,292500,303.28,NOW Real Estate Group,RE/MAX Real Estate,66,10A,322.58,6932MC,"6011 84 Avenue, Edmonton, Alberta, Canada","6011, 84 Avenue NW, Kenilworth, Edmonton, Alberta, T6B 0L1, Canada",53.5192429,-113.4259406
11401734,COND,Edmonton,Lago Lindo,6 17409 95 Street,S,164900,T5Z 2A9,2021-06-18,163900,E4234985,69,1220.09,113.35,6,3,3,1,1,1.1,N,1981,ST2,N,0.0,Y,0,2 Outdoor Stalls,Heathwood,FRAME,"Carpet, Laminate Flooring",135.15,2,69,69,69,U-FIN,No,134.33,99.39,163900,134.33,Exp Realty,RE/MAX Excellence,,,318.66,8222839,"6 17409 95 Street, Edmonton, Alberta, Canada",,,
26172312,SF,Edmonton,Oleskiw,336 WHISTON Close,S,789000,T6M 2C7,2006-05-23,740000,E3051025,101,3495.04,324.7,10,5,5,5,0,5.0,Y,1997,ST2,S,0.0,Y,3,"Heated, Insulated, Triple Garage Attached",,FRAME,"Carpet, Ceramic Tile, Linoleum",225.75,3,101,99,99,F-FIN,Yes,211.73,93.79,740000,211.73,Realty Executives North Star,RE/MAX Excellence,13,20,701.81,9423063,"336 WHISTON Close, Edmonton, Alberta, Canada","336, Whiston Close NW, Oleskiw, Wolf Willow, West Jasper Place, Edmonton, Alberta, T6M 1A2, Canada",53.4952773,-113.6116789
16047284,SF,Edmonton,Lansdowne,12404 LANSDOWNE Drive,S,567400,T6H 4L5,2012-08-09,546000,E3300918,91,1513.4,140.6,8,3,4,2,1,2.1,Y,1967,BUNG,SW,0.0,N,2,Double Garage Attached,,FRAME,"Carpet, Ceramic Tile, Hardwood",374.92,2,91,90,90,F-FIN,Yes,360.78,96.23,546000,360.78,Logic Realty,Logic Realty,22,15,761.81,1800N,"12404 LANSDOWNE Drive, Edmonton, Alberta, Canada","12404, Lansdowne Drive NW, Lansdowne, Whitemud Creek Ravine North, Edmonton, Alberta, T6R 2V4, Canada",53.484232,-113.548745
0019437350,SF,Edmonton,Forest Heights,10524 80 Street,S,450000,T6A 3J7,2025-07-31,433000,E4448542,13,970.26,90.14,5,2,2,1,0,1.0,N,1952,BUNG,E,0.0,N,0,Single Garage Detached,,FRAME,"Carpet, Laminate Flooring, Vinyl Plank",463.79,1,13,13,13,P-FIN,Yes,446.27,96.22,433000,446.27,RE/MAX Excellence,Exp Realty,38,18,0.0,2965HW,"10524 80 Street, Edmonton, Alberta, Canada","10524, 80 Street NW, Forest Heights, Edmonton, Alberta, T6A 3X4, Canada",53.5486904,-113.4513083
11046638,SF,Edmonton,Lago Lindo,17111 92 Street,S,328900,T5Z 2N1,2013-03-08,305000,E3321891,88,1309.97,121.7,7,2,3,3,0,3.0,Y,1983,BUNG,W,0.0,Y,2,Double Garage Attached,,FRAME,"Carpet, Ceramic Tile",251.08,2,88,83,83,F-FIN,Yes,232.83,92.73,305000,232.83,Liv Real Estate,RE/MAX Real Estate,8,59,548.5,8022146,"17111 92 Street, Edmonton, Alberta, Canada","17111, 92 Street NW, Lago Lindo, Lake District, Edmonton, Alberta, T5Z 3A1, Canada",53.6332122,-113.481414
14016844,DUPLEX,Edmonton,Caernarvon,11624 152 Avenue,S,309000,T5X 1C4,2022-07-14,299000,E4295768,50,1114.6,103.55,6,3,6,2,1,2.1,Y,1973,BLEVL,S,0.0,N,0,"On Street, Rear Drive Access",,FRAME,"Carpet, Ceramic Tile, Vinyl Plank",277.23,2,50,50,50,F-FIN,No,268.26,96.76,299000,268.26,Liv Real Estate,Exp Realty,7,89,480.46,2316TR,"11624 152 Avenue, Edmonton, Alberta, Canada","11624, 152 Avenue NW, Caernarvon, Castle Downs, Edmonton, Alberta, T5X 1Y7, Canada",53.6121706,-113.5226842
0038737417,SF,Edmonton,Glenridding Ravine,15804 29 Avenue,S,790000,T6W 4X4,2025-04-02,775000,E4422596,38,2475.7,230.0,7,3,3,3,1,3.1,Y,2022,ST2,S,0.0,Y,0,"Double Garage Attached, Over Sized",,FRAME,"Carpet, Vinyl Plank",319.1,3,38,38,38,F-FIN,Yes,313.04,98.1,775000,313.04,Royal LePage Prestige Realty,MaxWell Devonshire Realty,8,39,659.08,2022426,"15804 29 Avenue, Edmonton, Alberta, Canada","29 Avenue NW, Silver Berry, West Meadows, The Meadows, Edmonton, Alberta, T6T 1P5, Canada",53.4594573,-113.3904544
11146628,COND,Edmonton,Oliver,903 9916 113 Street,S,239900,T5K 2N3,2015-03-26,228500,E3398461,73,839.58,78.0,5,2,2,2,0,2.0,Y,1981,APART,SE,0.0,N,0,"Heated, Underground",Central Park,CONCR,"Carpet, Ceramic Tile",285.74,1,73,73,73,NBASE,No,272.16,95.25,228500,272.16,RE/MAX Excellence,RE/MAX River City,,,36.3,8722944,"903 9916 113 Street, Edmonton, Alberta, Canada",,,
0038730818,COND,Edmonton,Laurier Heights,8411 149 Street NW,S,599900,T5R 1B3,2022-03-23,599900,E4271169,104,1696.18,157.58,6,3,3,3,0,3.0,Y,2019,ST2,W,0.0,N,0,Double Garage Detached,No Name,FRAME,"Carpet, Ceramic Tile, Vinyl Plank",353.68,3,377,374,103,F-FIN,No,353.68,100.0,599900,353.68,Logic Realty,Exp Realty,0,,342.53,2022339,"8411 149 Street NW, Edmonton, Alberta, Canada","149 Street NW, Rio Terrace Neighbourhood, River Valley Laurier, Jasper Place, Edmonton, Alberta, T6H 4J8, Canada",53.5082627,-113.5780607
29374030,SF,Edmonton,Hodgson,237 HILLIARD Green,S,548800,T6R 3G5,2017-05-08,536000,E4058494,32,2139.86,198.8,8,3,4,3,1,3.1,Y,2002,ST2,NE,0.0,Y,2,"Double Garage Attached, Insulated, Over Sized, See Remarks",,FRAME,"Ceramic Tile, Hardwood, Wall to Wall Carpet",256.46,3,32,29,29,F-FIN,Yes,250.48,97.67,536000,250.48,Zolo Realty,Century 21 Platinum Realty,160,2,426.8,223933,"237 HILLIARD Green, Edmonton, Alberta, Canada","237, Hilliard Green NW, Hodgson, Terwillegar Heights, Edmonton, Alberta, T6R 3L6, Canada",53.45996,-113.5620067
12077061,COND,Edmonton,Blue Quill,748 SADDLEBACK Road,S,246000,T6J 5E6,2025-01-31,239640,E4413356,80,1080.27,100.36,6,3,3,1,1,1.1,N,1979,ST2,S,0.0,N,0,Stall,Blue Quill Park Est,FRAME,"Carpet, Vinyl Plank",227.72,3,173,172,80,F-FIN,No,221.83,97.41,239640,221.83,RE/MAX Elite,Mozaic Realty Group,,,0.0,8121519,"748 SADDLEBACK Road, Edmonton, Alberta, Canada","Saddleback Road NW, Blue Quill, Kaskitayo, Edmonton, Alberta, T6J 5V3, Canada",53.4612427,-113.5191369
0039091525,SF,Edmonton,The Uplands,2222 191A Street,S,474900,T6M 1R2,2023-03-09,449900,E4317761,140,1548.06,143.82,7,3,3,2,1,2.1,Y,2022,ST2,NE,0.0,N,2,Double Garage Attached,,FRAME,"Carpet, Vinyl Plank",306.77,2,140,140,140,U-FIN,Yes,290.62,94.74,449900,290.62,Kairali Realty Inc.,Bode,1,5,0.0,2220377,"2222 191A Street, Edmonton, Alberta, Canada","191A Street NW, River's Edge, Riverview, Edmonton, Alberta, T6M 0J3, Canada",53.4560351,-113.6525329
35799931,SF,Edmonton,Albany,174 ALBANY Drive,S,524900,T6V 0J1,2015-03-20,527500,E3405083,17,2558.58,237.7,9,4,4,2,1,2.1,Y,2014,ST2,E,0.0,Y,0,Double Garage Attached,,FRAME,"Carpet, Ceramic Tile, Hardwood",205.15,2,107,107,17,U-FIN,Yes,206.17,100.5,527500,206.17,The Good Real Estate Company,Royal Lepage Arteam Realty,4,10,0.0,1323863,"174 ALBANY Drive, Edmonton, Alberta, Canada","Albany Drive NW, Albany, The Palisades, Edmonton, Alberta, T6V 1J6, Canada",53.6304146,-113.5488599
16263014,SF,Edmonton,Kilkenny,7324 147 Avenue NW,S,134900,T5C 2T1,2000-10-25,130000,E2019227,60,1189.41,110.5,6,3,4,1,2,1.2,N,1969,BUNG,S,0.0,N,2,Double Garage Detached,,FRAME,"Linoleum, Wall to Wall Carpet",113.42,2,60,58,58,F-FIN,Yes,109.3,96.37,130000,109.3,Royal Lepage Arteam Realty,RE/MAX Real Estate,24,14,0.0,6143NY,"7324 147 Avenue NW, Edmonton, Alberta, Canada","7324, 147 Avenue NW, Kilkenny, Londonderry, Northern Mature Area, Edmonton, Alberta, T5C 0R9, Canada",53.6086862,-113.4533716
19642925,SF,Edmonton,Bellevue,11223 70 Street NW,S,79900,,2000-06-14,77300,E2008456,58,824.51,76.6,4,2,4,2,0,2.0,N,1947,BUNG,,10.0,N,1,Single Garage Detached,,FRAME,"Carpet Over Hardwood, Hardwood, Non-Ceramic Tile",96.91,1,58,55,55,F-FIN,No,93.75,96.75,77300,93.75,Royal Lepage Noralta Real Estate,RE/MAX Excellence,11,7,0.0,2677Q,"11223 70 Street NW, Edmonton, Alberta, Canada","11223, 70 Street NW, Bellevue, Greater Highlands, Edmonton, Alberta, T5B 4E4, Canada",53.5638622,-113.4450662
16825466,SF,Edmonton,Westbrook Estates,19 Marlboro Road,S,765000,T6J 2C7,2020-11-23,734000,E4213677,74,2151.92,199.92,8,4,5,3,1,3.1,Y,1968,SPLT4,NW,0.0,Y,2,Double Garage Attached,,FRAME,"Carpet, Hardwood",355.5,4,193,193,74,F-FIN,Yes,341.09,95.95,734000,341.09,RE/MAX Professionals,RE/MAX Professionals,5,21,0.0,5508MC,"19 Marlboro Road, Edmonton, Alberta, Canada","Marlboro Road NW, Westbrook Estates, Edmonton, Alberta, T6R 2A1, Canada",53.4706532,-113.5541165
0011274560,COND,Edmonton,Meyonohk,65 2703 79 Street,S,149900,T6K 3Z6,2024-08-23,151500,E4403203,1,1040.22,96.64,7,2,2,1,0,1.0,N,1982,BUNG,W,0.0,N,0,Stall,Emerald Place III,FRAME,"Laminate Flooring, Non-Ceramic Tile",144.1,1,1,1,1,NBASE,No,145.64,101.07,151500,145.64,MaxWell Devonshire Realty,RE/MAX Real Estate,,,256.32,8421293,"65 2703 79 Street, Edmonton, Alberta, Canada",,,
33254665,DUPLEX,Edmonton,Ambleside,150 AMBLESIDE Drive,S,639900,T6W 0H6,2021-06-09,639900,E4238561,55,1756.67,163.2,4,1,4,2,1,2.1,Y,2011,BUNG,E,0.0,Y,0,"Double Garage Attached, Heated, Insulated, Over Sized",,FRAME,"Carpet, Ceramic Tile, Hardwood",364.27,2,55,55,55,F-FIN,Yes,364.27,100.0,639900,364.27,RE/MAX River City,RE/MAX PREFERRED CHOICE,8,50,554.17,824509,"150 AMBLESIDE Drive, Edmonton, Alberta, Canada","Ambleside Drive SW, Ambleside, Windermere, Edmonton, Alberta, T6W 2Z4, Canada",53.4340964,-113.598792
31511661,SF,Edmonton,Brintnell,4705 164A Avenue,S,428800,T5Y 0C8,2015-05-18,418000,E3409141,44,1396.08,129.7,6,3,5,3,0,3.0,Y,2006,BLEVL,N,11.0,N,2,Double Garage Attached,,FRAME,"Hardwood, Laminate Flooring",307.15,2,44,44,44,F-FIN,Yes,299.41,97.48,418000,299.41,MaxWell Polaris,RE/MAX Elite,25,12,395.79,620153,"4705 164A Avenue, Edmonton, Alberta, Canada","4705, 164A Avenue NW, Brintnell, Pilot Sound, Edmonton, Alberta, T5Y 0S4, Canada",53.6247634,-113.4095512
0031232325,SF,Edmonton,Leger,1330 LATTA Crescent,S,539900,T6R 3T3,2023-06-25,575000,E4346790,3,2109.51,195.98,7,3,4,3,1,3.1,Y,2006,ST2,N,0.0,Y,0,Double Garage Attached,,FRAME,"Carpet, Hardwood, Linoleum",255.94,3,3,3,3,F-FIN,Yes,272.58,106.5,575000,272.58,Royal LePage Noralta Real Estate,RE/MAX Elite,155,159,504.54,0524501,"1330 LATTA Crescent, Edmonton, Alberta, Canada","1330, Latta Crescent NW, Leger, Oak Hills, Terwillegar Heights, Edmonton, Alberta, T6R 0R9, Canada",53.4566801,-113.5757418
21225504,SF,Edmonton,Pleasantview,5524 109 Street,S,1397000,T6H 3A6,2017-02-21,1315000,E4045854,70,3581.15,332.7,8,4,5,4,1,4.1,Y,2016,ST2,W,0.0,Y,2,"Double Garage Attached, Over Sized",,FRAME,"Carpet, Ceramic Tile, Hardwood",390.1,3,70,70,70,F-FIN,Yes,367.2,94.13,1315000,367.2,RE/MAX Excellence,Lange Realty Ltd,4,7,0.0,78NY,"5524 109 Street, Edmonton, Alberta, Canada","109 Street NW, Blatchford, Edmonton, Alberta, T5G 3A6, Canada",53.5657597,-113.5063355
0035098425,SF,Edmonton,Westmount,12809 WOODBEND Place,S,1849900,T5N 3V3,2024-09-26,1820000,E4404555,23,2793.88,259.56,6,3,5,3,1,3.1,Y,2016,ST2,NE,0.0,Y,0,Double Garage Attached,,FRAME,"Ceramic Tile, Cork Flooring, Hardwood",662.13,3,23,23,23,F-FIN,Yes,651.42,98.38,1820000,651.42,MaxWell Polaris,RE/MAX Elite,1,13,1207.93,1220386,"12809 WOODBEND Place, Edmonton, Alberta, Canada","12809, Woodbend Place NW, Westmount, Western Mature Area, Edmonton, Alberta, T5N 0M3, Canada",53.5471142,-113.5436699
0029732724,COND,Edmonton,Beaumaris,411 11260 153 Avenue,S,209000,T5X 6E7,2023-03-31,203000,E4330860,20,829.9,77.1,5,1,1,1,1,1.1,Y,2002,APART,W,0.0,N,0,"Heated, Parkade, Underground",Sierras On The Lake,FRAME,Non-Ceramic Tile,251.84,1,20,20,20,NBASE,Yes,244.61,97.13,203000,244.61,RE/MAX Real Estate,RE/MAX Excellence,,,67.12,0227902,"411 11260 153 Avenue, Edmonton, Alberta, Canada",,,
15918063,SF,Edmonton,Sherbrooke,12230 127 Street NW,S,88900,,2000-01-12,83500,E9925212,34,971.98,90.3,4,2,4,2,0,2.0,N,1953,BUNG,E,0.0,N,1,Single Garage Detached,,FRAME,"Carpet, Hardwood, Linoleum",91.46,2,34,27,27,REMKS,No,85.91,93.93,83500,85.91,Century 21 Metro City,Century 21 All Stars Realty Ltd,5,37,0.0,4068HW,"12230 127 Street NW, Edmonton, Alberta, Canada","12230, 127 Street NW, Sherbrooke, Western Mature Area, Edmonton, Alberta, T5L 0Z9, Canada",53.5779425,-113.5416629
36708881,DUPLEX,Edmonton,Westwood,1 12042 101 Street,S,399900,T5G 2C1,2015-11-19,395000,E3434840,42,1515.56,140.8,6,3,3,2,1,2.1,Y,2015,ST2,E,0.0,N,0,Double Garage Detached,,FRAME,"Carpet, Ceramic Tile, Hardwood",263.86,2,42,42,42,U-FIN,Yes,260.63,98.77,395000,260.63,MaxWell Polaris,RE/MAX Real Estate,1,70,0.0,1522906,"1 12042 101 Street, Edmonton, Alberta, Canada","12042, 101 Street NW, Westwood, Avenue District, Edmonton, Alberta, T5G 1Z1, Canada",53.5748025,-113.4940852
26180109,COND,Edmonton,Downtown,1808 9918 101 Street NW,S,99800,,2001-12-15,98000,E2122278,56,710.42,66.0,4,1,1,1,0,1.0,N,1978,,,0.0,N,1,Underground,Renaissance Place,BLOCK,Hardwood,140.48,0,56,53,53,,No,137.95,98.2,98000,137.95,Royal Lepage Arteam Realty,RE/MAX Real Estate,175,,0.0,9423146,"1808 9918 101 Street NW, Edmonton, Alberta, Canada","Canada Post, 101 Street NW, Downtown, Central Core, Edmonton, Alberta, T5J 1N7, Canada",53.5400646,-113.4936404
16428369,SF,Edmonton,Hazeldean,9764 65 Avenue NW,S,88500,,2000-02-07,85500,E2001162,21,656.6,61.0,4,2,2,1,0,1.0,N,1942,BUNG,,0.0,N,2,Double Garage Detached,,FRAME,"Carpet, Linoleum",134.79,1,21,19,19,P-FIN,Yes,130.22,96.61,85500,130.22,MaxWell Devonshire Realty,RE/MAX Real Estate Centre,27,2,0.0,6045HW,"9764 65 Avenue NW, Edmonton, Alberta, Canada","9764, 65 Avenue NW, Hazeldean, Mill Creek South, Greater Strathcona, Edmonton, Alberta, T6E 0M2, Canada",53.5018756,-113.4828434
0037334539,COND,Edmonton,Ermineskin,1209 2755 109 Street,S,384900,T6J 5S4,2022-05-27,361000,E4276617,107,961.0,89.28,5,2,2,1,1,1.1,Y,2016,APART,W,0.0,N,1,"Heated, Underground",Shepherdâ€™s Garden Heritage,STEEL,"Ceramic Tile, Engineered Wood",400.52,1,107,107,107,NBASE,Yes,375.65,93.79,361000,375.65,Homes & Gardens Real Estate Limited,Homes & Gardens Real Estate Limited,,,0.0,1623512,"1209 2755 109 Street, Edmonton, Alberta, Canada","Petro Canada, 109 Street NW, Downtown, Central Core, Edmonton, Alberta, T5K 1H5, Canada",53.5385263,-113.5087953
30084669,SF,Edmonton,Summerside,7932 14 Avenue SW,S,399800,T6X 1H3,2015-09-02,387500,E3417362,98,1412.22,131.2,7,3,3,2,1,2.1,Y,2005,ST2,S,0.0,Y,0,Double Garage Detached,,FRAME,"Carpet, Laminate Flooring, Linoleum",283.1,2,98,98,98,U-FIN,Yes,274.39,96.92,387500,274.39,MaxWell Polaris,Century 21 A.L.L. Stars Realty Ltd,21,33,331.19,324569,"7932 14 Avenue SW, Edmonton, Alberta, Canada","7932, 14 Avenue SW, Summerside, Ellerslie, Edmonton, Alberta, T6X 0C7, Canada",53.4209547,-113.4558924
13929468,COND,Edmonton,Lorelei,10640 BEAUMARIS Road,S,199900,T5X 3N4,2012-12-03,190000,E3319334,35,1060.24,98.5,6,3,3,1,1,1.1,N,1977,ST2,NW,0.0,N,0,Stall,Beaumaris Square,FRAME,"Carpet, Ceramic Tile, Laminate Flooring",188.54,2,35,34,34,P-FIN,No,179.2,95.05,190000,179.2,Realtyinet Inc,MaxWell Devonshire Realty,,,294.44,7820341,"10640 BEAUMARIS Road, Edmonton, Alberta, Canada","Beaumaris Road NW, Beaumaris, Castle Downs, Edmonton, Alberta, T5X 2R2, Canada",53.6218292,-113.5116564
22510300,COND,Edmonton,Boyle Street,102 8811 106A Avenue,S,244900,T5H 3Y7,2008-07-02,228000,E3137140,93,1205.56,112.0,5,2,2,2,0,2.0,Y,1992,APART,S,0.0,Y,0,"Double Indoor, Heated, Underground",Cambridge Court,FRAME,"Carpet, Linoleum",203.14,1,239,238,93,,No,189.12,93.1,228000,189.12,RE/MAX Elite,RE/MAX Real Estate,,,160.0,9221528,"102 8811 106A Avenue, Edmonton, Alberta, Canada",,,
33749251,SF,Edmonton,Ambleside,2855 ANDERSON Place,S,558880,T6W 0V7,2016-08-29,540000,E4023355,91,2177.54,202.3,8,3,3,2,1,2.1,Y,2011,ST2,E,12.25,Y,2,"Double Garage Attached, Front Drive Access, Heated, Insulated",,FRAME,"Carpet, Ceramic Tile, Hardwood",256.66,2,91,91,91,U-FIN,Yes,247.99,96.62,540000,247.99,Lange Realty Ltd,Royal Lepage Arteam Realty,10,93,0.0,920939,"2855 ANDERSON Place, Edmonton, Alberta, Canada","Anderson Place SW, Ambleside, Windermere, Edmonton, Alberta, T6W 4H3, Canada",53.4276212,-113.612601
31863905,COND,Edmonton,Cromdale,2409 11214 80 Street,S,219900,T5B 4X5,2014-06-25,210000,E3374185,44,911.7,84.7,5,2,2,2,0,2.0,Y,2005,APART,N,0.0,N,0,,Commonwealth Pointe,FRAME,"Carpet, Linoleum",241.2,1,44,44,44,,No,230.34,95.5,210000,230.34,RE/MAX Real Estate,Royal Lepage Premier Real Estate,,,92.49,624973,"2409 11214 80 Street, Edmonton, Alberta, Canada",,,
39357843,DUPLEX,Edmonton,Kinglet Gardens,616 Kinglet Boulevard,S,299998,T5S 0N8,2023-04-24,307789,E4330662,45,859.93,79.89,5,2,2,2,1,2.1,Y,2021,ST2,S,0.0,N,0,"Over Sized, Single Garage Attached",,FRAME,"Carpet, Vinyl Plank",348.86,3,45,45,45,NBASE,Yes,357.92,102.6,307789,357.92,MaxWell Progressive,Royal Lepage Arteam Realty,3,3,0.0,2222573,"616 Kinglet Boulevard, Edmonton, Alberta, Canada","Kinglet Boulevard NW, Kinglet Gardens, Big Lake, Edmonton, Alberta, T5S 0K5, Canada",53.5747009,-113.6982905
31112402,SF,Edmonton,Ellerslie,7812 8 Avenue SW,S,379900,T6X 0A4,2006-08-28,380000,E3066251,20,1730.94,160.81,8,3,3,2,1,2.1,Y,2006,ST2,S,0.0,Y,0,Double Garage Attached,,FRAME,"Carpet, Ceramic Tile, Hardwood",219.48,2,20,16,16,U-FIN,Yes,219.53,100.03,380000,219.53,RE/MAX Elite,MaxWell Polaris,16,46,0.0,523136,"7812 8 Avenue SW, Edmonton, Alberta, Canada","8 Avenue SW, Charlesworth, Southeast, Edmonton, Alberta, T6X 2W7, Canada",53.4255184,-113.3970735
11265783,COND,Edmonton,Belvedere,912 12841 65 Street,S,174900,T5A 4N4,2007-04-29,171000,E3085444,216,678.02,62.99,4,1,1,1,0,1.0,N,1982,APART,W,0.0,N,1,Stall,Burlington Tower,BLOCK,"Carpet, Linoleum",257.96,1,342,328,209,NBASE,No,252.21,97.77,171000,252.21,Century 21 Platinum Realty,Century 21 Platinum Realty,88,,27.96,8321676,"912 12841 65 Street, Edmonton, Alberta, Canada",,,
17963456,SF,Edmonton,Parkallen,10920 68 Avenue,S,339900,T6H 2C1,2008-09-04,327500,E3149867,82,943.99,87.7,5,2,3,2,0,2.0,N,1950,BUNG,S,0.0,N,1,Single Garage Detached,,FRAME,"Ceramic Tile, Hardwood",360.07,2,143,142,82,F-FIN,Yes,346.93,96.35,327500,346.93,MaxWell Devonshire Realty,Macdonald Realty S W Edmonton,25,30,0.0,2041 HW,"10920 68 Avenue, Edmonton, Alberta, Canada","10920, 68 Avenue NW, Parkallen, Greater Strathcona, Edmonton, Alberta, T6H 5Z8, Canada",53.5050335,-113.5131673
14124861,COND,Edmonton,Parkallen,4 6805 112 Street NW,S,57500,T6H 3K2,2001-06-06,57000,E2102377,127,678.13,63.0,4,2,2,1,0,1.0,N,1954,,W,0.0,N,0,Stall,Beau Park,FRAME,"Carpet, Hardwood, Linoleum",84.79,1,127,125,125,,No,84.06,99.13,57000,84.06,MaxWell Challenge Realty,RE/MAX Real Estate Centre,16,,0.0,CD14703,"4 6805 112 Street NW, Edmonton, Alberta, Canada",,,
11836996,COND,Edmonton,Sakaw,25 1415 62 Street,S,249900,T6L 4K1,2007-03-08,257000,E3081803,12,1148.51,106.7,6,3,3,1,1,1.1,N,1981,ST2,S,0.0,Y,0,Stall,Arbour Glen,FRAME,"Carpet, Linoleum",217.59,2,12,11,11,P-FIN,No,223.77,102.84,257000,223.77,Macdonald Realty S W Edmonton,Realty Executives North Star,0,,243.08,8121793,"25 1415 62 Street, Edmonton, Alberta, Canada",,,
30653463,SF,Edmonton,Chambery,18003 105A Street,S,498800,T5X 6J8,2011-10-13,497000,E3278761,13,2233.51,207.5,9,3,5,3,1,3.1,Y,2006,ST2,N,0.0,Y,2,Double Garage Attached,,FRAME,"Carpet, Ceramic Tile, Hardwood",223.33,3,13,13,13,F-FIN,Yes,222.52,99.64,497000,222.52,Century 21 Reward Realty,Marv Sather Real Estate Ltd,99,15,729.92,424996,"18003 105A Street, Edmonton, Alberta, Canada","18003, 105A Street NW, Chambery, Castle Downs, Edmonton, Alberta, T5X 5X3, Canada",53.6429521,-113.5048775
17040593,SF,Edmonton,Holyrood,7919 91 Avenue,S,279900,T5C 1P9,2006-08-10,265000,E3064383,21,1134.52,105.4,6,3,3,1,0,1.0,N,1954,BUNG,N,15.24,N,1,Single Garage Detached,,FRAME,"Carpet, Linoleum",246.71,1,21,20,20,P-FIN,No,233.58,94.68,265000,233.58,RE/MAX Real Estate,Royal Lepage Arteam Realty,27,6,649.96,5112HW,"7919 91 Avenue, Edmonton, Alberta, Canada","7919, 91 Avenue NW, Holyrood, Edmonton, Alberta, T6C 2W1, Canada",53.5256956,-113.4507148
12212940,SF,Edmonton,Bonnie Doon,8853 92 Street,S,197500,T6C 3P9,2006-02-10,193000,E3048792,25,930.0,86.4,4,2,2,1,0,1.0,N,1948,BUNG,W,15.8,Y,2,Double Garage Detached,,FRAME,"Hardwood, See Remarks",212.37,1,25,25,25,,Yes,207.53,97.72,193000,207.53,Century 21 All Stars Realty Ltd,Professional Realty Group,8,13,537.2,170HW,"8853 92 Street, Edmonton, Alberta, Canada","8853, 92 Street NW, Bonnie Doon, French Quarter, Bonnie Doon, Edmonton, Alberta, T6C 3T7, Canada",53.5251353,-113.4679717
0038075082,SF,Edmonton,Kirkness,2843 152 Avenue,S,524900,T5Y 3Y8,2023-12-04,515000,E4365272,20,2045.25,190.01,8,4,4,2,1,2.1,Y,2022,ST2,N,0.0,N,0,Double Garage Attached,,FRAME,"Carpet, Ceramic Tile, Vinyl Plank",256.64,2,212,212,20,U-FIN,Yes,251.8,98.11,515000,251.8,Liv Real Estate,Royal Lepage Arteam Realty,110,21,326.0,1822710,"2843 152 Avenue, Edmonton, Alberta, Canada","2843, 152 Avenue NW, Kirkness, Clareview, Edmonton, Alberta, T5Y 2K4, Canada",53.6153891,-113.3815988
19986116,SF,Edmonton,Parkallen,10915 67 Avenue,S,595000,T6H 2A5,2021-07-01,588000,E4250130,16,1006.53,93.51,5,2,3,3,0,3.0,Y,1950,ST1.5,N,12.79,N,0,Double Garage Detached,,FRAME,"Carpet, Laminate Flooring",591.14,3,16,15,15,F-FIN,Yes,584.18,98.82,588000,584.18,Exp Realty,RE/MAX Elite,5,51,507.5,2196HW,"10915 67 Avenue, Edmonton, Alberta, Canada","10915, 67 Avenue NW, Parkallen, Greater Strathcona, Edmonton, Alberta, T6H 5Z8, Canada",53.5036986,-113.5129021
17681974,SF,Edmonton,Beacon Heights,11930 49 Street,S,273569,T5W 3A1,2011-01-05,265000,E3244466,51,852.72,79.22,4,2,3,2,0,2.0,N,1959,BUNG,E,15.2,N,1,Single Garage Detached,,FRAME,"Carpet, Hardwood, Linoleum",320.82,1,51,51,51,REMKS,Yes,310.77,96.87,265000,310.77,Royal Lepage Arteam Realty,RE/MAX Real Estate,9,13,575.66,4481KS,"11930 49 Street, Edmonton, Alberta, Canada","11930, 49 Street NW, Beacon Heights, Bergman, Beverly, Edmonton, Alberta, T5W 1M8, Canada",53.5727997,-113.4169736
27411685,COND,Edmonton,Glenwood,2 9935 167 Street,S,364900,T5P 4Y6,2007-06-05,345000,E3092501,18,1420.83,132.0,4,2,2,2,1,2.1,Y,1997,ST2,N,0.0,Y,2,Double Garage Attached,Courtyard The,FRAME,"Carpet, Linoleum",256.82,3,18,16,16,F-FIN,Yes,242.81,94.55,345000,242.81,Royal Lepage Noralta Real Estate,The Good Real Estate Company,2,,245.0,9821053,"2 9935 167 Street, Edmonton, Alberta, Canada",,,
35981778,DUPLEX,Edmonton,Rosenthal,8147 223 Street,S,347500,T5T 7A2,2017-07-14,341250,E4052702,138,1313.2,122.0,7,3,3,2,1,2.1,Y,2016,ST2,SW,0.0,Y,1,Single Garage Attached,,FRAME,"Carpet, Ceramic Tile, Laminate Flooring",264.62,2,138,136,136,U-FIN,Yes,259.86,98.2,341250,259.86,MaxWell Devonshire Realty,MaxWell Progressive,1,17,332.0,1325400,"8147 223 Street, Edmonton, Alberta, Canada","223 Street NW, Secord, Lewis Farms, Edmonton, Alberta, T5T 5X8, Canada",53.5354434,-113.7006092
10058469,COND,Edmonton,Garneau,1006 10883 SASKATCHEWAN Drive,S,298800,T6E 4S6,2015-07-30,290000,E3421496,40,898.79,83.5,5,2,2,1,1,1.1,N,1968,APART,N,0.0,N,1,"Parkade, Underground",Strathcona House,CONCR,"Carpet, Non-Ceramic Tile",332.45,1,40,40,40,,No,322.66,97.05,290000,322.66,RE/MAX Excellence,Homes & Gardens Real Estate Limited,,,39.05,8822813,"1006 10883 SASKATCHEWAN Drive, Edmonton, Alberta, Canada",,,
0017352626,SF,Edmonton,Holyrood,9636 75 Street NW,S,375000,T6C 2H9,2022-02-10,369000,E4275824,8,1130.21,105.0,6,3,4,2,0,2.0,N,1964,BUNG,E,0.0,N,1,Single Garage Detached,,FRAME,"Carpet, Ceramic Tile, Laminate Flooring",331.8,2,8,8,8,F-FIN,Yes,326.49,98.4,369000,326.49,NOW Real Estate Group,NOW Real Estate Group,7,36,549.0,1844KS,"9636 75 Street NW, Edmonton, Alberta, Canada","9636, 75 Street NW, Holyrood, Edmonton, Alberta, T6B 1B5, Canada",53.5363487,-113.4434217
17878877,SF,Edmonton,Potter Greens,152 PHILLIPS Row,S,489900,T5T 5Y3,2020-06-19,481000,E4193138,77,1917.91,178.18,5,2,4,3,1,3.1,Y,1993,ST2,S,0.0,Y,2,"Double Garage Attached, Heated",,FRAME,"Carpet, Ceramic Tile, Hardwood",255.43,3,77,77,77,F-FIN,Yes,250.79,98.18,481000,250.79,MaxWell Challenge Realty,Core Real Estate Group,1,13,891.17,9121169,"152 PHILLIPS Row, Edmonton, Alberta, Canada","152, Phillips Row NW, Potter Greens, Lewis Estates, Lewis Farms, Edmonton, Alberta, T5T 1K8, Canada",53.5152636,-113.6722422
36562909,DUPLEX,Edmonton,Glenora,10443 136 Street,S,699000,T5N 2E7,2016-09-19,660000,E4033028,42,1757.96,163.32,3,3,3,2,1,2.1,Y,2015,ST2,W,0.0,Y,2,"Double Garage Detached, Insulated",,FRAME,"Ceramic Tile, Hardwood",397.62,2,42,41,41,U-FIN,Yes,375.44,94.42,660000,375.44,RE/MAX Real Estate,Carton Realty Ltd,76,22,0.0,1520980,"10443 136 Street, Edmonton, Alberta, Canada","10443, 136 Street NW, Glenora, Western Mature Area, Edmonton, Alberta, T5N 0W4, Canada",53.547584,-113.5559843
28097079,SF,Edmonton,Breckenridge Greens,2016 BRENNAN Crescent NW,S,257000,T5T 6M3,2002-10-22,255000,E2218209,60,2040.84,189.6,7,3,3,2,1,2.1,N,2002,ST2,W,12.2,Y,2,Double Garage Attached,,FRAME,"Ceramic Tile, Wall to Wall Carpet",125.93,2,60,54,54,U-FIN,Yes,124.95,99.22,255000,124.95,Royal Lepage Noralta Real Estate,RE/MAX Excellence,19,20,0.0,9925465,"2016 BRENNAN Crescent NW, Edmonton, Alberta, Canada","2016, Brennan Crescent NW, Breckenridge Greens, Lewis Estates, Lewis Farms, Edmonton, Alberta, T5T 4B7, Canada",53.5166794,-113.6850428
17215774,SF,Edmonton,Lauderdale,12816 102 Street,S,329900,T5E 4J1,2016-06-14,328000,E4015142,69,1495.43,138.93,6,3,4,2,1,2.1,N,1944,ST1.5,E,21.04,Y,2,"Double Garage Detached, Over Sized",,FRAME,"Carpet, Hardwood, Linoleum",220.61,3,69,69,69,F-FIN,Yes,219.34,99.42,328000,219.34,Digger Real Estate Inc.,RE/MAX Real Estate,7B,8,0.0,4986KS,"12816 102 Street, Edmonton, Alberta, Canada","12816, 102 Street NW, Northern Mature Area, Edmonton, Alberta, T5E 4C3, Canada",53.5866933,-113.4956242
30441596,COND,Edmonton,Hodgson,406 1406 HODGSON Way,S,399000,T6R 3K1,2016-05-25,382200,E4020343,16,1666.25,154.8,6,2,2,2,0,2.0,Y,2004,APART,N,0.0,N,1,"Heated, Parkade, Stall, Underground",Chateaux At Whitemud Ridge,FRAME,"Carpet, Ceramic Tile",239.46,1,330,326,16,NBASE,No,229.38,95.79,382200,229.38,Terra Realty,RE/MAX River City,,,0.0,422100,"406 1406 HODGSON Way, Edmonton, Alberta, Canada",,,
15257421,DUPLEX,Edmonton,Canora,10609 155 Street,S,650000,T5P 2M4,2007-06-08,630000,E3086476,61,2060.21,191.4,6,3,5,4,2,4.2,Y,1977,BLEVL,W,0.0,N,2,Double Garage Detached,,FRAME,"Carpet, Linoleum",315.5,2,61,61,61,F-FIN,Yes,305.79,96.92,630000,305.79,RE/MAX Real Estate,RE/MAX Real Estate,14,3,687.37,965AH,"10609 155 Street, Edmonton, Alberta, Canada","10609, 155 Street NW, Canora, Jasper Place, Edmonton, Alberta, T5P 0W3, Canada",53.5499123,-113.5882466
36577254,SF,Edmonton,Glenridding Area,16411 12 Avenue,S,504702,T6W 3K6,2016-04-28,501000,E4006039,90,2034.92,189.05,5,3,3,2,1,2.1,Y,2015,ST2,NW,0.0,Y,0,Double Garage Attached,,FRAME,"Ceramic Tile, Hardwood, Wall to Wall Carpet",248.02,2,90,90,90,U-FIN,Yes,246.2,99.27,501000,246.2,Century 21 A.L.L. Stars Realty Ltd,RE/MAX Elite,3,45,0.0,1521119,"16411 12 Avenue, Edmonton, Alberta, Canada","12 Avenue NW, Laurel, The Meadows, Edmonton, Alberta, T6T 0R7, Canada",53.4391287,-113.3761985
16344871,SF,Edmonton,Rio Terrace,14903 78 Avenue,S,239900,T5R 3C6,2005-10-07,235000,E3041904,21,1266.48,117.66,6,3,3,2,1,2.1,Y,1963,BUNG,N,0.0,N,1,Single Garage Attached,,FRAME,"Carpet, Ceramic Tile, Laminate Flooring",189.42,2,21,19,19,F-FIN,Yes,185.55,97.96,235000,185.55,RE/MAX Advantage,RE/MAX Excellence,3,15,647.13,6252KS,"14903 78 Avenue, Edmonton, Alberta, Canada","14903, 78 Avenue NW, Rio Terrace Neighbourhood, Greater Rio Terrace, Jasper Place, Edmonton, Alberta, T6H 4J8, Canada",53.5106501,-113.578282
13543617,COND,Edmonton,Lymburn,536 WILLOW Crest,S,105900,T5T 2K7,2006-02-04,102000,E3042699,126,957.99,89.0,5,2,2,1,0,1.0,N,1977,ST2,N,0.0,Y,0,Stall,Willow Court,FRAME,"Carpet, Linoleum, Wall to Wall Carpet",110.54,3,126,126,126,F-FIN,No,106.47,96.32,102000,106.47,Royal Lepage Noralta Real Estate,RE/MAX Real Estate,117,,256.72,7822352,"536 WILLOW Crest, Edmonton, Alberta, Canada",,,
20264990,SF,Edmonton,Bonnie Doon,8738 83 Avenue,S,419900,T6C 1B3,2017-05-12,400000,E4056087,49,979.51,91.0,5,2,3,2,0,2.0,N,1956,BUNG,S,0.0,N,0,Double Garage Detached,,FRAME,"Hardwood, Laminate Flooring",428.68,2,49,49,49,F-FIN,Yes,408.37,95.26,400000,408.37,Maximum Realty Inc.,Century 21 Platinum Realty,X,5,630.4,1797HW,"8738 83 Avenue, Edmonton, Alberta, Canada","8738, 83 Avenue NW, French Quarter, Bonnie Doon, Edmonton, Alberta, T6C 1B4, Canada",53.5192868,-113.463381
0016468043,SF,Edmonton,Grandview Heights,12908 66 Avenue,S,999800,T6H 1Y7,2024-08-22,960000,E4402120,7,2872.35,266.85,8,5,5,2,1,2.1,Y,1964,ST2,S,0.0,Y,0,Double Garage Detached,,FRAME,"Carpet, Hardwood",348.08,3,7,7,7,P-FIN,Yes,334.22,96.02,960000,334.22,Century 21 Masters,Mozaic Realty Group,2,16,0.0,5972KS,"12908 66 Avenue, Edmonton, Alberta, Canada","12908, 66 Avenue NW, Grandview Heights, Edmonton, Alberta, T6H 3W8, Canada",53.5008901,-113.5519368
27752831,SF,Edmonton,Glastonbury,1689 GLASTONBURY Bluff,S,449900,T5T 6K4,2006-07-01,444000,E3062077,7,2235.66,207.7,8,4,4,2,2,2.2,Y,1999,ST2,W,0.0,Y,2,"Double Garage Attached, Heated, Insulated",,FRAME,"Carpet, Ceramic Tile, Hardwood",201.24,2,7,7,7,U-FIN,Yes,198.6,98.69,444000,198.6,Royal Lepage Noralta Real Estate,RE/MAX Advantage,8,3,477.46,9826140,"1689 GLASTONBURY Bluff, Edmonton, Alberta, Canada",,,
31923568,SF,Edmonton,The Hamptons,4607 204 Street NW,S,419900,T6M 0C4,2008-04-17,410000,E3137125,19,1840.63,171.0,7,3,3,2,1,2.1,Y,2007,ST2,E,0.0,Y,2,"Double Garage Attached, Over Sized",,FRAME,"Carpet, Linoleum",228.13,2,19,19,19,U-FIN,Yes,222.75,97.64,410000,222.75,Royal Lepage Noralta Real Estate,Royal Lepage Noralta Real Estate,7,147,394.99,625726,"4607 204 Street NW, Edmonton, Alberta, Canada","204 Street NW, The Hamptons, The Grange, Edmonton, Alberta, T6M 2Z7, Canada",53.4854299,-113.6740058
35293638,COND,Edmonton,Walker,18 655 WATT Boulevard,S,275000,T6X 0Y2,2017-03-30,270000,E4050982,45,1367.77,127.07,7,3,3,2,1,2.1,Y,2011,ST3,S,0.0,N,2,"Double Garage Attached, Insulated",Southern Springs,FRAME,"Carpet, Laminate Flooring, Linoleum",201.06,3,45,44,44,NBASE,Yes,197.4,98.18,270000,197.4,Sterling Real Estate,RE/MAX Real Estate,,,113.44,1124008,"18 655 WATT Boulevard, Edmonton, Alberta, Canada",,,
36057123,COND,Edmonton,Mcconachie Area,415 1060 McConachie Boulevard NW,S,209900,T5Y 0W9,2014-04-24,212000,E3370084,9,768.54,71.4,5,2,2,2,0,2.0,Y,2014,APART,E,0.0,N,0,,Elements at McConachie,FRAME,"Carpet, Linoleum",273.11,1,9,9,9,,No,275.85,101.0,212000,275.85,RE/MAX Real Estate,Royal Lepage Noralta Real Estate,,,0.0,1420755,"415 1060 McConachie Boulevard NW, Edmonton, Alberta, Canada",,,
14160600,COND,Edmonton,Meyonohk,1719 LAKEWOOD S Road NW,S,70000,T6K 3B9,2001-07-13,67000,E2114947,15,921.39,85.6,5,3,3,2,0,2.0,N,1977,ST2,W,0.0,N,2,Stall,Greenwood Grove,FRAME,"Linoleum, Wall to Wall Carpet",75.97,2,15,14,14,F-FIN,No,72.72,95.71,67000,72.72,MaxWell Devonshire Realty,Realty Executives North Star,3,,0.0,7722108,"1719 LAKEWOOD S Road NW, Edmonton, Alberta, Canada",,,
14266704,SF,Edmonton,Ormsby Place,6408 187 Street NW,S,168900,T5T 2N3,2001-05-08,165500,E2109940,8,1674.86,155.6,7,3,4,2,2,2.2,N,1983,ST2,E,17.5,Y,2,"Double Garage Attached, Insulated",,FRAME,"Carpet, Hardwood, Linoleum",100.84,2,8,7,7,F-FIN,Yes,98.81,97.99,165500,98.81,RE/MAX Excellence,RE/MAX Excellence,38,9,0.0,7721450,"6408 187 Street NW, Edmonton, Alberta, Canada","187 Street NW, Jamieson Place, Willowby, West Jasper Place, Edmonton, Alberta, T6M 2L2, Canada",53.4944755,-113.6473421
14251037,SF,Edmonton,Greenview,3948 55 Street,S,299900,T6L 1C2,2010-08-29,300000,E3234081,30,952.61,88.5,2,2,3,2,0,2.0,N,1977,SPLT3,E,0.0,N,2,Double Garage Detached,,FRAME,"Carpet, Linoleum",314.82,3,30,29,29,P-FIN,Yes,314.93,100.03,300000,314.93,MaxWell Devonshire Realty,RE/MAX Real Estate,10,18,500.63,7721465,"3948 55 Street, Edmonton, Alberta, Canada","3948, 55 Street NW, Greenview, Woodvale, Mill Woods, Edmonton, Alberta, T6L 5N3, Canada",53.4749548,-113.4210654
38197050,DUPLEX,Edmonton,Keswick Area,4048 Kinsella Way,S,339900,T6W 4J5,2020-06-13,333000,E4200292,8,1553.98,144.37,7,3,3,2,1,2.1,Y,2019,ST2,S,0.0,N,2,Double Garage Attached,,FRAME,"Carpet, Laminate Flooring, Non-Ceramic Tile",218.73,2,8,8,8,U-FIN,Yes,214.29,97.97,333000,214.29,Century 21 All Stars Realty Ltd,Century 21 All Stars Realty Ltd,2,23,0.0,1920220,"4048 Kinsella Way, Edmonton, Alberta, Canada","Kinsella Way SW, Keswick, Windermere, Edmonton, Alberta, T6W 4J4, Canada",53.4152285,-113.6165952
12602124,DUPLEX,Edmonton,Minchau,4215 36 Avenue,S,309990,T6L 3R8,2017-12-01,305000,E4088794,14,841.74,78.2,4,2,3,1,0,1.0,N,1980,BLEVL,N,0.0,N,0,"Double Garage Detached, Insulated, Rear Drive Access",,FRAME,"Wall to Wall Carpet, Vinyl Plank",368.27,2,14,14,14,F-FIN,Yes,362.35,98.39,305000,362.35,Homes & Gardens Real Estate Limited,RE/MAX Excellence,10,3A,369.8,7922359,"4215 36 Avenue, Edmonton, Alberta, Canada","4215, 36 Avenue NW, Minchau, Ridgewood, Mill Woods, Edmonton, Alberta, T6L 5X2, Canada",53.4672534,-113.4066661
0029672573,SF,Edmonton,Elsinore,10448 182A Avenue,S,388000,T5X 6H2,2019-10-15,375000,E4163661,111,1554.95,144.46,5,3,4,3,1,3.1,Y,2003,ST2,SW,0.0,Y,2,"Double Garage Attached, Front Drive Access",,FRAME,"Carpet, Ceramic Tile, Hardwood",249.53,3,246,243,109,F-FIN,Yes,241.16,96.65,375000,241.16,Re/Max Select,MaxWell Devonshire Realty,83,43,386.84,0227467,"10448 182A Avenue, Edmonton, Alberta, Canada","10448, 182A Avenue NW, Elsinore, Castle Downs, Edmonton, Alberta, T5X 5X3, Canada",53.6441454,-113.5009343
12642352,SF,Edmonton,Crawford Plains,4512 13 Avenue,S,389900,T6L 4A3,2008-05-02,377000,E3129182,84,1646.88,153.0,7,3,3,2,2,2.2,Y,1989,ST2,S,0.0,Y,0,Double Garage Attached,,FRAME,"Carpet, Ceramic Tile, Laminate Flooring",236.75,3,84,83,83,F-FIN,Yes,228.92,96.69,377000,228.92,MaxWell Polaris,Sutton Premiere Real Estate,38,28,527.33,7823020,"4512 13 Avenue, Edmonton, Alberta, Canada","Alberta Avenue, Avenue District, Edmonton, Alberta, Canada",53.5685056,-113.48521
0016311078,SF,Edmonton,Beverly Heights,3636 117 Avenue,S,329900,T5W 0X8,2022-01-07,310000,E4263179,112,1547.74,143.79,6,3,4,1,2,1.2,Y,1983,ST1.5,S,0.0,Y,2,Double Garage Detached,,FRAME,"Carpet, Linoleum",213.15,3,214,214,112,F-FIN,Yes,200.29,93.97,310000,200.29,RE/MAX Elite,RE/MAX Elite,13,48,0.0,6194KS,"3636 117 Avenue, Edmonton, Alberta, Canada","3636, 117 Avenue NW, Beverly Heights, Beverly, Edmonton, Alberta, T5W 0X9, Canada",53.5695135,-113.398778
12821864,SF,Edmonton,Grovenor,14830 104 Avenue,S,324900,T5N 0X7,2007-04-30,320000,E3087048,16,819.78,76.16,4,2,3,2,0,2.0,N,1950,BUNG,S,14.53,N,2,Double Garage Detached,,FRAME,"Carpet, Hardwood, Linoleum",396.33,2,16,16,16,F-FIN,Yes,390.35,98.49,320000,390.35,MaxWell Polaris,The Good Real Estate Company,10,15,479.91,1131HW,"14830 104 Avenue, Edmonton, Alberta, Canada","14830, 104 Avenue NW, Grovenor, Western Mature Area, Edmonton, Alberta, T5N 0X2, Canada",53.5465223,-113.5778339
10151017,SF,Edmonton,Lynnwood,8004 156 Street,S,299900,T5R 1Y1,2012-06-09,295000,E3302908,13,1076.39,100.0,5,3,4,1,1,1.1,N,1959,BUNG,E,0.0,N,1,Single Garage Detached,,FRAME,"Carpet, Hardwood, Linoleum",278.62,2,13,13,13,F-FIN,Yes,274.06,98.37,295000,274.06,Royal Lepage Noralta Real Estate,Royal Lepage Noralta Real Estate,6,1,633.81,5559KS,"8004 156 Street, Edmonton, Alberta, Canada","156 Street Northwest Business Park, Northwest Industrial, Edmonton, Alberta, T5M 3N4, Canada",53.5689196,-113.5888318
19233667,SF,Edmonton,Glenwood,9635 161 Street NW,S,99900,T5P 3H2,2001-02-24,95000,E2025246,88,764.24,71.0,4,2,2,2,0,2.0,N,1952,BUNG,W,14.7,N,0,No Garage,,FRAME,"Carpet, Linoleum",130.72,2,88,87,87,REMKS,No,124.31,95.1,95000,124.31,Century 21 Metro City,Century 21 Metro City,6,1,0.0,3310HW,"9635 161 Street NW, Edmonton, Alberta, Canada","161 Street NW, Britannia Youngstown, Jasper Place, Edmonton, Alberta, T5P 0M3, Canada",53.5430825,-113.5992024
0029001260,SF,Edmonton,Oxford,16121 128A Street,S,495000,T6V 1P2,2025-08-11,485000,E4450116,15,1240.32,115.23,6,3,5,3,0,3.0,Y,2002,BLEVL,W,0.0,Y,2,Double Garage Attached,,FRAME,"Carpet, Linoleum",399.09,2,15,14,14,F-FIN,Yes,391.03,97.98,485000,391.03,RE/MAX Elite,RE/MAX Elite,9,27,436.86,0124241,"16121 128A Street, Edmonton, Alberta, Canada","128A Street NW, Cumberland, The Palisades, Edmonton, Alberta, T6V 0A3, Canada",53.6057597,-113.5436502
0010312395,COND,Edmonton,Northmount,141 ROSELAND Village,S,176000,T5E 5R6,2025-04-26,185000,E4432685,2,1163.58,108.1,6,3,3,1,1,1.1,N,1969,ST2,W,0.0,N,0,Stall,Roseland Village,FRAME,Laminate Flooring,151.26,2,2,1,1,U-FIN,No,158.99,105.11,185000,158.99,Royal LePage Noralta Real Estate,Liv Real Estate,,,247.98,8622870,"141 ROSELAND Village, Edmonton, Alberta, Canada","Roseland Village, Northern Mature Area, Edmonton, Alberta, Canada",53.6033359,-113.4747808
20546868,SF,Edmonton,King Edward Park,8726 81 Avenue,S,329900,T6C 0W6,2013-05-08,317000,E3333840,20,868.65,80.7,5,2,4,1,0,1.0,N,1950,BUNG,S,0.0,N,0,Single Garage Detached,,FRAME,"Carpet, Hardwood, Linoleum",379.79,2,20,18,18,P-FIN,Yes,364.94,96.09,317000,364.94,RE/MAX Elite,The Good Real Estate Company,23,8,507.19,1389HW,"8726 81 Avenue, Edmonton, Alberta, Canada","8726, 81 Avenue NW, King Edward Park, Mill Creek South, Edmonton, Alberta, T6C 0Y9, Canada",53.517079,-113.4625944
32478240,COND,Edmonton,Bonnie Doon,117 8528 82 Avenue,S,224800,T6C 0Y8,2013-12-12,210000,E3353273,77,853.58,79.3,4,2,2,2,0,2.0,Y,2006,APART,N,0.0,Y,1,"Parkade, Underground",Belcanto Court,FRAME,"Ceramic Tile, Laminate Flooring",263.36,1,258,258,77,,No,246.02,93.42,210000,246.02,RE/MAX River City,RE/MAX Real Estate Centre,,,41.9,725491,"117 8528 82 Avenue, Edmonton, Alberta, Canada",,,
10767523,SF,Edmonton,Rhatigan Ridge,147 Rhatigan Road E,S,519900,T6R 1N5,2021-04-23,516250,E4236707,17,2040.84,189.6,9,4,5,2,1,2.1,Y,1987,ST2,SW,0.0,Y,2,"Double Garage Attached, Front Drive Access",,FRAME,"Hardwood, Linoleum, Wall to Wall Carpet",254.75,3,17,17,17,P-FIN,Yes,252.96,99.3,516250,252.96,Schmidt Realty Group Inc,RE/MAX Elite,105,36,768.24,8621494,"147 Rhatigan Road E, Edmonton, Alberta, Canada","147, Rhatigan Road East NW, Rhatigan Ridge, Riverbend Community, Riverbend, Edmonton, Alberta, T6R 2H7, Canada",53.4744968,-113.5792986
20452322,VLOT,Edmonton,Balwin,12704 71 Avenue,S,109000,T5C 0M1,2005-05-09,107000,E3028286,30,0.0,0.0,0,0,0,0,0,0.0,N,0,,,0.0,N,0,,,,,0.0,0,30,27,27,REMKS,,0.0,98.17,107000,0.0,MaxWell Polaris,MaxWell Polaris,18,11 & 12,422.92,1497AE,"12704 71 Avenue, Edmonton, Alberta, Canada","71 Avenue NW, Avonmore, Mill Creek South, Edmonton, Alberta, T6E 4N7, Canada",53.5076498,-113.4490947
13194329,SF,Edmonton,Carlisle,14027 118 Street,S,312900,T5X 4K8,2012-11-15,302900,E3317805,35,1143.13,106.2,6,3,4,2,1,2.1,Y,1979,BUNG,NW,0.0,N,2,Double Garage Detached,,FRAME,"Carpet, Hardwood",273.72,2,35,35,35,F-FIN,Yes,264.98,96.8,302900,264.98,MaxWell Challenge Realty,Sterling Real Estate,20,70,518.12,7823434,"14027 118 Street, Edmonton, Alberta, Canada","14027, 118 Street NW, Carlisle, Castle Downs, Edmonton, Alberta, T5X 4H7, Canada",53.6028484,-113.5239636
0018651357,SF,Edmonton,Carter Crest,121 CARLSON Close,S,584900,T6R 2J8,2023-03-09,565000,E4325689,41,2245.35,208.6,6,3,4,3,1,3.1,Y,1993,ST2,N,0.0,Y,2,Double Garage Attached,,FRAME,"Carpet, Ceramic Tile, Hardwood",260.49,3,41,41,41,F-FIN,Yes,251.63,96.6,565000,251.63,Century 21 Masters,MaxWell Progressive,140,71,0.0,9121813,"121 CARLSON Close, Edmonton, Alberta, Canada",,,
10861862,SF,Edmonton,Belvedere,5523 134 Avenue,S,286500,T5A 0L1,2009-12-21,278000,E3200302,92,887.91,82.49,5,3,4,2,0,2.0,N,1964,BUNG,N,0.0,N,2,"Double Garage Detached, Over Sized",,FRAME,"Ceramic Tile, Hardwood, Laminate Flooring",322.67,2,92,91,91,F-FIN,Yes,313.09,97.03,278000,313.09,RE/MAX Advantage,Century 21 Royal Real Estate,14,13,556.97,2676MC,"5523 134 Avenue, Edmonton, Alberta, Canada","5523, 134 Avenue NW, Belvedere, Northern Mature Area, Edmonton, Alberta, T5A 1C2, Canada",53.5950059,-113.4292765
10794626,SF,Edmonton,Prince Rupert,11111 118 Street NW,S,124900,T5G 2W8,2001-01-17,120000,E2100073,16,920.31,85.5,5,2,2,1,0,1.0,N,1952,BUNG,W,0.0,N,2,Double Garage Detached,,FRAME,"Carpet, Hardwood, Linoleum",135.71,2,16,15,15,P-FIN,Yes,130.39,96.08,120000,130.39,Coldwell Banker Venture Realty,RE/MAX Excellence,17A,14,0.0,3453HW,"11111 118 Street NW, Edmonton, Alberta, Canada","11111, 118 Street NW, Prince Rupert, Western Mature Area, Edmonton, Alberta, T5G 0E1, Canada",53.5607423,-113.5248273
12825783,SF,Edmonton,Klarvatten,8723 170 Avenue,S,384900,T5Y 2Y7,2020-06-17,372000,E4197234,34,1922.43,178.6,8,4,4,2,1,2.1,Y,1990,SPLT4,NE,0.0,N,0,Double Garage Attached,,FRAME,"Carpet, Linoleum",200.22,3,34,34,34,U-FIN,Yes,193.5,96.65,372000,193.5,Re/Max Select,Re/Max Select,8,55,549.03,9020464,"8723 170 Avenue, Edmonton, Alberta, Canada","8723, 170 Avenue NW, Klarvatten, Lake District, Edmonton, Alberta, T5Z 2X4, Canada",53.6309596,-113.4766724
0034054221,COND,Edmonton,Glenwood,114 9820 165 Street,S,139800,T5P 0N3,2023-11-06,134000,E4363747,8,763.59,70.94,5,1,1,1,0,1.0,N,2008,APART,S,0.0,N,1,"Heated, Underground",Vanier The,FRAME,"Carpet, Ceramic Tile, Engineered Wood",183.08,1,8,8,8,NBASE,No,175.49,95.85,134000,175.49,RE/MAX Real Estate,RE/MAX Excellence,,,59.2,0929561,"114 9820 165 Street, Edmonton, Alberta, Canada",,,
10903599,SF,Edmonton,Beaumaris,10210 154 Avenue,S,398000,T5X 5R1,2010-09-08,385000,E3226674,105,1957.2,181.83,7,3,4,3,1,3.1,Y,1987,ST2,W,0.0,Y,2,Double Garage Attached,,FRAME,"Carpet, Linoleum",203.35,3,105,100,100,F-FIN,Yes,196.71,96.73,385000,196.71,RE/MAX Elite,RE/MAX Elite,62,18,518.31,8621172,"10210 154 Avenue, Edmonton, Alberta, Canada","154 Avenue NW, Pilot Sound, Edmonton, Alberta, T5Y 0E8, Canada",53.6164057,-113.4201454
13348768,SF,Edmonton,Daly Grove,3531 22 Avenue,S,319900,T6L 3E5,2010-10-22,320000,E3240877,23,1193.72,110.9,6,3,4,2,1,2.1,Y,1980,BUNG,N,0.0,Y,2,Double Garage Attached,,FRAME,"Carpet, Ceramic Tile, Hardwood",267.99,2,23,20,20,F-FIN,Yes,268.07,100.03,320000,268.07,Royal Lepage Noralta Real Estate,RE/MAX Real Estate,21,16,536.75,7823018,"3531 22 Avenue, Edmonton, Alberta, Canada","22 Avenue, Stillwater, Riverview, Edmonton, Alberta, T6M 2P6, Canada",53.4536182,-113.6780253
37476348,COND,Edmonton,Crystallina Nera West,106 17832 78 Street,S,217000,T5Z 0G5,2021-11-09,208000,E4259092,84,732.27,68.03,5,2,2,1,0,1.0,N,2016,APART,E,0.0,N,0,Single Garage Attached,Altius Crystallina,FRAME,"Carpet, Ceramic Tile, Vinyl Plank",296.34,2,84,84,84,NBASE,Yes,284.05,95.85,208000,284.05,Sterling Real Estate,Century 21 Masters,,,113.62,1622441,"106 17832 78 Street, Edmonton, Alberta, Canada",,,
31984107,COND,Edmonton,Mill Woods Town Centre,374 2750 55 Street,S,245300,T6L 7H5,2018-06-11,230000,E4107694,47,969.5,90.07,5,2,2,1,0,1.0,N,2005,APART,NE,0.0,N,0,"Heated, Parkade, Stall, Underground",Estates At Lakeside The,FRAME,"Carpet, Linoleum",253.02,1,138,135,44,NBASE,No,237.23,93.76,230000,237.23,MaxWell Challenge Realty,RE/MAX Real Estate,,,0.0,520550,"374 2750 55 Street, Edmonton, Alberta, Canada",,,
0028528298,COND,Edmonton,Downtown,403 10301 109 Street,S,249900,T5J 1N4,2023-05-05,249900,E4329632,64,845.61,78.56,4,1,1,1,0,1.0,N,1922,LOFT,W,0.0,N,1,"Heated, Parkade, Underground",Maccosham Lofts,FRAME,"Hardwood, Slate",295.53,1,155,155,64,NBASE,No,295.53,100.0,249900,295.53,Liv Real Estate,Schmidt Realty Group Inc,,,0.0,0023403,"403 10301 109 Street, Edmonton, Alberta, Canada",,,
35444950,SF,Edmonton,Callaghan,1350 cunningham Drive SW,S,549000,T6W 0Y3,2014-12-03,535000,E3394103,37,2111.98,196.21,8,3,3,2,1,2.1,Y,2014,ST2,W,0.0,N,0,Double Garage Attached,,FRAME,"Carpet, Ceramic Tile, Hardwood",259.95,2,37,37,37,U-FIN,Yes,253.32,97.45,535000,253.32,RE/MAX Real Estate,Century 21 Signature Realty,7,2,0.0,1224431,"1350 cunningham Drive SW, Edmonton, Alberta, Canada","Cunningham Drive SW, Callaghan, Heritage Valley, Edmonton, Alberta, T6W 0W8, Canada",53.4075893,-113.5296098
29849171,COND,Edmonton,Oliver,203 10225 114 Street,S,75900,T5K 1S1,2003-07-21,76000,E2302222,172,527.43,49.0,4,1,1,1,0,1.0,N,1967,,W,0.0,N,0,"Off Street, Stall, See Remarks",Crown Royal,FRAME,"Carpet, Linoleum",143.91,1,353,351,171,NBASE,No,144.09,100.13,76000,144.09,MaxWell Challenge Realty,REALTYi GROUP,,,0.0,321632,"203 10225 114 Street, Edmonton, Alberta, Canada",,,
16412991,SF,Edmonton,Ottewell,6708 97 Avenue,S,399000,T6B 1C5,2010-04-05,393500,E3216890,8,1193.07,110.84,6,3,3,2,0,2.0,N,1959,BUNG,S,0.0,Y,2,Double Garage Detached,,FRAME,"Hardwood, Linoleum, Slate",334.43,2,8,7,7,F-FIN,Yes,329.82,98.62,393500,329.82,MaxWell Polaris,Royal Lepage Noralta Real Estate,12,30,557.12,6083KS,"6708 97 Avenue, Edmonton, Alberta, Canada","6708, 97 Avenue NW, Ottewell, Edmonton, Alberta, T6B 1A6, Canada",53.5364969,-113.4319033
10542265,SF,Edmonton,Aldergrove,18611 86 Avenue,S,340000,T5T 1J3,2017-03-10,335000,E4052642,11,1489.72,138.4,7,3,6,2,0,2.0,Y,1975,BUNG,SE,0.0,Y,2,Double Garage Attached,,FRAME,"Carpet, Ceramic Tile, Hardwood",228.23,2,104,103,10,F-FIN,Yes,224.87,98.53,335000,224.87,MaxWell Polaris,RE/MAX River City,26,48,739.16,4613TR,"18611 86 Avenue, Edmonton, Alberta, Canada","18611, 86 Avenue NW, Aldergrove, West Jasper Place, Edmonton, Alberta, T5T 1N4, Canada",53.519771,-113.6452446
12961356,COND,Edmonton,Ormsby Place,18420 62B Avenue NW,S,102000,,2003-03-11,105000,E2304344,14,880.49,81.8,6,3,3,1,0,1.0,N,1978,ST2,S,0.0,N,0,Stall,Kylewood Court,FRAME,"Carpet, Linoleum",115.84,0,14,12,12,U-FIN,No,119.25,102.94,105000,119.25,RE/MAX River City,RE/MAX Real Estate,21,,0.0,7822426,"18420 62B Avenue NW, Edmonton, Alberta, Canada","62B Avenue NW, Ormsby Place, Willowby, West Jasper Place, Edmonton, Alberta, T5T 3K1, Canada",53.4965584,-113.6327282
13109640,SF,Edmonton,Carlisle,14015 118 Street NW,S,174900,,2003-04-21,171900,E2305322,42,1101.15,102.3,6,3,4,2,0,2.0,N,1979,BUNG,W,0.0,Y,2,"Double Garage Detached, Insulated, Over Sized",,FRAME,"Carpet, Hardwood, Laminate Flooring",158.83,2,42,41,41,F-FIN,Yes,156.11,98.28,171900,156.11,RE/MAX Real Estate,Century 21 Platinum Realty,20,73,0.0,7823434,"14015 118 Street NW, Edmonton, Alberta, Canada","14015, 118 Street NW, Carlisle, Castle Downs, Edmonton, Alberta, T5X 4H7, Canada",53.6025568,-113.5239701
17696056,SF,Edmonton,Britannia Youngstown,10455 161 Street,S,336999,T5P 3J6,2014-07-16,324500,E3378517,36,935.38,86.9,6,3,5,2,0,2.0,N,1959,BUNG,W,15.69,N,2,"Double Garage Detached, Single Carport, See Remarks",,FRAME,"Hardwood, Laminate Flooring, Parquet",360.28,2,36,36,36,F-FIN,Yes,346.92,96.29,324500,346.92,Realtors Association of Edmont,MaxWell Devonshire Realty,12,13,729.41,4414KS,"10455 161 Street, Edmonton, Alberta, Canada","161 Street NW, Sheffield Industrial, Mayfield, Northwest Industrial, Edmonton, Alberta, T5M 3R5, Canada",53.5598388,-113.5988404
17376443,SF,Edmonton,Steinhauer,10730 32A Avenue NW,S,169900,T6J 2Y9,2000-07-21,167500,E2014477,25,1689.93,157.0,7,3,3,2,1,2.1,Y,1975,BUNG,S,16.7,Y,2,Double Garage Attached,,FRAME,"Carpet, Hardwood, Linoleum",100.54,1,25,22,22,P-FIN,Yes,99.12,98.59,167500,99.12,RE/MAX Real Estate,RE/MAX Real Estate Centre,2,11,0.0,4786TR,"10730 32A Avenue NW, Edmonton, Alberta, Canada","10730, 32A Avenue NW, Steinhauer, Kaskitayo, Edmonton, Alberta, T6J 4A6, Canada",53.4652249,-113.5068197
29823887,COND,Edmonton,Oliver,305 9955 114 Street,S,154000,T5K 1P7,2020-01-23,142000,E4185039,3,468.01,43.48,1,1,1,1,0,1.0,Y,1912,APART,W,0.0,N,0,On Street,Westminster The,FRAME,"Cork Flooring, Hardwood",329.05,3,3,0,0,NBASE,No,303.41,92.21,142000,303.41,RE/MAX Elite,Digger Real Estate Inc.,,,23.2,321240,"305 9955 114 Street, Edmonton, Alberta, Canada",,,
16385412,COND,Edmonton,Oliver,704 10160 114 Street,S,164900,T5K 2L2,2009-10-03,157500,E3195246,61,602.78,56.0,3,1,1,1,0,1.0,N,1979,APART,E,0.0,N,0,,Hargate The,CONCR,"Laminate Flooring, Linoleum",273.57,1,61,61,61,,No,261.29,95.51,157500,261.29,RE/MAX Real Estate,RE/MAX Elite,160,,25.79,9023697,"704 10160 114 Street, Edmonton, Alberta, Canada",,,
16297301,SF,Edmonton,Kilkenny,15016 72 Street,S,329900,T5C 0R9,2014-04-02,316000,E3366264,16,1152.38,107.06,6,3,3,1,1,1.1,Y,1969,SPLT3,E,0.0,Y,2,"Double Garage Detached, RV Parking",,FRAME,"Ceramic Tile, Hardwood, Laminate Flooring",286.28,3,16,16,16,F-FIN,Yes,274.21,95.79,316000,274.21,RE/MAX Real Estate,MaxWell Challenge Realty,33,48,568.43,6143NY,"15016 72 Street, Edmonton, Alberta, Canada","15016, 72 Street NW, Kilkenny, Londonderry, Northern Mature Area, Edmonton, Alberta, T5C 0R9, Canada",53.6123293,-113.449179
32886079,DUPLEX,Edmonton,Laurel,2125 28 Street,S,289900,T6T 0K2,2009-06-12,285000,E3184688,35,1363.79,126.7,4,4,4,2,1,2.1,Y,2009,ST2,W,0.0,Y,1,Single Garage Attached,,FRAME,"Carpet, Laminate Flooring, Linoleum",212.57,2,35,35,35,U-FIN,Yes,208.98,98.31,285000,208.98,MaxWell Polaris,MaxWell Polaris,3,11A,269.93,740223,"2125 28 Street, Edmonton, Alberta, Canada","28 Street NW, Larkspur, West Meadows, The Meadows, Edmonton, Alberta, T6T 1G7, Canada",53.4763662,-113.3824035
12907283,SF,Edmonton,Pollard Meadows,1703 48A Street,S,339700,T6L 2X9,2016-07-02,330000,E4026009,18,1152.81,107.1,6,3,5,3,0,3.0,Y,1990,BLEVL,NW,0.0,Y,0,"No Garage, Off Street, Parking Pad Cement/Paved",,FRAME,"Laminate Flooring, Linoleum",294.67,2,18,16,16,F-FIN,No,286.26,97.14,330000,286.26,Century 21 A.L.L. Stars Realty Ltd,RE/MAX Real Estate,9,49,674.89,7823024,"1703 48A Street, Edmonton, Alberta, Canada","1703, 48A Street NW, Pollard Meadows, Southwood, Mill Woods, Edmonton, Alberta, T6L 6H9, Canada",53.4462982,-113.415393
11468816,SF,Edmonton,Lendrum Place,11408 58 Avenue,S,515000,T6H 1C7,2020-05-23,543100,E4197951,2,1083.92,100.7,6,3,4,1,1,1.1,N,1961,SPLT4,S,0.0,Y,2,Double Garage Detached,,FRAME,"Carpet, Hardwood, Laminate Flooring",475.13,3,2,2,2,P-FIN,Yes,501.05,105.46,543100,501.05,MaxWell Polaris,MaxWell Devonshire Realty,13,11,594.51,2955MC,"11408 58 Avenue, Edmonton, Alberta, Canada","11408, 58 Avenue NW, Lendrum Place, Edmonton, Alberta, T6H 3M1, Canada",53.4950074,-113.5277385
23693617,COND,Edmonton,Kirkness,7 3645 145 Avenue,S,147900,T5Y 2S3,2004-12-21,144500,E3016444,26,1177.57,109.4,6,2,2,2,1,2.1,Y,1992,ST2,N,0.0,Y,1,"Front Drive Access, Insulated, Parking Pad Cement/Paved, Single Garage Attached",Victory Village,FRAME,"Carpet, Laminate Flooring, Linoleum",125.6,3,26,26,26,F-FIN,Yes,122.71,97.7,144500,122.71,RE/MAX Elite,Royal Lepage Best Locations,7,,230.0,9222873,"7 3645 145 Avenue, Edmonton, Alberta, Canada","7-Eleven, 145 Avenue NW, Caernarvon, Castle Downs, Edmonton, Alberta, T5X 1S6, Canada",53.6076704,-113.527379
0035070937,COND,Edmonton,Walker,38-655 WATT Boulevard,S,269900,T6X 0Y2,2022-05-13,265000,E4288776,22,1135.7,105.51,5,2,2,2,1,2.1,Y,2011,ST2,S,0.0,N,2,Double Garage Attached,Southern Springs,FRAME,"Carpet, Ceramic Tile, Laminate Flooring",237.65,3,22,22,22,F-FIN,Yes,233.34,98.18,265000,233.34,Century 21 All Stars Realty Ltd,Liv Real Estate,,,107.9,1124008,"38-655 WATT Boulevard, Edmonton, Alberta, Canada",,,
10427855,SF,Edmonton,Balwin,7403 132 Avenue,S,103900,T5C 3C6,2005-09-10,101500,E3039673,39,964.45,89.6,4,2,2,1,0,1.0,N,1940,ST1.5,N,12.1,N,0,Single Carport,,FRAME,"Hardwood, Laminate Flooring",107.73,1,39,15,15,REMKS,No,105.24,97.69,101500,105.24,Realty Executives Synergy,Realty Executives Synergy,16,9,453.07,4422MC,"7403 132 Avenue, Edmonton, Alberta, Canada","7403, 132 Avenue NW, Balwin, Northern Mature Area, Edmonton, Alberta, T5C 1Y2, Canada",53.5921234,-113.4555753
32341240,DUPLEX,Edmonton,The Hamptons,21105 60 Avenue,S,334800,T6M 0H6,2014-09-27,327500,E3389078,25,1229.24,114.2,5,3,3,2,1,2.1,Y,2009,ST2,N,0.0,N,2,"Off Street, On Street, Parking Pad Cement/Paved, Rear Drive Access",,FRAME,"Carpet, Ceramic Tile, Laminate Flooring",272.36,2,25,25,25,U-FIN,No,266.43,97.82,327500,266.43,MaxWell Challenge Realty,RE/MAX Real Estate,41,29B,262.71,722780,"21105 60 Avenue, Edmonton, Alberta, Canada","21105, 60 Avenue NW, The Hamptons, The Grange, Edmonton, Alberta, T6M 0H6, Canada",53.495537,-113.6847975
27650704,SF,Edmonton,Falconer Heights,1665 FORBES Way,S,399800,T6R 2R9,2009-01-30,380000,E3164337,114,1654.41,153.7,6,3,5,3,1,3.1,Y,2001,ST2,W,12.2,Y,2,Double Garage Attached,,FRAME,"Carpet, Hardwood, Linoleum",241.66,3,114,113,113,F-FIN,Yes,229.69,95.05,380000,229.69,Liv Real Estate,Royal Lepage Noralta Real Estate,117,56,489.0,9825021,"1665 FORBES Way, Edmonton, Alberta, Canada","1665, Forbes Way NW, Falconer Heights, The Ridge, Riverbend, Edmonton, Alberta, T6R 2E1, Canada",53.4689273,-113.5907321
10786052,COND,Edmonton,Casselman,14508 56 Street,S,115900,T5A 3R1,2005-08-17,111000,E3035022,44,1096.84,101.9,6,3,3,1,1,1.1,N,1977,ST2,E,0.0,N,0,Stall,Steele Heights Condo,FRAME,"Carpet, Linoleum",105.67,3,44,44,44,F-FIN,No,101.2,95.77,111000,101.2,Century 21 All Stars Realty Ltd,RE/MAX Real Estate,,56,220.14,7720944,"14508 56 Street, Edmonton, Alberta, Canada","14508, 56 Street NW, York, Casselman-Steele Heights, Edmonton, Alberta, T5A 5A1, Canada",53.6086841,-113.4271731
11552529,SF,Edmonton,Parkallen,10927 62 Avenue,S,329900,T6H 1N3,2007-09-10,300000,E3106585,39,828.82,77.0,4,2,2,1,0,1.0,N,1951,BUNG,N,12.8,N,2,Double Garage Detached,,FRAME,Hardwood,398.04,2,39,36,36,P-FIN,Yes,361.96,90.94,300000,361.96,MaxWell Devonshire Realty,MaxWell Devonshire Realty,22,12,546.23,2609HW,"10927 62 Avenue, Edmonton, Alberta, Canada","10927, 62 Avenue NW, Parkallen, Greater Strathcona, Edmonton, Alberta, T6H 3G1, Canada",53.4988458,-113.5151136
29572485,SF,Edmonton,Cumberland,378 CALDERON Crescent,S,459900,T6V 1R8,2010-09-23,446000,E3237723,22,1864.31,173.2,6,3,3,2,1,2.1,Y,2003,ST2,N,0.0,Y,2,Double Garage Attached,,FRAME,"Carpet, Ceramic Tile",246.69,2,22,21,21,U-FIN,Yes,239.23,96.98,446000,239.23,Logic Realty,RE/MAX Excellence,31,1,464.25,226399,"378 CALDERON Crescent, Edmonton, Alberta, Canada","Calderon Crescent NW, Cumberland, The Palisades, Edmonton, Alberta, T6V 1V3, Canada",53.6093214,-113.55377
13917265,COND,Edmonton,Oliver,604 10155 114 Street,S,134500,T5K 1R8,2004-12-07,130000,E3016348,15,1130.21,105.0,5,2,2,1,1,1.1,N,1977,APART,S,0.0,N,0,Stall,B And H Towers,UNKWN,"Linoleum, Wall to Wall Carpet",119.0,1,138,135,15,NBASE,No,115.02,96.65,130000,115.02,RE/MAX Excellence,RE/MAX Real Estate,,21,34.56,7820751,"604 10155 114 Street, Edmonton, Alberta, Canada",,,
30747794,COND,Edmonton,Westmount,218 12110 106 Avenue NW,S,298800,T5H 4R9,2013-07-04,289000,E3339628,36,1173.27,109.0,6,2,2,2,0,2.0,Y,2004,APART,E,0.0,Y,1,Underground,Glenora Mansion,FRAME,"Ceramic Tile, Laminate Flooring",254.67,1,36,36,36,NBASE,No,246.32,96.72,289000,246.32,RE/MAX Real Estate Centre,RE/MAX Real Estate,,,86.11,425880,"218 12110 106 Avenue NW, Edmonton, Alberta, Canada",,,
0037333458,COND,Edmonton,Ermineskin,108 2755 109 Street,S,259900,T6J 5S4,2024-03-06,225000,E4366578,99,647.66,60.17,5,1,1,1,0,1.0,N,2016,APART,W,0.0,N,1,"Heated, Underground",Shepherdâ€™s Garden Heritage,STEEL,"Ceramic Tile, Engineered Wood",401.29,1,99,97,97,NBASE,No,347.4,86.57,225000,347.4,Century 21 Masters,Homes & Gardens Real Estate Limited,,,22.92,1623512,"108 2755 109 Street, Edmonton, Alberta, Canada","109 Street & 108 Avenue, 109 Street NW, Queen Mary Park, Central Core, Edmonton, Alberta, T5H 3C1, Canada",53.5532536,-113.5086201
2222206880,COND,Edmonton,Schonsee,4 16903 68 Street,S,304000,T5Z 0K9,2017-07-28,304000,E4059207,107,1499.95,139.35,6,3,3,2,1,2.1,Y,2017,ST2,E,0.0,Y,2,"Double Carport, Double Garage Attached",Allentown,FRAME,"Carpet, Laminate Flooring, Vinyl Plank",202.67,2,107,106,106,NBASE,Yes,202.67,100.0,304000,202.67,REALTORSÂ® Association of Edmonton,Royal Lepage Arteam Realty,,,0.0,1720972,"4 16903 68 Street, Edmonton, Alberta, Canada",,,
0039216221,COND,Edmonton,Trumpeter Area,10 13119 209 Street,S,479998,T5S 0N1,2024-08-28,477373,E4400610,23,1376.27,127.86,6,3,3,2,1,2.1,Y,2024,ST2,SW,0.0,N,0,"Over Sized, Single Garage Attached",No Name,FRAME,"Carpet, Vinyl Plank",348.77,2,23,23,23,U-FIN,Yes,346.86,99.45,477373,346.86,Schmidt Realty Group Inc,Royal Lepage Arteam Realty,,,485.0,2221649,"10 13119 209 Street, Edmonton, Alberta, Canada",,,
16487621,SF,Edmonton,Glenwood,9632 161 Street NW,S,144800,T5P 3H1,2003-09-05,138500,E2322298,15,799.76,74.3,4,2,2,2,0,2.0,N,1959,BUNG,E,0.0,Y,2,Double Garage Attached,,FRAME,"Linoleum, Wall to Wall Carpet",181.05,1,15,10,10,F-FIN,Yes,173.18,95.65,138500,173.18,Rancho Realty (Edmonton) Ltd,Rancho Realty (Edmonton) Ltd,7,8,0.0,5919HW,"9632 161 Street NW, Edmonton, Alberta, Canada","161 Street NW, Britannia Youngstown, Jasper Place, Edmonton, Alberta, T5P 0M3, Canada",53.5430825,-113.5992024
11547909,SF,Edmonton,Jamieson Place,18609 55 Avenue NW,S,121900,T6M 1Y9,2001-05-17,117500,E2103724,89,1139.9,105.9,6,3,3,1,1,1.1,N,1983,ST2,E,6.8,N,0,"Rear Drive Access, RV Parking",,FRAME,"Linoleum, Wall to Wall Carpet",106.94,2,89,86,86,U-FIN,No,103.08,96.39,117500,103.08,Interact Realty Inc,RE/MAX Excellence,39,85,0.0,8221724,"18609 55 Avenue NW, Edmonton, Alberta, Canada","18609, 55 Avenue NW, Jamieson Place, Willowby, West Jasper Place, Edmonton, Alberta, T6M 2L2, Canada",53.4914723,-113.6457244
12142626,COND,Edmonton,Oliver,11928 102 Avenue NW,S,132900,T5K 0R7,2002-05-17,127500,E2207503,29,999.97,92.9,5,2,2,1,1,1.1,N,1923,,S,0.0,Y,0,"No Garage, See Remarks",Carnaby Lane,BRICK,Wall to Wall Carpet,132.9,2,29,27,27,U-FIN,No,127.5,95.94,127500,127.5,RE/MAX Real Estate,RE/MAX Excellence,2,,0.0,8022737,"11928 102 Avenue NW, Edmonton, Alberta, Canada","11928, 102 Avenue NW, Wîhkwêntôwin, Central Core, Edmonton, Alberta, T5K 1T6, Canada",53.543133,-113.5281011
0029536795,SF,Edmonton,Macewan,828 MCALLISTER Crescent,S,429828,T6W 1K4,2024-09-12,419000,E4404146,14,1365.72,126.88,6,3,3,2,1,2.1,Y,2003,ST2,S,0.0,N,0,Double Garage Detached,,FRAME,"Carpet, Laminate Flooring, Linoleum",314.73,2,14,14,14,U-FIN,Yes,306.8,97.48,419000,306.8,RE/MAX Excellence,Maxwell Heritage Realty,8,27,321.89,0226042,"828 MCALLISTER Crescent, Edmonton, Alberta, Canada","828, McAllister Crescent SW, MacEwan, Heritage Point, Heritage Valley, Edmonton, Alberta, T6W 1A2, Canada",53.4299924,-113.5205078
27504449,SF,Edmonton,Cumberland,183 COTE Crescent,S,500000,T6V 1L4,2011-01-05,500000,E3246497,14,1462.81,135.9,1,1,3,2,1,2.1,Y,2000,BUNG,SE,0.0,N,0,Double Garage Attached,,FRAME,"Ceramic Tile, Hardwood, Laminate Flooring",341.81,2,14,8,8,P-FIN,Yes,341.81,100.0,500000,341.81,MaxWell Progressive,MaxWell Progressive,23,67,839.0,9822748,"183 COTE Crescent, Edmonton, Alberta, Canada","183, Cote Crescent NW, Cumberland, The Palisades, Edmonton, Alberta, T6V 1S7, Canada",53.6078314,-113.5480442
25913956,COND,Edmonton,Forest Heights,405 10610 76 Street,S,322900,T6A 3Y9,2014-08-01,315000,E3374510,84,1205.56,112.0,5,2,2,2,0,2.0,Y,1993,APART,SE,0.0,N,0,Underground,Californian Capilano,FRAME,"Carpet, Ceramic Tile, Linoleum",267.84,1,84,83,83,,Yes,261.29,97.55,315000,261.29,MaxWell Polaris,MaxWell Challenge Realty,,,112.0,9420461,"405 10610 76 Street, Edmonton, Alberta, Canada",,,
20955721,SF,Edmonton,Highlands,11323 60 Street,S,369999,T5W 3Z2,2015-03-21,362000,E3403098,32,1240.0,115.2,5,2,2,1,1,1.1,N,1950,BUNG,W,0.0,N,1,"Over Sized, Single Garage Detached",,FRAME,"Hardwood, Linoleum",298.39,2,122,121,32,F-FIN,Yes,291.94,97.84,362000,291.94,Marv Sather Real Estate Ltd,Ambergate Realty Advisors,20,21,718.53,707HW,"11323 60 Street, Edmonton, Alberta, Canada","11323, 60 Street NW, Highlands, Greater Highlands, Edmonton, Alberta, T5W 4C2, Canada",53.5692613,-113.4319092
27171313,SF,Edmonton,Beacon Heights,11905 46 Street,S,249900,T5W 2V8,2007-05-23,252000,E3092131,10,612.36,56.89,4,2,3,1,1,1.1,N,1950,BUNG,W,0.0,N,0,"Front Drive Access, Off Street",,FRAME,"Carpet, Ceramic Tile, Laminate Flooring",408.09,2,10,10,10,F-FIN,No,411.52,100.84,252000,411.52,MaxWell Polaris,RE/MAX Excellence,13,E,575.48,8119AH,"11905 46 Street, Edmonton, Alberta, Canada","11905, 46 Street NW, Beacon Heights, Beverly, Edmonton, Alberta, T5W 1A9, Canada",53.5720368,-113.4120527
14190425,SF,Edmonton,Kernohan,13507 26 Street NW,S,169900,T5A 3V9,2003-10-10,162000,E2325272,18,1314.27,122.1,6,3,4,2,1,2.1,N,1977,BUNG,W,0.0,Y,2,"Double Garage Detached, Heated, Insulated",,FRAME,"Linoleum, Wall to Wall Carpet",129.27,1,18,15,15,P-FIN,Yes,123.26,95.35,162000,123.26,RE/MAX Real Estate,Royal Lepage Arteam Realty,35,34,0.0,7621843,"13507 26 Street NW, Edmonton, Alberta, Canada","26 Street NW, Bannerman, Clareview, Edmonton, Alberta, T5Y 2B6, Canada",53.6042366,-113.3823138
0039107164,SF,Edmonton,Grovenor,10223A 146 Street,S,699888,T5N 3A1,2024-06-07,683500,E4387844,22,1904.13,176.9,9,4,6,4,0,4.0,Y,2023,ST2,W,0.0,Y,0,Double Garage Detached,,FRAME,"Carpet, Ceramic Tile, Vinyl Plank",367.56,3,273,273,22,F-FIN,Yes,358.96,97.66,683500,358.96,RE/MAX Excellence,MaxWell Polaris,A,40B,328.03,2220601,"10223A 146 Street, Edmonton, Alberta, Canada",,,
20313243,SF,Edmonton,King Edward Park,7927 78 Avenue,S,414900,T6C 0N1,2021-02-09,414900,E4226508,15,884.68,82.19,5,2,3,2,0,2.0,N,1950,BUNG,N,12.5,N,2,"Double Garage Detached, Heated, Insulated, Over Sized, RV Parking, Shop",,FRAME,"Cork Flooring, Hardwood, Slate",468.98,2,15,13,13,F-FIN,Yes,468.98,100.0,414900,468.98,Exp Realty,Century 21 All Stars Realty Ltd,42,24,495.86,1738HW,"7927 78 Avenue, Edmonton, Alberta, Canada","7927, 78 Avenue NW, King Edward Park, Mill Creek South, Edmonton, Alberta, T6C 2N1, Canada",53.5140779,-113.4503111
0010340297,SF,Edmonton,Steinhauer,3105 110A Street,S,475000,T6J 3E9,2024-12-23,462500,E4414434,31,1490.15,138.44,6,2,2,3,0,3.0,Y,1976,BUNG,W,0.0,N,0,Double Garage Attached,,FRAME,"Ceramic Tile, Hardwood, Wall to Wall Carpet",318.76,2,31,31,31,P-FIN,Yes,310.37,97.37,462500,310.37,Real Broker,RE/MAX Elite,6,13,636.74,4786TR,"3105 110A Street, Edmonton, Alberta, Canada","110A Street NW, Steinhauer, Kaskitayo, Edmonton, Alberta, T6J 5V6, Canada",53.4637521,-113.5144841
0015785208,SF,Edmonton,Idylwylde,8129 84 Avenue,S,329900,T6C 1C6,2023-09-26,320000,E4357821,18,1069.93,99.4,3,3,5,2,0,2.0,N,1967,BUNG,N,0.0,N,0,Single Garage Detached,,FRAME,"Carpet, Linoleum",308.34,2,18,17,17,F-FIN,Yes,299.08,97.0,320000,299.08,RE/MAX Real Estate,Homes & Gardens Real Estate Limited,33A,9,368.27,7636AJ,"8129 84 Avenue, Edmonton, Alberta, Canada","8129, 84 Avenue NW, Idylwylde, Edmonton, Alberta, T6C 0Y4, Canada",53.5198269,-113.4536896
28578277,SF,Edmonton,Summerside,203 SHEPPARD Crest,S,548888,T6X 1B3,2015-04-27,545000,E3411317,10,2190.45,203.5,7,3,4,3,1,3.1,Y,2002,ST2,SW,0.0,Y,2,Double Garage Attached,,FRAME,"Ceramic Tile, Hardwood",250.58,3,10,9,9,F-FIN,Yes,248.81,99.29,545000,248.81,MaxWell Polaris,Century 21 A.L.L. Stars Realty Ltd,2,29,546.55,23927,"203 SHEPPARD Crest, Edmonton, Alberta, Canada",,,
0029026945,SF,Edmonton,Silver Berry,2813 32A Street,S,424900,T6T 1T3,2019-07-03,410000,E4149319,96,1519.86,141.2,7,3,6,3,0,3.0,Y,2002,BLEVL,W,0.0,N,0,Double Garage Attached,,FRAME,"Carpet, Ceramic Tile, Hardwood",279.56,2,338,338,96,F-FIN,Yes,269.76,96.49,410000,269.76,RE/MAX River City,Century 21 All Stars Realty Ltd,6,22,602.33,0124654,"2813 32A Street, Edmonton, Alberta, Canada","2813, 32A Street NW, Silver Berry, West Meadows, The Meadows, Edmonton, Alberta, T6T 1P5, Canada",53.4594718,-113.3874074
17313909,SF,Edmonton,Sweet Grass,3036 116 Street NW,S,259800,,2004-04-22,259000,E2410823,3,2003.16,186.1,7,4,4,2,1,2.1,N,1976,ST2,E,0.0,N,2,Double Garage Attached,,FRAME,"Carpet, Linoleum",129.69,2,3,0,0,P-FIN,Yes,129.3,99.69,259000,129.3,MaxWell Polaris,MaxWell Polaris,5,31,0.0,4836TR,"3036 116 Street NW, Edmonton, Alberta, Canada","116 Street NW, Caernarvon, Castle Downs, Edmonton, Alberta, T5X 1S6, Canada",53.6088547,-113.5215597
38475878,DUPLEX,Edmonton,Rosenthal,1281 ROSENTHAL Boulevard,S,402498,T5T 7N7,2023-08-30,406058,E4350025,47,1284.67,119.35,6,3,3,2,1,2.1,Y,2022,ST2,N,0.0,N,0,Double Garage Detached,,FRAME,"Carpet, Vinyl Plank",313.31,2,383,381,47,U-FIN,Yes,316.08,100.88,406058,316.08,Initia Real Estate,Royal Lepage Arteam Realty,7,20,0.0,1923107,"1281 ROSENTHAL Boulevard, Edmonton, Alberta, Canada","Rosenthal Boulevard NW, Breckenridge Greens, Rosenthal, Lewis Farms, Edmonton, Alberta, T5T 7C6, Canada",53.5174938,-113.6927915
0011817624,COND,Edmonton,Casselman,5 14511 52 Street,S,189900,T5A 4M6,2022-03-01,185000,E4269903,106,1048.94,97.45,6,3,3,1,1,1.1,N,1981,ST2,N,0.0,N,0,2 Outdoor Stalls,Steele Ridge,FRAME,Engineered Wood,181.04,3,106,105,105,P-FIN,No,176.37,97.42,185000,176.37,RE/MAX River City,RE/MAX River City,,,239.55,8220184,"5 14511 52 Street, Edmonton, Alberta, Canada",,,
10057818,COND,Edmonton,Garneau,501 10883 SASKATCHEWAN Drive,S,207000,T6E 4S6,2011-04-27,204000,E3257378,18,712.57,66.2,4,1,1,1,0,1.0,N,1968,APART,E,0.0,N,0,Stall,Strathcona House,CONCR,"Carpet, Linoleum",290.5,1,288,285,17,NBASE,No,286.29,98.55,204000,286.29,Royal Lepage Arteam Realty,MaxWell Challenge Realty,,,0.0,8822813,"501 10883 SASKATCHEWAN Drive, Edmonton, Alberta, Canada",,,
0035144880,SF,Edmonton,Starling,2514 Sparrow Court,S,529900,T5S 0G7,2023-01-31,520000,E4324684,13,2241.37,208.23,9,4,4,2,1,2.1,Y,2013,ST2,W,0.0,Y,0,"Double Garage Attached, Heated",,FRAME,"Carpet, Ceramic Tile, Hardwood",236.42,2,13,13,13,U-FIN,Yes,232.0,98.13,520000,232.0,RE/MAX Elite,CENTURY 21 REWARD REALTY,2,14,663.87,1221067,"2514 Sparrow Court, Edmonton, Alberta, Canada","Sparrow Court NW, Starling, Big Lake, Edmonton, Alberta, T8N 3X4, Canada",53.5982322,-113.6564537
11838844,SF,Edmonton,Kiniski Gardens,55 KINISKI Crescent NW,S,154800,T6L 5E3,2004-04-15,146000,E2404344,56,1049.48,97.5,4,2,3,1,1,1.1,N,1983,BUNG,N,0.0,N,0,No Garage,,FRAME,"Carpet, Ceramic Tile, Laminate Flooring",147.5,2,56,55,55,F-FIN,No,139.12,94.32,146000,139.12,MaxWell Devonshire Realty,RE/MAX Real Estate,34,52,0.0,8121673,"55 KINISKI Crescent NW, Edmonton, Alberta, Canada","55, Kiniski Crescent NW, Kiniski Gardens, Burnewood, Mill Woods, Edmonton, Alberta, T6L 5Y6, Canada",53.4785491,-113.4007255
30251821,SF,Edmonton,Rutherford,1892 RUTHERFORD Road,S,479900,T6W 1P6,2007-04-16,475000,E3084689,30,1745.58,162.17,6,3,3,2,1,2.1,Y,2006,ST2,W,11.55,Y,2,Double Garage Attached,,FRAME,"Carpet, Linoleum",274.92,2,30,28,28,U-FIN,Yes,272.12,98.98,475000,272.12,Royal Lepage Noralta Real Estate,Century 21 Platinum Realty,9,19,412.83,326122,"1892 RUTHERFORD Road, Edmonton, Alberta, Canada","1251 Rutherford Road, 1251, Heritage Point, Heritage Valley, Edmonton, Alberta, Canada",53.4218586,-113.5318939
14487045,SF,Edmonton,Meyonohk,2543 89 Street,S,337000,T6K 2Y8,2014-07-16,337000,E3372554,76,1063.26,98.78,5,2,4,2,1,2.1,Y,1977,BLEVL,W,0.0,Y,2,"Double Garage Detached, Over Sized",,FRAME,"Carpet, Laminate Flooring, Linoleum",316.95,2,76,76,76,F-FIN,Yes,316.95,100.0,337000,316.95,Royal Lepage Noralta Real Estate,Royal Lepage Noralta Real Estate,25,1,489.38,7621055,"2543 89 Street, Edmonton, Alberta, Canada","2543, 89 Street NW, Meyonohk, Lakewood, Mill Woods, Edmonton, Alberta, T6K 2V7, Canada",53.4546881,-113.4642649
17457714,SF,Edmonton,Gold Bar,4632 102 Avenue,S,365000,T6A 0M7,2007-08-02,335000,E3098993,39,1043.02,96.9,10,3,5,1,0,1.0,N,1958,BUNG,S,0.0,N,1,"Over Sized, Rear Drive Access, Single Garage Detached",,FRAME,"Carpet, Hardwood, Linoleum",349.94,2,39,38,38,F-FIN,Yes,321.18,91.78,335000,321.18,MaxWell Polaris,MaxWell Polaris,88,19,510.95,4628KS,"4632 102 Avenue, Edmonton, Alberta, Canada","102 Avenue NW, Britannia Youngstown, Jasper Place, Edmonton, Alberta, T5P 2X8, Canada",53.5433297,-113.5964841
0030388995,COND,Edmonton,Oleskiw,24 1225 WANYANDI Road,S,639900,T6M 2W7,2023-08-25,620000,E4352332,25,1540.31,143.1,5,2,3,3,0,3.0,Y,2006,BUNG,E,0.0,N,0,Double Garage Attached,Eagle Point At Country Club,FRAME,"Carpet, Ceramic Tile, Hardwood",415.43,2,25,25,25,F-FIN,Yes,402.52,96.89,620000,402.52,MaxWell Challenge Realty,RE/MAX Excellence,,,642.2,0421426,"24 1225 WANYANDI Road, Edmonton, Alberta, Canada",,,
28572288,COND,Edmonton,Oliver,1601 9741 110 Street,S,439900,T5K 1H9,2018-09-26,427500,E4128250,22,1044.1,97.0,4,2,2,2,0,2.0,Y,1999,APART,S,0.0,N,1,"Heated, Stall, Underground",Grandin Manor,BLOCK,"Hardwood, See Remarks",421.32,1,22,20,20,NBASE,No,409.44,97.18,427500,409.44,MaxWell Progressive,RE/MAX Real Estate,,,25.52,23891,"1601 9741 110 Street, Edmonton, Alberta, Canada",,,
34680314,SF,Edmonton,Cameron Heights,1416 CHAHLEY Place,S,514900,T6M 0J3,2016-02-11,500000,E4006393,11,2326.08,216.1,9,4,4,2,1,2.1,Y,2011,ST2,E,0.0,Y,0,Double Garage Attached,,FRAME,"Carpet, Hardwood, Non-Ceramic Tile",221.36,2,81,80,10,U-FIN,Yes,214.95,97.11,500000,214.95,MaxWell Challenge Realty,RE/MAX Excellence,13,11,505.0,1120848,"1416 CHAHLEY Place, Edmonton, Alberta, Canada","Chahley Place NW, Cameron Heights, West Jasper Place, Edmonton, Alberta, T6M 0J3, Canada",53.4738937,-113.639006
13040290,SF,Edmonton,Tipaskan,1121 LAKEWOOD N Road NW,S,172500,T6K 3A9,2003-08-01,170000,E2317597,24,1195.87,111.1,6,3,3,2,0,2.0,N,1977,SPLT4,W,0.0,N,2,Double Garage Attached,,FRAME,"Carpet, Linoleum",144.25,3,24,23,23,P-FIN,Yes,142.16,98.55,170000,142.16,Metro Horizon Gmac Real Estate,Coldwell Banker Venture Realty,14,45,0.0,7621725,"1121 LAKEWOOD N Road NW, Edmonton, Alberta, Canada",,,
30718381,SF,Edmonton,Canossa,11804 169 Avenue,S,399000,T5X 6K3,2008-03-12,385000,E3130043,23,1450.97,134.8,6,3,3,2,1,2.1,Y,2005,ST2,S,0.0,N,2,Double Garage Attached,,FRAME,"Carpet, Laminate Flooring, Linoleum",274.99,2,23,22,22,F-FIN,Yes,265.34,96.49,385000,265.34,Coldwell Banker Venture Realty,RE/MAX Elite,86,19,362.99,425561,"11804 169 Avenue, Edmonton, Alberta, Canada",,,
32413528,SF,Edmonton,Hollick-kenyon,16611 59 Street,S,419900,T5Y 0J2,2012-02-29,413000,E3285499,55,1901.98,176.7,6,3,3,2,1,2.1,Y,2007,ST2,W,10.4,Y,2,Double Garage Attached,,FRAME,"Carpet, Ceramic Tile, Hardwood",220.77,2,55,54,54,U-FIN,Yes,217.14,98.36,413000,217.14,Realty Executives Meridian,Royal Lepage Arteam Realty,54,138,353.51,724456,"16611 59 Street, Edmonton, Alberta, Canada","59 Street NW, Montrose, Greater Highlands, Edmonton, Alberta, T5W 4C7, Canada",53.5749142,-113.432446
13665444,SF,Edmonton,Bergman,12219 42 Street NW,S,124900,,2002-08-12,111000,E2216761,5,808.37,75.1,4,2,2,1,0,1.0,N,1964,BUNG,,15.2,N,0,No Garage,,FRAME,"Carpet, Linoleum",154.51,2,5,3,3,F-FIN,No,137.31,88.87,111000,137.31,RE/MAX Elite,RE/MAX Elite,5,8,0.0,5855HW,"12219 42 Street NW, Edmonton, Alberta, Canada","12219, 42 Street NW, Beverly Heights, Bergman, Beverly, Edmonton, Alberta, T5W 1A3, Canada",53.5773073,-113.405877
14736565,COND,Edmonton,Kameyosek,42 LAKEWOOD Village,S,199700,T6K 2B3,2006-10-14,193000,E3069688,28,1022.57,95.0,6,3,3,1,1,1.1,N,1975,ST2,S,0.0,N,0,Stall,Lakewood Village,FRAME,"Carpet, Linoleum",195.29,2,28,27,27,U-FIN,No,188.74,96.64,193000,188.74,XCD Realty Inc,Best Buy Realty,,,272.52,7620990,"42 LAKEWOOD Village, Edmonton, Alberta, Canada","Lakewood Village, Mill Woods, Edmonton, Alberta, Canada",53.4594203,-113.4397239
10579937,COND,Edmonton,Inglewood,801 11730D 127 Street,S,145900,T5L 2K9,2007-05-19,145900,E3092223,7,617.85,57.4,4,1,1,1,0,1.0,N,1953,APART,SE,0.0,N,0,Stall,Premier City Park,FRAME,See Remarks,236.14,1,7,6,6,NBASE,No,236.14,100.0,145900,236.14,Royal Lepage Arteam Realty,RE/MAX Real Estate,71,,114.68,8622893,"801 11730D 127 Street, Edmonton, Alberta, Canada",,,
26034140,SF,Edmonton,Kiniski Gardens,1819 KRAMER Place,S,364900,T6L 6Z7,2010-11-24,360000,E3241155,51,1218.47,113.2,3,3,4,3,0,3.0,Y,1996,BLEVL,N,0.0,Y,2,Double Garage Attached,,FRAME,"Carpet, Ceramic Tile, Hardwood",299.47,2,51,49,49,F-FIN,Yes,295.45,98.66,360000,295.45,Century 21 A.L.L. Stars Realty Ltd,Century 21 A.L.L. Stars Realty Ltd,28,127,384.19,9421708,"1819 KRAMER Place, Edmonton, Alberta, Canada","1819, Kramer Place NW, Kiniski Gardens, Burnewood, Mill Woods, Edmonton, Alberta, T6T 1N2, Canada",53.4690104,-113.3961719
12568862,SF,Edmonton,Lorelei,9824 165 Avenue,S,324900,T5X 4Z2,2017-03-26,304000,E4055207,9,1119.45,104.0,6,3,4,2,1,2.1,Y,1980,BUNG,S,0.0,Y,0,"Double Garage Detached, Over Sized",,FRAME,"Carpet, Linoleum",290.23,2,9,9,9,F-FIN,Yes,271.56,93.57,304000,271.56,RE/MAX Elite,RE/MAX Excellence,44,15,0.0,7922524,"9824 165 Avenue, Edmonton, Alberta, Canada","Savaryn Drive & 22 Avenue SW, 22 Avenue SW, Summerside, Ellerslie, Edmonton, Alberta, T6X 1W4, Canada",53.4127112,-113.4605143
14294474,SF,Edmonton,Meyokumin,1913 65 Street,S,324900,T6L 1M1,2017-09-13,312000,E4072985,65,1184.03,110.0,6,3,3,2,1,2.1,Y,1979,BUNG,N,0.0,N,2,"Double Garage Detached, Heated, Insulated, Parking Pad Cement/Paved, RV Parking",,FRAME,"Carpet, Linoleum, Vinyl Plank",274.4,1,65,65,65,REMKS,Yes,263.51,96.03,312000,263.51,Realty Executives Encore,Royal Lepage Gateway Realty,2,26,570.0,7721180,"1913 65 Street, Edmonton, Alberta, Canada","1913, 65 Street NW, Meyokumin, Millhurst, Mill Woods, Edmonton, Alberta, T6K 4E6, Canada",53.4503123,-113.4329244
13366737,SF,Edmonton,Daly Grove,3535 18 Avenue,S,389700,T6L 3C1,2007-06-17,384000,E3094118,21,1087.26,101.01,6,3,4,2,1,2.1,Y,1979,BLEVL,N,0.0,N,2,"Double Garage Detached, Over Sized",,FRAME,"Carpet, Laminate Flooring, Linoleum",358.42,2,21,20,20,F-FIN,Yes,353.18,98.54,384000,353.18,Royal Lepage Noralta Real Estate,RE/MAX Real Estate,30,7,584.99,7823018,"3535 18 Avenue, Edmonton, Alberta, Canada","Alberta Avenue, Avenue District, Edmonton, Alberta, Canada",53.5685056,-113.48521
10417004,SF,Edmonton,Steinhauer,10921 33A Avenue,S,447000,T6J 3C6,2013-07-18,440000,E3343545,24,1273.37,118.3,6,3,5,3,0,3.0,Y,1975,BLEVL,N,0.0,Y,2,"Double Garage Detached, Rear Drive Access",,FRAME,"Carpet, Ceramic Tile, Hardwood",351.04,2,24,24,24,F-FIN,Yes,345.54,98.43,440000,345.54,RE/MAX Elite,MaxWell Devonshire Realty,5,7,578.48,4786TR,"10921 33A Avenue, Edmonton, Alberta, Canada","33A Avenue NW, Steinhauer, Kaskitayo, Edmonton, Alberta, T6J 4A6, Canada",53.4656125,-113.5115258
20379095,SF,Edmonton,Argyll,6720 85 Street,S,339000,T6E 2X2,2009-02-03,330000,E3169057,65,1116.22,103.7,6,3,4,2,0,2.0,N,1955,BUNG,N,0.0,N,2,"Double Garage Detached, Heated, Over Sized",,FRAME,"Carpet, Ceramic Tile, Hardwood",303.7,1,126,124,65,P-FIN,Yes,295.64,97.35,330000,295.64,MaxWell Devonshire Realty,MaxWell Devonshire Realty,5,36,541.62,500KS,"6720 85 Street, Edmonton, Alberta, Canada","6720, 85 Street NW, Argyll, Mill Creek South, Edmonton, Alberta, T6E 5H6, Canada",53.5036018,-113.4593008
15174535,COND,Edmonton,Callingwood North,8B CALLINGWOOD Crest,S,131800,T5T 0H5,2005-11-14,131800,E3043139,42,1054.86,98.0,6,3,3,1,1,1.1,N,1973,ST2,E,0.0,N,0,Stall,Callingwood Court,FRAME,"Carpet, Linoleum",124.95,2,42,36,36,P-FIN,No,124.95,100.0,131800,124.95,Realty Executives - Masters,RE/MAX Real Estate,,44,242.04,CD8476,"8B CALLINGWOOD Crest, Edmonton, Alberta, Canada",,,
0023751472,SF,Edmonton,Kiniski Gardens,1390 Jefferys Crescent NW,S,399900,T6L 6T4,2023-05-12,386500,E4337117,18,1448.5,134.57,6,3,3,2,2,2.2,Y,1992,ST2,E,0.0,N,0,Double Garage Detached,,FRAME,"Carpet, Ceramic Tile, Hardwood",276.08,3,18,18,18,F-FIN,Yes,266.83,96.65,386500,266.83,Kairali Realty Inc.,Century 21 Bravo Realty,8,28,0.0,9222938,"1390 Jefferys Crescent NW, Edmonton, Alberta, Canada","1390, Jefferys Crescent NW, Jackson Heights, Burnewood, Mill Woods, Edmonton, Alberta, T6L 6S7, Canada",53.4849475,-113.4116293
16146334,SF,Edmonton,Ottewell,7220 93 Avenue NW,S,179000,,2002-10-31,179000,E2220733,30,1142.05,106.1,6,3,4,2,0,2.0,N,1963,BUNG,SE,0.0,Y,2,"Double Garage Detached, Insulated",,FRAME,"Carpet, Linoleum",156.74,2,30,30,30,F-FIN,Yes,156.74,100.0,179000,156.74,RE/MAX River City,RE/MAX River City,23,24,0.0,6450KS,"7220 93 Avenue NW, Edmonton, Alberta, Canada","7220, 93 Avenue NW, Ottewell, Edmonton, Alberta, T6B 2A9, Canada",53.5298226,-113.4396813
13236427,COND,Edmonton,Lorelei,107 16428 109 Street NW,S,59900,T5X 2T4,2001-06-25,58000,E2108810,72,522.05,48.5,5,3,3,1,1,1.1,N,1977,ST2,N,0.0,N,0,Stall,Castlewoods (Lorelei),FRAME,"Carpet, Linoleum",114.74,2,72,68,68,U-FIN,No,111.1,96.83,58000,111.1,Coldwell Banker Venture Realty,RE/MAX Real Estate Centre,49,,0.0,7821062,"107 16428 109 Street NW, Edmonton, Alberta, Canada","109 Street & 107 Avenue, 109 Street NW, Central McDougall, Central Core, Edmonton, Alberta, T5H 3E3, Canada",53.5518681,-113.5082699
0030078852,SF,Edmonton,Suder Greens,8711 208 Street,S,650000,T5T 6Y2,2025-11-07,628000,E4459500,44,1657.64,154.0,5,1,4,2,1,2.1,Y,2006,BUNG,W,0.0,Y,2,"Double Garage Attached, Front Drive Access, Insulated",,FRAME,"Carpet, Ceramic Tile, Hardwood",392.12,2,44,43,43,F-FIN,Yes,378.85,96.62,628000,378.85,Tactic Realty,RE/MAX Real Estate,25,26,942.88,0324495,"8711 208 Street, Edmonton, Alberta, Canada","8711, 208 Street NW, Suder Greens, Lewis Estates, Lewis Farms, Edmonton, Alberta, T5T 4B7, Canada",53.5225373,-113.6781043
0036074037,SF,Edmonton,Mcconachie Area,17539 61 Street,S,589900,T5Y 3N8,2022-03-13,574000,E4277901,24,2189.7,203.43,8,3,3,2,1,2.1,Y,2015,ST2,W,0.0,Y,0,Double Garage Attached,,FRAME,"Carpet, Ceramic Tile, Hardwood",269.4,2,24,24,24,U-FIN,Yes,262.14,97.3,574000,262.14,RE/MAX Elite,RE/MAX River City,10,33,369.31,1421109,"17539 61 Street, Edmonton, Alberta, Canada","61 Street NW, Belvedere, Northern Mature Area, Edmonton, Alberta, T5A 0V5, Canada",53.5973802,-113.4351749
26077743,COND,Edmonton,Terra Losa,404 9619 174 Street,S,139000,T5T 6C6,2021-08-19,136500,E4239555,121,816.76,75.88,2,2,2,2,0,2.0,Y,1994,APART,E,0.0,N,0,Stall,King Street,FRAME,"Ceramic Tile, Laminate Flooring",170.18,1,121,120,120,NBASE,No,167.12,98.2,136500,167.12,Royal LePage Noralta Real Estate,Royal Lepage Premier Real Estate,,,82.08,9422106,"404 9619 174 Street, Edmonton, Alberta, Canada",,,
0039385621,SF,Edmonton,Rosenthal,22715 82 Avenue,S,517291,T5T 4N5,2024-06-22,506791,E4382458,66,1980.99,184.04,8,3,3,2,1,2.1,Y,2024,ST3,N,0.0,N,0,Double Garage Attached,,FRAME,"Carpet, Vinyl Plank",261.13,3,66,66,66,NBASE,Yes,255.83,97.97,506791,255.83,Mozaic Realty Group,Sweetly,5,105,0.0,2320200,"22715 82 Avenue, Edmonton, Alberta, Canada","82 Avenue NW, McKernan, Greater Strathcona, Edmonton, Alberta, T6G 0N1, Canada",53.5164537,-113.5254736
0012335064,SF,Edmonton,Alberta Avenue,12003 96 Street NW,S,263000,T5G 1V7,2022-10-21,247500,E4313788,35,1107.71,102.91,5,2,2,1,0,1.0,N,1914,ST2,W,0.0,Y,0,Double Garage Detached,,FRAME,"Ceramic Tile, Hardwood, Linoleum",237.43,2,70,70,35,U-FIN,Yes,223.43,94.11,247500,223.43,RE/MAX River City,MaxWell Polaris,6,1,413.88,7925X,"12003 96 Street NW, Edmonton, Alberta, Canada","12003, 96 Street NW, Alberta Avenue, Avenue District, Edmonton, Alberta, T5G 1Z1, Canada",53.5732444,-113.4903092
14009369,SF,Edmonton,Meyonohk,1945 LAKEWOOD Road S,S,320000,T6K 3W9,2012-02-24,310000,E3285057,55,1199.1,111.4,6,3,4,2,1,2.1,Y,1979,BUNG,N,0.0,Y,2,Double Garage Detached,,FRAME,"Carpet, Ceramic Tile",266.87,2,55,52,52,F-FIN,Yes,258.53,96.88,310000,258.53,Huzil Realty Ltd,Royal Lepage Noralta Real Estate,29,24,517.4,7723072,"1945 LAKEWOOD Road S, Edmonton, Alberta, Canada","1945, Lakewood Road South NW, Meyonohk, Lakewood, Mill Woods, Edmonton, Alberta, T6K 3Y5, Canada",53.45574,-113.4498966
23310501,SF,Edmonton,Kernohan,166 RIVER Point(e),S,294900,T5A 4Y5,2020-01-29,290000,E4183658,20,1534.93,142.6,7,3,4,3,0,3.0,N,1993,ST2,S,0.0,N,0,"Double Carport, Front/Rear Drive Access, Off Street, On Street",,FRAME,"Carpet, Ceramic Tile, Laminate Flooring",192.13,3,20,20,20,F-FIN,No,188.93,98.34,290000,188.93,MaxWell Progressive,The Good Real Estate Company,37,171,306.38,9222418,"166 RIVER Point(e), Edmonton, Alberta, Canada",,,
0037057817,SF,Edmonton,Laurel,1544 21 Street,S,419900,T6T 2B7,2024-01-31,419900,E4370624,11,1591.87,147.89,6,3,3,2,1,2.1,Y,2016,ST2,E,0.0,N,0,Double Garage Detached,,FRAME,Laminate Flooring,263.78,2,11,8,8,U-FIN,Yes,263.78,100.0,419900,263.78,Royal LePage Noralta Real Estate,Royal LePage Noralta Real Estate,4,15,266.27,1620504,"1544 21 Street, Edmonton, Alberta, Canada","21 Street NW, Larkspur, West Meadows, The Meadows, Edmonton, Alberta, T6T 0B9, Canada",53.4788917,-113.3759035
32958563,SF,Edmonton,Mcconachie Area,5809 168A NW Avenue,S,429000,T5Y 0K8,2015-02-18,420000,E3396142,86,1496.18,139.0,5,3,3,2,1,2.1,N,2010,ST2,N,0.0,Y,2,Double Garage Detached,,FRAME,"Carpet, Laminate Flooring",286.73,2,86,85,85,U-FIN,Yes,280.71,97.9,420000,280.71,Century 21 Platinum Realty,RE/MAX Professionals,3,44,0.0,820126,"5809 168A NW Avenue, Edmonton, Alberta, Canada","168A Avenue NW, Baturyn, Castle Downs, Edmonton, Alberta, T5X 2R2, Canada",53.6294387,-113.5130067
31464457,COND,Edmonton,Downtown,313 10309 107 Street,S,679900,T5J 1K3,2015-07-13,665000,E3419783,32,1689.93,157.0,5,2,2,2,0,2.0,Y,2005,LOFT,W,0.0,N,1,"Parkade, Stall",Seventh Street Lofts,STEEL,"Laminate Flooring, See Remarks",402.32,2,32,32,32,,Yes,393.51,97.81,665000,393.51,The Foundry Real Estate Company Ltd,Realty Executives Vision,,,37.73,526463,"313 10309 107 Street, Edmonton, Alberta, Canada",,,
29769304,SF,Edmonton,Oxford,12925 162A Avenue,S,429900,T6V 1T1,2017-05-17,424000,E4060073,27,1649.68,153.26,6,3,4,3,1,3.1,Y,2005,ST2,N,0.0,Y,2,Double Garage Attached,,FRAME,"Carpet, Laminate Flooring",260.6,3,27,27,27,F-FIN,Yes,257.02,98.63,424000,257.02,RE/MAX Excellence,RE/MAX Real Estate,11,27,348.9,320648,"12925 162A Avenue, Edmonton, Alberta, Canada","12925, 162A Avenue NW, Oxford, The Palisades, Edmonton, Alberta, T6V 1J6, Canada",53.6245116,-113.5452121
32399644,COND,Edmonton,Oliver,4 10255 117 Street,S,119900,T5K 1X7,2021-07-27,103000,E4246656,59,692.76,64.36,6,2,2,1,0,1.0,N,1969,APART,S,0.0,N,0,Stall,Seasons On The Park,FRAME,"Carpet, Ceramic Tile",173.07,1,173,171,59,NBASE,No,148.68,85.9,103000,148.68,Initia Real Estate,Exp Realty,,,72.27,724031,"4 10255 117 Street, Edmonton, Alberta, Canada",,,
11671567,SF,Edmonton,Wedgewood Heights,733 WELLS Wynd NW,S,538000,T6M 2K1,2021-04-27,516000,E4238962,10,2436.95,226.4,9,3,3,2,1,2.1,Y,1990,ST2,SW,0.0,N,2,Double Garage Attached,,FRAME,"Carpet, Ceramic Tile, Linoleum",220.77,2,10,10,10,U-FIN,Yes,211.74,95.91,516000,211.74,RE/MAX Excellence,Logic Realty,42,120,577.65,8922720,"733 WELLS Wynd NW, Edmonton, Alberta, Canada","733, Wells Wynd NW, Wedgewood Heights, West Jasper Place, Edmonton, Alberta, T6M 2L2, Canada",53.4812753,-113.6504402
0035469485,VLOT,Edmonton,Patricia Heights,515 HILLCREST Point(e),S,699000,T5R 4K8,2022-07-04,750000,E4291317,63,0.0,0.0,0,0,0,0,0,0.0,N,0,,,0.0,N,0,,,,,0.0,0,368,367,62,,,0.0,107.3,750000,0.0,MaxWell Progressive,RE/MAX Elite,1,7,836.0,1224818,"515 HILLCREST Point(e), Edmonton, Alberta, Canada",,,
28971703,SF,Edmonton,Glastonbury,2045 GARNETT Way,S,425000,T5T 6R1,2017-04-25,421000,E4055857,34,1787.99,166.11,7,3,3,2,1,2.1,Y,2001,ST2,NW,11.3,Y,2,Double Garage Attached,,FRAME,"Carpet, Ceramic Tile, Laminate Flooring",237.7,2,34,34,34,U-FIN,Yes,235.46,99.06,421000,235.46,MaxWell Challenge Realty,MaxWell Challenge Realty,18,10,407.03,123820,"2045 GARNETT Way, Edmonton, Alberta, Canada","2045, Garnett Way NW, Glastonbury, The Grange, Edmonton, Alberta, T5T 1K8, Canada",53.5081172,-113.6667761
22098479,COND,Edmonton,Strathcona,402 8315 105 Street,S,194900,T6E 4H4,2006-04-03,189000,E3052964,18,1140.97,106.0,5,2,2,1,1,1.1,Y,1969,APART,E,0.0,N,0,Stall,Heritage House,CONCR,"Carpet, Ceramic Tile",170.82,1,18,16,16,NBASE,No,165.65,96.97,189000,165.65,RE/MAX River City,RE/MAX Real Estate,,18,37.72,9221019,"402 8315 105 Street, Edmonton, Alberta, Canada",,,
32519119,SF,Edmonton,Tamarack,1463 37A Avenue,S,499800,T6T 0J1,2021-04-12,497400,E4230495,25,2058.49,191.24,10,4,5,3,1,3.1,Y,2010,ST2,N,0.0,Y,0,Double Garage Attached,,FRAME,"Carpet, Ceramic Tile, Hardwood",242.8,3,25,25,25,F-FIN,Yes,241.63,99.52,497400,241.63,MaxWell Polaris,RE/MAX Elite,4,104,369.15,726190,"1463 37A Avenue, Edmonton, Alberta, Canada","37A Avenue NW, Maple, Fulton Meadows, The Meadows, Edmonton, Alberta, T6T 1A2, Canada",53.4741043,-113.3553264
25941030,COND,Edmonton,Royal Gardens,103 11450 40 Avenue,S,269900,T6J 0R5,2007-08-16,260000,E3104549,28,898.79,83.5,5,2,2,1,0,1.0,N,1970,APART,N,0.0,N,0,"Heated, Underground, See Remarks",Cedarbrae Gardens,FRAME,"Carpet, Laminate Flooring, Linoleum",300.29,1,28,23,23,NBASE,No,289.28,96.33,260000,289.28,RE/MAX Real Estate Centre,RE/MAX River City,96,,58.38,9420614,"103 11450 40 Avenue, Edmonton, Alberta, Canada",,,
26856922,SF,Edmonton,Larkspur,4047 31 Street,S,399500,T6T 1L3,2013-11-06,389500,E3350197,76,1689.93,157.0,7,3,3,2,1,2.1,Y,1997,ST2,W,0.0,N,0,"Double Garage Attached, Insulated",,FRAME,"Carpet, Ceramic Tile, Laminate Flooring",236.4,2,76,76,76,P-FIN,Yes,230.48,97.5,389500,230.48,Liv Real Estate,RE/MAX River City,12,69,434.31,9623677,"4047 31 Street, Edmonton, Alberta, Canada","4047, 31 Street NW, Larkspur, West Meadows, The Meadows, Edmonton, Alberta, T6T 1L5, Canada",53.4767424,-113.3877664
12685815,SF,Edmonton,Keheewin,2136 104B Street,S,371500,T6J 5G8,2011-08-09,364000,E3266877,52,1153.03,107.12,6,3,4,3,0,3.0,Y,1983,SPLT4,S,16.9,Y,2,"Double Garage Attached, Front Drive Access, Insulated, See Remarks",,FRAME,"Carpet, Hardwood, Linoleum",322.19,4,52,50,50,F-FIN,Yes,315.69,97.98,364000,315.69,Kennedy Real Estate,RE/MAX Real Estate,12,228,722.81,7921952,"2136 104B Street, Edmonton, Alberta, Canada","2136, 104B Street NW, Yellowbird, Kaskitayo, Edmonton, Alberta, T6J 5B7, Canada",53.4532457,-113.4997967
10577790,SF,Edmonton,Lendrum Place,11220 57 Avenue NW,S,145500,,2000-04-12,144000,E2005589,27,1299.2,120.7,6,4,4,1,1,1.1,N,1964,BUNG,SW,15.2,N,2,Double Garage Detached,,FRAME,"Linoleum, Wall to Wall Carpet",111.99,1,27,26,26,U-FIN,Yes,110.84,98.97,144000,110.84,RE/MAX Real Estate,RE/MAX Real Estate Centre,14,31,0.0,2955MC,"11220 57 Avenue NW, Edmonton, Alberta, Canada","57 Avenue NW, Gariepy, Lessard, West Jasper Place, Edmonton, Alberta, T6M 1K4, Canada",53.4930247,-113.6244922
15117956,SF,Edmonton,Elmwood Park,7607 125 Avenue,S,359900,T5B 1C9,2007-12-19,335000,E3115216,88,1160.35,107.8,6,3,3,2,1,2.1,Y,1975,BUNG,N,0.0,N,2,Double Garage Detached,,FRAME,"Carpet, Ceramic Tile, Hardwood",310.17,2,138,137,87,F-FIN,Yes,288.71,93.08,335000,288.71,MaxWell Polaris,Royal Lepage Arteam Realty,14,10,501.36,7520566,"7607 125 Avenue, Edmonton, Alberta, Canada","7607, 125 Avenue NW, Elmwood Park, Edmonton, Alberta, T5C 3C8, Canada",53.5813381,-113.4597426
20228540,SF,Edmonton,Fulton Place,5711 102A Avenue,S,439900,T6A 0R5,2017-09-08,420000,E4075775,39,1136.02,105.54,6,3,5,2,0,2.0,N,1958,BUNG,N,0.0,N,2,Double Garage Detached,,FRAME,"Ceramic Tile, Hardwood, Laminate Flooring",387.23,2,39,40,40,F-FIN,Yes,369.71,95.48,420000,369.71,RE/MAX River City,2% Realty Pro,10,12,0.0,1841KS,"5711 102A Avenue, Edmonton, Alberta, Canada","5711, 102A Avenue NW, Downtown, Central Core, Edmonton, Alberta, T5J 3A3, Canada",53.5446128,-113.4876909
0013149224,COND,Edmonton,Blue Quill Estates,12132 25 Avenue,S,199800,T6J 4L4,2022-06-29,190000,E4294837,41,1019.34,94.7,6,3,3,1,1,1.1,N,1978,ST2,S,0.0,Y,0,Stall,Lockhart Gardens,FRAME,"Carpet, Linoleum",196.01,2,41,41,41,U-FIN,No,186.39,95.1,190000,186.39,Royal LePage Noralta Real Estate,RE/MAX Real Estate,,,0.0,7823264,"12132 25 Avenue, Edmonton, Alberta, Canada","TD Canada Trust, 25 Avenue NW, Mill Woods Town Centre Area, Mill Woods, Edmonton, Alberta, T6L 6X2, Canada",53.4559882,-113.4243373
34862920,DUPLEX,Edmonton,The Orchards At Ellerslie,4700 Crabapple Run,S,319900,T6X 0Y7,2021-04-01,315000,E4233522,14,1147.97,106.65,5,3,3,2,2,2.2,Y,2012,ST2,S,0.0,Y,0,"On Street, Parking Pad Cement/Paved, Rear Drive Access",,FRAME,"Carpet, Ceramic Tile, Hardwood",278.67,2,14,14,14,P-FIN,No,274.4,98.47,315000,274.4,RE/MAX Real Estate,MaxWell Challenge Realty,6,21,262.0,1123557,"4700 Crabapple Run, Edmonton, Alberta, Canada","Crabapple Run SW, The Orchards at Ellerslie, Ellerslie, Edmonton, Alberta, T6X 1A2, Canada",53.4058651,-113.4727069
35827336,SF,Edmonton,Windermere,3678 WESTCLIFF Way,S,789702,T6W 2T1,2017-10-04,755000,E4078259,48,2816.05,261.62,7,3,3,2,1,2.1,Y,2015,ST2,E,0.0,Y,0,Triple Garage Attached,,FRAME,"Ceramic Tile, Hardwood, Wall to Wall Carpet",280.43,2,48,48,48,U-FIN,Yes,268.11,95.61,755000,268.11,RE/MAX Elite,RE/MAX Elite,15,6,0.0,1324078,"3678 WESTCLIFF Way, Edmonton, Alberta, Canada","Westcliff Way SW, Windermere Neighbourhood, Windermere, Edmonton, Alberta, T6W 0X6, Canada",53.4322819,-113.6291809
29026473,SF,Edmonton,Terwillegar Towne,4129 TOMPKINS Way,S,374900,T6R 3E6,2009-09-06,372500,E3196517,25,1317.5,122.4,5,3,3,1,1,1.1,N,2002,ST2,S,0.0,Y,2,Double Garage Detached,,FRAME,"Linoleum, Wall to Wall Carpet",284.55,2,25,25,25,U-FIN,Yes,282.73,99.36,372500,282.73,Royal Lepage Noralta Real Estate,MaxWell Polaris,41,10,732.62,124652,"4129 TOMPKINS Way, Edmonton, Alberta, Canada","Tompkins Way NW, Terwillegar Towne, Terwillegar Community, Terwillegar Heights, Edmonton, Alberta, T6R 2W8, Canada",53.4479027,-113.5798633
27240449,SF,Edmonton,Jamieson Place,5007 187 Street,S,394900,T6M 2R7,2019-01-23,382500,E4134007,90,1126.01,104.61,5,2,3,3,0,3.0,Y,1999,SPLT4,W,0.0,N,2,Double Garage Attached,,FRAME,"Cork Flooring, Hardwood, Non-Ceramic Tile",350.71,4,90,89,89,P-FIN,Yes,339.69,96.86,382500,339.69,Carton Realty Ltd,Century 21 All Stars Realty Ltd,35,74,491.59,9723854,"5007 187 Street, Edmonton, Alberta, Canada","5007, 187 Street NW, Jamieson Place, Willowby, West Jasper Place, Edmonton, Alberta, T6M 2L2, Canada",53.4865633,-113.6476844
12043071,DUPLEX,Edmonton,Bearspaw,10454 16 Avenue NW,S,169700,,2002-11-16,164600,E2222940,18,1466.04,136.2,6,3,3,1,1,1.1,N,1982,ST2,S,0.0,Y,1,Single Garage Attached,,FRAME,"Linoleum, Wall to Wall Carpet",115.75,3,18,17,17,F-FIN,Yes,112.28,96.99,164600,112.28,RE/MAX Real Estate,RE/MAX Real Estate,12,238,0.0,8023036,"10454 16 Avenue NW, Edmonton, Alberta, Canada","16 Avenue NW, Laurel, The Meadows, Edmonton, Alberta, T6T 2C1, Canada",53.4448369,-113.3714676
32293954,COND,Edmonton,Boyle Street,103 8640 106 Avenue,S,127500,T5L 0M1,2014-08-19,123500,E3383422,36,742.71,69.0,5,2,2,1,0,1.0,N,1969,APART,E,0.0,N,0,,Barbara Manor,FRAME,"Ceramic Tile, Hardwood, Laminate Flooring",171.67,1,36,36,36,,No,166.28,96.86,123500,166.28,Royal Lepage Summit Realty,Royal Lepage Summit Realty,,,72.91,722010,"103 8640 106 Avenue, Edmonton, Alberta, Canada",,,
34660720,SF,Edmonton,Windermere,1009 177A Street,S,399000,T6W 2A1,2017-09-13,395000,E4069377,90,1429.02,132.76,7,3,3,2,1,2.1,Y,2011,ST2,E,9.3,Y,0,Double Garage Detached,,FRAME,"Carpet, Ceramic Tile, Hardwood",279.21,2,90,89,89,U-FIN,Yes,276.41,99.0,395000,276.41,RE/MAX River City,Century 21 Vantage Realty Ltd,4,2,305.86,1120537,"1009 177A Street, Edmonton, Alberta, Canada","177A Street NW, Summerlea, West Jasper Place, Edmonton, Alberta, T5T 2P1, Canada",53.5273757,-113.6291471
16881229,VLOT,Edmonton,Glenridding Ravine,16830 41 Avenue,S,1250000,T6W 1A6,2023-02-07,925000,E4307816,189,0.0,0.0,0,0,0,0,0,0.0,N,0,,,0.0,N,0,,,,,0.0,0,189,187,187,,,0.0,74.0,925000,0.0,Realty ONE Group Metro,Realty ONE Group Metro,0,0,11336.6,5395MC,"16830 41 Avenue, Edmonton, Alberta, Canada","41 Avenue NW, Kiniski Gardens, Burnewood, Mill Woods, Edmonton, Alberta, T6L 5Y6, Canada",53.4769495,-113.4066708
0032000788,SF,Edmonton,The Hamptons,21020 46 Avenue,S,474900,T6M 0G4,2022-02-25,485000,E4277461,10,1914.57,177.87,8,3,3,2,1,2.1,Y,2007,ST2,SE,0.0,Y,0,Double Garage Attached,,FRAME,"Carpet, Linoleum",248.04,2,10,10,10,U-FIN,Yes,253.32,102.13,485000,253.32,Century 21 Urban Realty,Sarasota Realty,12,47,417.1,0626670,"21020 46 Avenue, Edmonton, Alberta, Canada","46 Avenue NW, Malmo Plains, Edmonton, Alberta, T6J 1E8, Canada",53.4839149,-113.5212701
10280063,COND,Edmonton,Aldergrove,18126 81 Avenue,S,106500,T5T 1S4,2004-11-28,103000,E3008422,124,1140.97,106.0,6,3,3,1,1,1.1,N,1976,ST2,N,0.0,Y,0,Stall,Cedar West,FRAME,"Carpet, Hardwood, Linoleum",93.34,3,124,120,120,F-FIN,No,90.27,96.71,103000,90.27,Sutton Premiere Real Estate,Century 21 Platinum Realty,12,,238.67,7622175,"18126 81 Avenue, Edmonton, Alberta, Canada","81 Avenue NW, King Edward Park, Mill Creek South, Edmonton, Alberta, T6C 2N8, Canada",53.5170567,-113.4490134
0027507400,SF,Edmonton,Leger,1025 LEGER Boulevard,S,560000,T6R 2S9,2024-05-06,625000,E4385257,4,1711.89,159.04,7,3,4,3,1,3.1,Y,1998,ST2,N,0.0,Y,2,Double Garage Attached,,FRAME,"Carpet, Ceramic Tile, Vinyl Plank",327.12,3,4,4,4,F-FIN,Yes,365.09,111.61,625000,365.09,RE/MAX Elite,YEGPro Realty,153,11,441.79,9822774,"1025 LEGER Boulevard, Edmonton, Alberta, Canada","1025, Leger Boulevard NW, Leger, Oak Hills, Terwillegar Heights, Edmonton, Alberta, T6R 0R9, Canada",53.4600074,-113.5704404
28737500,SF,Edmonton,Terwillegar Towne,1676 TOMPKINS Place,S,364900,T6R 2Y6,2007-01-27,364900,E3076225,53,1302.43,121.0,5,3,3,2,1,2.1,Y,2001,ST2,E,0.0,N,2,Double Garage Detached,,FRAME,"Carpet, Linoleum",280.17,2,53,49,49,U-FIN,Yes,280.17,100.0,364900,280.17,RE/MAX Real Estate,RE/MAX Elite,39,28,323.88,120455,"1676 TOMPKINS Place, Edmonton, Alberta, Canada","1676, Tompkins Place NW, Terwillegar Towne, Terwillegar Community, Terwillegar Heights, Edmonton, Alberta, T6R 2W8, Canada",53.4494919,-113.5795311
18592122,DUPLEX,Edmonton,Bonnie Doon,9317 90 Avenue,S,259900,T6C 4K3,2006-10-03,253000,E3070338,15,977.36,90.8,4,1,3,2,0,2.0,N,1974,BLEVL,N,21.3,Y,2,"Double Garage Attached, Insulated",,FRAME,"Carpet, Ceramic Tile, Hardwood",265.92,2,15,14,14,F-FIN,Yes,258.86,97.35,253000,258.86,RE/MAX River City,Tri-Mac Realty Ltd,4,12B,314.51,4002TR,"9317 90 Avenue, Edmonton, Alberta, Canada","9317, 90 Avenue NW, Bonnie Doon, French Quarter, Bonnie Doon, Edmonton, Alberta, T6C 3R1, Canada",53.5251852,-113.4710402
12735990,SF,Edmonton,Bearspaw,1503 108 Street NW,S,224700,,2003-05-23,223000,E2311583,9,1401.46,130.2,6,2,4,3,0,3.0,N,1984,BLEVL,W,70.0,N,2,Double Garage Attached,,FRAME,"Carpet, Linoleum",160.33,2,9,9,9,F-FIN,Yes,159.12,99.24,223000,159.12,RE/MAX Real Estate Centre,RE/MAX Real Estate,16,10,0.0,7921635,"1503 108 Street NW, Edmonton, Alberta, Canada","108 Street NW, Pleasantview, Edmonton, Alberta, T6H 1N1, Canada",53.4978385,-113.5092452
0031627441,COND,Edmonton,Wild Rose,205 3425 19 Street,S,168500,T6T 2B5,2023-10-16,166000,E4356264,47,935.38,86.9,5,2,2,2,0,2.0,Y,2005,APART,S,0.0,N,0,Stall,Park Place Meadows,FRAME,"Carpet, Ceramic Tile, Linoleum",180.14,4,47,47,47,NBASE,No,177.47,98.52,166000,177.47,MaxWell Polaris,2% Realty Pro,,,90.58,0621415,"205 3425 19 Street, Edmonton, Alberta, Canada",,,
10910941,SF,Edmonton,Newton,12404 56 Street NW,S,159900,T5W 5E9,2001-05-14,156900,E2109532,20,1956.88,181.8,6,3,4,3,0,3.0,Y,1987,SPLT4,E,13.7,Y,2,"Double Garage Detached, Heated, Insulated, Over Sized",,FRAME,"Carpet, Ceramic Tile, Hardwood",81.71,4,20,19,19,F-FIN,Yes,80.18,98.12,156900,80.18,MaxWell Polaris,RE/MAX River City,2,21,0.0,8621140,"12404 56 Street NW, Edmonton, Alberta, Canada","12404, 56 Street NW, Newton, Greater Highlands, Edmonton, Alberta, T5W 3N2, Canada",53.5800174,-113.4277411
0037264207,COND,Edmonton,Albany,221 503 ALBANY Way,S,239900,T6V 0M5,2024-06-14,247500,E4389298,20,910.52,84.59,6,2,2,2,0,2.0,Y,2016,APART,N,0.0,N,0,"Heated, Underground",Aviva Condominiums,FRAME,"Carpet, Ceramic Tile, Laminate Flooring",263.48,1,20,20,20,NBASE,No,271.82,103.17,247500,271.82,RE/MAX Real Estate,RE/MAX Elite,,,68.51,1424070,"221 503 ALBANY Way, Edmonton, Alberta, Canada",,,
35153709,COND,Edmonton,Rutherford,367 11517 ELLERSLIE Road,S,274500,T6W 2A9,2020-04-27,257000,E4186864,78,1109.76,103.1,6,2,2,2,0,2.0,Y,2011,APART,S,0.0,N,0,"Heated, Stall, Underground",Rutherford Gate,FRAME,"Carpet, Ceramic Tile, Hardwood",247.35,1,308,308,78,NBASE,Yes,231.58,93.62,257000,231.58,Royal Lepage Arteam Realty,Royal Lepage Arteam Realty,,,0.0,1123070,"367 11517 ELLERSLIE Road, Edmonton, Alberta, Canada",,,
0011601036,SF,Edmonton,Belle Rive,15608 84 Street,S,252900,T5Z 2N9,2022-11-24,240000,E4312978,76,957.99,89.0,5,2,2,1,1,1.1,N,1983,ST2,E,0.0,N,0,No Garage,,FRAME,"Ceramic Tile, Laminate Flooring",263.99,3,224,221,75,F-FIN,No,250.53,94.9,240000,250.53,Liv Real Estate,RE/MAX River City,70,29,0.0,8221624,"15608 84 Street, Edmonton, Alberta, Canada","15608, 84 Street NW, Belle Rive, Lake District, Edmonton, Alberta, T5Z 3P1, Canada",53.6168158,-113.4718182
40126229,DUPLEX,Edmonton,Keswick,1343 Keswick Drive,S,409900,T6W 4V8,2025-09-03,402000,E4441426,89,1334.51,123.98,7,3,3,2,1,2.1,Y,2025,ST2,N,0.0,N,0,Single Garage Detached,,FRAME,"Carpet, Vinyl Plank",307.15,2,89,86,86,U-FIN,Yes,301.23,98.07,402000,301.23,Mozaic Realty Group,Mozaic Realty Group,8,34,118.54,2422544,"1343 Keswick Drive, Edmonton, Alberta, Canada","Keswick Drive SW, Keswick, Windermere, Edmonton, Alberta, T6W 3R8, Canada",53.4208773,-113.621509
0019679216,SF,Edmonton,Delton,12424 96 Street,S,299000,T5G 1W7,2024-03-08,275000,E4368530,70,937.54,87.1,5,2,4,2,0,2.0,N,1954,BUNG,E,0.0,N,2,Double Garage Detached,,FRAME,"Ceramic Tile, Hardwood, Laminate Flooring",318.92,2,153,153,70,F-FIN,Yes,293.32,91.97,275000,293.32,RE/MAX River City,RE/MAX Elite,11,15,0.0,2718HW,"12424 96 Street, Edmonton, Alberta, Canada","12424, 96 Street NW, Delton, Avenue District, Edmonton, Alberta, T5G 1Z1, Canada",53.5803696,-113.4908122
16433039,SF,Edmonton,Idylwylde,8615 76 Street NW,S,169900,T6C 2K1,2002-08-29,166500,E2214468,51,1080.7,100.4,7,3,3,2,0,2.0,N,1955,BUNG,W,14.6,N,2,Double Garage Detached,,FRAME,Carpet,157.21,1,51,49,49,P-FIN,Yes,154.07,98.0,166500,154.07,Jackson Young Realty Inc,Coldwell Banker Venture Realty,9,4,0.0,6047HW,"8615 76 Street NW, Edmonton, Alberta, Canada","8615, 76 Street NW, Idylwylde, Edmonton, Alberta, T6C 0X9, Canada",53.5217458,-113.4438644
11434842,COND,Edmonton,Bisset,108 2504 40 Street,S,135773,T6L 5L1,2013-11-05,127500,E3355894,14,678.13,63.0,4,1,1,1,0,1.0,N,1981,APART,E,0.0,Y,0,Stall,Ridgewood Gardens,FRAME,"Laminate Flooring, Linoleum",200.22,1,14,14,14,NBASE,No,188.02,93.91,127500,188.02,Professional Realty Group,MaxWell Polaris,,,73.39,8420896,"108 2504 40 Street, Edmonton, Alberta, Canada",,,
29592327,SF,Edmonton,South Terwillegar,5329 TERWILLEGAR Boulevard,S,196900,T6R 3H8,2003-12-29,196000,E2318627,168,1455.28,135.2,6,3,3,2,1,2.1,Y,2003,ST2,,10.4,N,0,"No Garage, Off Street",,FRAME,"Carpet, Ceramic Tile, Linoleum",135.3,2,168,165,165,U-FIN,No,134.68,99.54,196000,134.68,RE/MAX River City,Jayman Realty (Edm.) Inc,45,14,0.0,226655,"5329 TERWILLEGAR Boulevard, Edmonton, Alberta, Canada","South Terwillegar Boulevard NW, South Terwillegar, Terwillegar Community, Terwillegar Heights, Edmonton, Alberta, T6R 0P3, Canada",53.4416824,-113.5851906
27614049,SF,Edmonton,Belle Rive,8616 160A Avenue,S,510000,T5Z 3K2,2009-02-27,495000,E3172074,41,2278.72,211.7,8,3,4,3,1,3.1,Y,2000,ST2,SE,0.0,Y,2,"Double Garage Attached, Insulated, Over Sized",,FRAME,"Ceramic Tile, Wall to Wall Carpet",223.81,3,41,41,41,F-FIN,Yes,217.23,97.06,495000,217.23,RE/MAX Real Estate,RE/MAX Real Estate,84,17,751.8,9824434,"8616 160A Avenue, Edmonton, Alberta, Canada","160A Avenue NW, Oxford, The Palisades, Edmonton, Alberta, T6V 1J6, Canada",53.6221771,-113.5476369
0010310944,SF,Edmonton,Malmo Plains,4707 117A Street,S,485000,T6H 3R9,2025-09-25,450000,E4453432,39,1192.86,110.82,6,3,4,2,0,2.0,N,1965,BUNG,W,0.0,N,0,"Double Carport, Front Drive Access",,FRAME,"Ceramic Tile, Vinyl Plank",406.59,2,39,39,39,F-FIN,No,377.25,92.78,450000,377.25,Century 21 All Stars Realty Ltd,Century 21 All Stars Realty Ltd,19,21,607.43,5591MC,"4707 117A Street, Edmonton, Alberta, Canada","117A Street NW, Caernarvon, Castle Downs, Edmonton, Alberta, T5X 1T3, Canada",53.6090612,-113.5240823
27809417,SF,Edmonton,Eaux Claires,9227 164 Avenue NW,S,154900,,2001-02-01,151500,E2025602,58,1248.61,116.0,5,3,3,2,0,2.0,N,2000,BLEVL,W,0.0,Y,2,Double Garage Attached,,FRAME,"Carpet, Linoleum",124.06,2,58,57,57,U-FIN,Yes,121.33,97.81,151500,121.33,MaxWell Polaris,RE/MAX Excellence,109,122,0.0,9920140,"9227 164 Avenue NW, Edmonton, Alberta, Canada","9227, 164 Avenue NW, Eaux Claires, Lake District, Edmonton, Alberta, T5Z 2X4, Canada",53.62647,-113.483123
10590918,COND,Edmonton,Downtown,2206 9909 104 Street,S,195000,T5K 2G5,2010-03-24,193900,E3206492,109,616.77,57.3,4,1,1,1,0,1.0,N,1973,APART,E,0.0,N,1,Parkade,Hillside Estates,CONCR,"Carpet, Ceramic Tile, Hardwood",316.16,1,367,364,106,NBASE,No,314.38,99.44,193900,314.38,Royal Lepage Arteam Realty,RE/MAX Real Estate,,,20.38,8622917,"2206 9909 104 Street, Edmonton, Alberta, Canada","Petro-Canada, 6206, 104 Street NW, Allendale, Greater Strathcona, Edmonton, Alberta, T6H 2K8, Canada",53.4994431,-113.4980578
14813786,SF,Edmonton,Meyonohk,8633 27 Avenue NW,S,174900,T6K 2X3,2003-07-10,165000,E2316570,13,1184.03,110.0,6,3,3,1,1,1.1,N,1978,BLEVL,N,0.0,Y,2,"Double Garage Detached, Front Drive Access, Over Sized, Shop, See Remarks",,FRAME,"Carpet, Linoleum",147.72,1,13,10,10,U-FIN,Yes,139.35,94.34,165000,139.35,Mrh Realty Ltd,Mrh Realty Ltd,24,20,0.0,7621055,"8633 27 Avenue NW, Edmonton, Alberta, Canada","8633, 27 Avenue NW, Meyonohk, Lakewood, Mill Woods, Edmonton, Alberta, T6K 2V7, Canada",53.457345,-113.4617371
10012979,DUPLEX,Edmonton,Greenview,5205 39 Avenue NW,S,106900,,2001-10-31,106000,E2122470,9,1108.68,103.0,6,3,4,1,2,1.2,N,1978,ST2,NE,0.0,N,0,Off Street,,FRAME,"Ceramic Tile, Wall to Wall Carpet",96.42,2,9,5,5,F-FIN,No,95.61,99.16,106000,95.61,RE/MAX Real Estate,RE/MAX Real Estate,13,11,0.0,7721465,"5205 39 Avenue NW, Edmonton, Alberta, Canada","5205, 39 Avenue NW, Greenview, Woodvale, Mill Woods, Edmonton, Alberta, T6L 5N3, Canada",53.4728274,-113.4184711
0011080348,SF,Edmonton,Rideau Park,10831 43 Avenue,S,435000,T6J 2R3,2022-12-02,420000,E4319820,23,1770.34,164.47,9,4,5,3,1,3.1,Y,1973,ST2,E,0.0,Y,0,Double Garage Attached,,FRAME,"Carpet, Ceramic Tile, Hardwood",245.72,3,90,90,23,F-FIN,Yes,237.24,96.55,420000,237.24,RE/MAX Real Estate,MaxWell Challenge Realty,23,46,0.0,1452TR,"10831 43 Avenue, Edmonton, Alberta, Canada","10831, 43 Avenue NW, Rideau Park, Edmonton, Alberta, T6H 5J2, Canada",53.4808063,-113.5115888
0038986899,SF,Edmonton,Edgemont,1715 Erker Way,S,499900,T6M 1J2,2022-09-16,489900,E4300969,86,1804.03,167.6,8,3,3,2,1,2.1,Y,2021,ST2,NW,0.0,N,0,Double Garage Attached,,FRAME,"Carpet, Vinyl Plank",277.1,2,86,86,86,U-FIN,Yes,271.56,98.0,489900,271.56,REALTORSÂ® Association of Edmonton,TriUrban Inc,1,48,0.0,2122478,"1715 Erker Way, Edmonton, Alberta, Canada","Erker Way NW, Edgemont, Edmonton, Alberta, T6M 0M4, Canada",53.4747851,-113.667681
0014687164,SF,Edmonton,Menisa,1138 77 Street,S,449900,T6K 2R8,2024-09-23,449900,E4403645,30,1496.07,138.99,6,3,3,1,1,1.1,N,1977,ST2,E,0.0,N,1,Single Garage Attached,,FRAME,"Carpet, Linoleum",300.72,3,30,28,28,F-FIN,Yes,300.72,100.0,449900,300.72,Real Broker,RE/MAX Excellence,37,13,603.35,7621269,"1138 77 Street, Edmonton, Alberta, Canada","1138, 77 Street NW, Menisa, Knottwood, Mill Woods, Edmonton, Alberta, T6K 2C6, Canada",53.4418612,-113.4541043
20231031,SF,Edmonton,Sherwood,9341 150 Street NW,S,179900,T5R 1G5,2004-01-21,178000,E2400244,15,1323.96,123.0,5,3,5,2,0,2.0,N,1958,BUNG,W,15.2,Y,2,Double Garage Detached,,FRAME,"Carpet, Hardwood, Linoleum",135.88,2,76,74,15,F-FIN,Yes,134.45,98.94,178000,134.45,Century 21 All Stars Realty Ltd,MaxWell Devonshire Realty,69,2,0.0,1834KS,"9341 150 Street NW, Edmonton, Alberta, Canada","9341, 150 Street NW, Sherwood, Jasper Place, Edmonton, Alberta, T5R 1C6, Canada",53.5296473,-113.5796359
36099364,DUPLEX,Edmonton,Graydon Hill,1525 GRAYDON HILL Point(e),S,474900,T6W 3C7,2025-04-11,479000,E4429063,7,1563.24,145.23,8,3,3,3,1,3.1,Y,2015,ST2,N,0.0,N,0,Double Garage Attached,,FRAME,"Carpet, Ceramic Tile",303.79,3,7,7,7,F-FIN,Yes,306.41,100.86,479000,306.41,RE/MAX River City,Park Realty,6,25,354.51,1421503,"1525 GRAYDON HILL Point(e), Edmonton, Alberta, Canada",,,
0039127576,SF,Edmonton,Ritchie,9846 74 Avenue,S,854000,T6E 1E9,2025-06-03,838000,E4431446,47,2401.96,223.15,9,3,3,2,1,2.1,Y,2022,ST2,S,0.0,N,0,Triple Garage Detached,,FRAME,"Ceramic Tile, Vinyl Plank",355.54,2,110,110,47,U-FIN,Yes,348.88,98.13,838000,348.88,RE/MAX Elite,MaxWell Polaris,4,33,0.0,2239X,"9846 74 Avenue, Edmonton, Alberta, Canada","9846, 74 Avenue NW, Ritchie, Mill Creek South, Greater Strathcona, Edmonton, Alberta, T6E 1G1, Canada",53.5106365,-113.4850748
31597223,COND,Edmonton,Oliver,208 10333 112 Street,S,264800,T5K 0B4,2010-05-12,255000,E3214282,63,741.96,68.93,4,1,1,1,0,1.0,N,2007,APART,E,0.0,Y,1,Underground,Venetian The,FRAME,"Carpet, Ceramic Tile",356.89,1,63,63,63,,Yes,343.69,96.3,255000,343.69,RE/MAX Accord,RE/MAX Elite,11,119,4535.68,924724,"208 10333 112 Street, Edmonton, Alberta, Canada",,,
18835562,SF,Edmonton,North Glenora,13335 107A Avenue,S,367500,T5M 2A4,2009-07-17,350000,E3188325,43,1642.57,152.6,6,2,3,3,0,3.0,N,1955,ST2,N,0.0,N,1,Single Garage Detached,,FRAME,"Ceramic Tile, Hardwood, Wall to Wall Carpet",223.73,3,43,43,43,F-FIN,Yes,213.08,95.24,350000,213.08,RE/MAX Excellence,RE/MAX Elite,,,0.0,3751HW,"13335 107A Avenue, Edmonton, Alberta, Canada","13335, 107A Avenue NW, North Glenora, Western Mature Area, Edmonton, Alberta, T5M 1P8, Canada",53.5514393,-113.5545913
0032931297,COND,Edmonton,Canora,307 10140 151 Street,S,92000,T5P 1T4,2024-06-22,79000,E4369103,169,639.38,59.4,1,1,1,1,0,1.0,N,1971,APART,E,0.0,N,0,Stall,No Name,FRAME,Vinyl Plank,143.89,4,369,369,169,NBASE,No,123.56,85.87,79000,123.56,Kairali Realty Inc.,Sterling Real Estate,,,90.81,0740773,"307 10140 151 Street, Edmonton, Alberta, Canada",,,
15284789,VLOT,Edmonton,Eastwood,11933 83 Street,S,88900,T5B 4E7,2005-02-21,87000,E3021289,10,0.0,0.0,0,0,0,0,0,0.0,N,1924,,W,15.2,N,0,,,,,0.0,0,10,10,10,,,0.0,97.86,87000,0.0,Realty Executives North Star,Professional Realty Group,14,7,694.93,RN76,"11933 83 Street, Edmonton, Alberta, Canada","11933, 83 Street NW, Eastwood, Avenue District, Edmonton, Alberta, T5B 0R9, Canada",53.5727505,-113.4689128
0015681828,SF,Edmonton,Forest Heights,10328 82 Street NW,S,489888,T6A 3M5,2021-12-10,482888,E4269946,23,1004.92,93.36,6,3,4,2,0,2.0,N,1959,BUNG,E,0.0,Y,2,"Double Garage Detached, Over Sized",,FRAME,"Ceramic Tile, Vinyl Plank",487.49,2,44,43,23,F-FIN,Yes,480.52,98.57,482888,480.52,RE/MAX Real Estate,RE/MAX Real Estate,48,17,0.0,5105KS,"10328 82 Street NW, Edmonton, Alberta, Canada","10328, 82 Street NW, Forest Heights, Edmonton, Alberta, T6A 3X4, Canada",53.5457137,-113.4544725
12564069,SF,Edmonton,Daly Grove,3515 18 Avenue,S,337900,T6L 3C1,2008-03-17,327500,E3131547,19,1027.95,95.5,9,2,4,2,1,2.1,Y,1980,BLEVL,N,15.1,Y,2,Double Garage Detached,,FRAME,"Linoleum, Wall to Wall Carpet",328.71,2,123,120,19,F-FIN,Yes,318.59,96.92,327500,318.59,RE/MAX River City,RE/MAX Excellence,30,2,552.13,7823018,"3515 18 Avenue, Edmonton, Alberta, Canada","Alberta Avenue, Avenue District, Edmonton, Alberta, Canada",53.5685056,-113.48521
15017544,COND,Edmonton,Tweddle Place,6 B TWIN Terrace,S,199900,T6J 1V3,2011-04-29,200000,E3258474,10,1044.1,97.0,6,3,3,1,1,1.1,N,1975,ST2,N,0.0,N,0,Stall,Twin Terrace,FRAME,"Carpet, Laminate Flooring, Linoleum",191.46,3,10,9,9,F-FIN,No,191.55,100.05,200000,191.55,RE/MAX River City,RE/MAX River City,,,241.92,7521322,"6 B TWIN Terrace, Edmonton, Alberta, Canada","Twin Terrace, Mill Woods, Edmonton, Alberta, Canada",53.4802895,-113.454228
0027707074,SF,Edmonton,Glastonbury,1512 GRANT Court,S,358000,T5T 6L3,2019-07-19,349000,E4165221,9,1000.18,92.92,4,2,3,2,1,2.1,Y,1999,BLEVL,E,0.0,Y,0,Double Garage Detached,,FRAME,"Carpet, Ceramic Tile, Hardwood",357.94,2,52,52,9,F-FIN,Yes,348.94,97.49,349000,348.94,Liv Real Estate,RE/MAX Real Estate Centre,11,11,458.0,9825740,"1512 GRANT Court, Edmonton, Alberta, Canada","1512, Grant Court NW, Glastonbury, The Grange, Edmonton, Alberta, T5T 1K8, Canada",53.5075721,-113.6747382
15707979,SF,Edmonton,Alberta Avenue,12042 93 Street NW,S,84900,T5G 1L8,2002-12-06,82000,E2224383,11,776.08,72.1,5,2,3,1,0,1.0,N,1925,BUNG,E,10.0,N,2,Double Garage Detached,,FRAME,"Hardwood, Linoleum",109.4,2,11,11,11,F-FIN,Yes,105.66,96.58,82000,105.66,MaxWell Challenge Realty,RE/MAX Real Estate,4,8,0.0,8271AF,"12042 93 Street NW, Edmonton, Alberta, Canada","12042, 93 Street NW, Alberta Avenue, Avenue District, Edmonton, Alberta, T5B 3W4, Canada",53.5740098,-113.484377
32013864,DUPLEX,Edmonton,South Terwillegar,6044 SOUTH TERWILLEGAR Boulevard,S,349900,T6R 0K6,2021-06-01,347900,E4240548,36,1137.85,105.71,6,3,4,3,1,3.1,Y,2007,ST2,S,7.5,N,2,Double Garage Detached,,FRAME,"Carpet, Hardwood, Laminate Flooring",307.51,3,36,36,36,F-FIN,Yes,305.75,99.43,347900,305.75,Royal Lepage Arteam Realty,MORE Real Estate,38,162A,269.76,626858,"6044 SOUTH TERWILLEGAR Boulevard, Edmonton, Alberta, Canada","6044, South Terwillegar Boulevard NW, South Terwillegar, Terwillegar Community, Terwillegar Heights, Edmonton, Alberta, T6R 0P3, Canada",53.4417091,-113.5886752
28185933,SF,Edmonton,Terwillegar Towne,1638 TOMPKINS Wynd,S,384900,T6R 2Y5,2008-01-22,375000,E3123904,21,799.76,74.3,4,1,3,2,0,2.0,N,2000,BLEVL,E,0.0,N,2,Double Garage Detached,,FRAME,"Carpet, Laminate Flooring, Linoleum",481.27,2,21,20,20,F-FIN,Yes,468.89,97.43,375000,468.89,MaxWell Challenge Realty,RE/MAX Real Estate Centre,34,56,405.76,9926163,"1638 TOMPKINS Wynd, Edmonton, Alberta, Canada","1638, Tompkins Wynd NW, Terwillegar Towne, Terwillegar Community, Terwillegar Heights, Edmonton, Alberta, T6R 2W8, Canada",53.4484163,-113.5819834
16472284,SF,Edmonton,Delton,12324 96 Street,S,279500,T5G 1W5,2021-11-01,262000,E4259028,77,1007.5,93.6,6,3,4,2,0,2.0,N,1954,BLEVL,E,0.0,N,3,Triple Garage Detached,,FRAME,"Ceramic Tile, Hardwood",277.42,2,77,77,77,F-FIN,Yes,260.05,93.74,262000,260.05,Royal Lepage Arteam Realty,Royal Lepage Arteam Realty,10,10,636.33,6031HW,"12324 96 Street, Edmonton, Alberta, Canada","12324, 96 Street NW, Delton, Avenue District, Edmonton, Alberta, T5G 1Z1, Canada",53.5792731,-113.4908027
23474430,COND,Edmonton,Crawford Plains,4807 13 Avenue,S,234900,T6L 6R6,2021-08-14,230400,E4250120,31,1204.48,111.9,6,3,3,2,1,2.1,Y,1992,SPLT4,E,0.0,N,0,"Single Garage Attached, Stall",Crawford Park Est,FRAME,"Carpet, Laminate Flooring",195.02,4,31,31,31,F-FIN,Yes,191.29,98.08,230400,191.29,RE/MAX Excellence,MaxWell Polaris,,,210.27,9222580,"4807 13 Avenue, Edmonton, Alberta, Canada","4807, 13 Avenue NW, Crawford Plains, Southwood, Mill Woods, Edmonton, Alberta, T6L 6H9, Canada",53.4423378,-113.4142801
10331114,SF,Edmonton,Rhatigan Ridge,695 ROMANIUK Road NW,S,274900,,2001-12-14,272000,E2124753,10,2271.18,211.0,7,3,3,3,1,3.1,N,1981,ST2,NW,12.5,N,2,Double Garage Attached,,FRAME,"Carpet, Hardwood, Linoleum",121.04,3,10,8,8,F-FIN,Yes,119.76,98.95,272000,119.76,Realty Executives North Star,RE/MAX Excellence,58,22,0.0,8023001,"695 ROMANIUK Road NW, Edmonton, Alberta, Canada","695, Romaniuk Road NW, Rhatigan Ridge, Riverbend Community, Riverbend, Edmonton, Alberta, T6R 1A3, Canada",53.4781266,-113.591476
16351546,SF,Edmonton,Elmwood,8115 169B Street NW,S,145900,,2001-04-18,141900,E2105205,42,1130.21,105.0,6,3,4,2,0,2.0,N,1965,BUNG,W,15.3,N,2,Double Garage Detached,,FRAME,"Carpet, Hardwood, Linoleum",129.09,2,42,42,42,F-FIN,Yes,125.55,97.26,141900,125.55,MaxWell Devonshire Realty,MaxWell Challenge Realty,12,15,0.0,6224MC,"8115 169B Street NW, Edmonton, Alberta, Canada","8115, 169B Street NW, Elmwood, Jasper Place, Edmonton, Alberta, T5R 4H5, Canada",53.5149153,-113.6135691
31128093,COND,Edmonton,Macewan,109 612 111 Street,S,204900,T6W 1R9,2006-12-05,202900,E3074885,19,775.0,72.0,3,1,1,1,0,1.0,N,2005,APART,S,0.0,Y,1,Underground,Heritage Valley Estates,FRAME,"Carpet, Linoleum",264.39,1,19,18,18,NBASE,No,261.81,99.02,202900,261.81,Sutton Group Nor-Vista Realty,Sutton Group Nor-Vista Realty,19,,56.92,523355,"109 612 111 Street, Edmonton, Alberta, Canada","TD Canada Trust, 5015, 111 Street NW, Empire Park, Edmonton, Alberta, T6H 4M6, Canada",53.4865928,-113.5155442
0029930682,COND,Edmonton,Queen Alexandra,103 10719 80 Avenue,S,198800,T6E 1V7,2022-08-03,196000,E4303879,27,812.67,75.5,5,2,2,1,0,1.0,N,2003,APART,N,0.0,N,1,Underground,Monterey Manor,FRAME,"Carpet, Laminate Flooring, Linoleum",244.62,1,27,26,26,NBASE,No,241.18,98.59,196000,241.18,Re/Max Excellence,RE/MAX River City,,,0.0,322774,"103 10719 80 Avenue, Edmonton, Alberta, Canada",,,
0028071215,COND,Edmonton,Rideau Park,112 10511 42 Avenue,S,169900,T6J 7G8,2024-03-19,165000,E4371740,46,977.69,90.83,6,2,2,2,0,2.0,Y,1998,APART,N,0.0,N,0,"Stall, Underground",Grande Whitemud,FRAME,"Carpet, Laminate Flooring",173.78,1,232,231,46,NBASE,No,168.77,97.12,165000,168.77,RE/MAX River City,Century 21 Masters,,,0.0,9925205,"112 10511 42 Avenue, Edmonton, Alberta, Canada",,,
31417363,SF,Edmonton,Charlesworth,155 63 Street,S,399000,T6X 0B8,2021-02-25,385500,E4226166,21,1531.7,142.3,6,3,4,3,1,3.1,Y,2006,ST2,W,0.0,N,0,Double Garage Detached,,FRAME,"Carpet, Hardwood",260.49,3,21,21,21,F-FIN,Yes,251.68,96.62,385500,251.68,Logic Realty,Professional Realty Group,3,4,0.0,526195,"155 63 Street, Edmonton, Alberta, Canada","63 Street NW, McLeod, Casselman-Steele Heights, Edmonton, Alberta, T5A 2E9, Canada",53.611702,-113.4389163
27404037,COND,Edmonton,Clareview Town Centre,115 4220 139 Avenue,S,204900,T5Y 2Y2,2008-08-01,193000,E3136766,128,888.02,82.5,2,2,2,2,0,2.0,Y,1997,APART,W,0.0,N,0,,Pointe North,FRAME,"Carpet, Laminate Flooring, Linoleum",230.74,1,128,128,128,,No,217.34,94.19,193000,217.34,RealtyCorp Inc,MaxWell Challenge Realty,,,33.86,9820899,"115 4220 139 Avenue, Edmonton, Alberta, Canada",,,
33013608,SF,Edmonton,Silver Berry,2708 29 Street,S,445000,T6T 0H6,2015-06-01,435000,E3416277,12,1774.97,164.9,7,3,3,2,1,2.1,Y,2008,ST2,E,0.0,Y,2,"Double Garage Attached, Insulated, Over Sized",,FRAME,"Carpet, Hardwood, Non-Ceramic Tile",250.71,2,12,12,12,U-FIN,Yes,245.07,97.75,435000,245.07,Professional Realty Group,RE/MAX River City,9,2,0.0,820743,"2708 29 Street, Edmonton, Alberta, Canada","29 Street NW, Laurel, The Meadows, Edmonton, Alberta, T6T 0R7, Canada",53.4448275,-113.3844197
10744209,COND,Edmonton,Cromdale,301 7911 112 Avenue,S,89999,T5B 0E7,2006-06-12,87900,E3060320,15,721.18,67.0,4,1,1,1,1,1.1,Y,1980,APART,,0.0,Y,0,Stall,Cromdale Place,FRAME,"Carpet, Laminate Flooring",124.79,1,15,14,14,NBASE,No,121.88,97.67,87900,121.88,RE/MAX Advantage,MaxWell Polaris,,14,102.48,8422040,"301 7911 112 Avenue, Edmonton, Alberta, Canada",,,
12606117,SF,Edmonton,Minchau,3424 36 Street,S,234900,T6L 4Z6,2005-09-20,231000,E3039836,23,1108.68,103.0,7,3,4,3,0,3.0,Y,1985,SPLT4,E,0.0,N,2,Double Garage Attached,,FRAME,"Carpet, Linoleum",211.87,4,62,60,22,F-FIN,Yes,208.36,98.34,231000,208.36,RE/MAX Real Estate,RE/MAX Real Estate,8,23,576.58,7922359,"3424 36 Street, Edmonton, Alberta, Canada","36 Street NW, Daly Grove, Southwood, Mill Woods, Edmonton, Alberta, T6L 2R2, Canada",53.4508186,-113.3977437
15477847,SF,Edmonton,Alberta Avenue,11532 93 Street,S,284900,T5G 1C7,2015-06-30,275000,E3415873,46,1181.88,109.8,5,3,5,2,0,2.0,N,1910,ST1.5,E,0.0,N,0,Single Garage Detached,,FRAME,"Carpet, Laminate Flooring",241.06,3,46,44,44,F-FIN,Yes,232.68,96.53,275000,232.68,Liv Real Estate,RE/MAX Elite,36,21,367.8,RN43,"11532 93 Street, Edmonton, Alberta, Canada","93 Street NW, King Edward Park, Mill Creek South, Edmonton, Alberta, T6C 0Z4, Canada",53.5168082,-113.4701413
17716309,SF,Edmonton,Alberta Avenue,11615 95 Street,S,194999,T5G 1L7,2006-08-01,184500,E3064352,22,828.82,77.0,4,2,2,2,0,2.0,N,1946,BUNG,W,0.0,N,2,"Double Garage Detached, Heated, Insulated",,FRAME,"Carpet, Ceramic Tile, Laminate Flooring",235.27,1,22,20,20,P-FIN,Yes,222.61,94.62,184500,222.61,RE/MAX Real Estate,MaxWell Polaris,32,4,352.46,RN43,"11615 95 Street, Edmonton, Alberta, Canada","11615, 95 Street NW, Alberta Avenue, Avenue District, Edmonton, Alberta, T5G 1C8, Canada",53.5676899,-113.4870121
10839371,COND,Edmonton,Beaumaris,10746 153 Avenue,S,318000,T5X 5T8,2017-06-16,307400,E4062734,41,1072.08,99.6,4,1,2,2,0,2.0,N,1987,BUNG,E,0.0,N,0,Single Garage Attached,Horizon Beaumaris,FRAME,"Carpet, Linoleum",296.62,2,194,191,41,F-FIN,Yes,286.73,96.67,307400,286.73,Century 21 Platinum Realty,MaxWell Polaris,,,0.0,8820555,"10746 153 Avenue, Edmonton, Alberta, Canada","Petro-Canada, 153 Avenue NW, Baranow, Castle Downs, Edmonton, Alberta, T6V 1C1, Canada",53.6164233,-113.5404012
16556004,SF,Edmonton,Dovercourt,11816 139 Street,S,449999,T5L 2B7,2021-09-14,444500,E4254387,62,914.93,85.0,6,3,4,3,0,3.0,N,1954,BUNG,S,36.6,Y,0,"Double Garage Detached, Insulated, Over Sized",,FRAME,"Carpet, Hardwood, Linoleum",491.84,2,104,103,62,F-FIN,Yes,485.83,98.78,444500,485.83,MaxWell Devonshire Realty,Local Real Estate,18,2,780.0,5844HW,"11816 139 Street, Edmonton, Alberta, Canada","11816, 139 Street NW, Dovercourt, Western Mature Area, Edmonton, Alberta, T5L 2W3, Canada",53.570995,-113.5617868
30014039,SF,Edmonton,Haddow,2179 HADDOW Drive,S,469900,T6W 0A6,2006-12-29,465000,E3076714,6,1883.68,175.0,6,3,3,2,1,2.1,Y,2004,ST2,SE,11.66,Y,2,Double Garage Attached,,FRAME,"Carpet, Ceramic Tile, Hardwood",249.46,2,6,2,2,U-FIN,Yes,246.86,98.96,465000,246.86,RE/MAX Excellence,Royal Lepage Noralta Real Estate,2,102,418.51,323958,"2179 HADDOW Drive, Edmonton, Alberta, Canada","Haddow Drive NW, Terwillegar Towne, Terwillegar Community, Terwillegar Heights, Edmonton, Alberta, T6R 2W8, Canada",53.450571,-113.5879008
16511660,SF,Edmonton,Dovercourt,12229 134 Street,S,169900,T5L 1T8,2005-10-26,168000,E3043612,11,1048.4,97.4,5,2,3,2,0,2.0,N,1954,BUNG,W,0.0,N,1,Single Garage Detached,,FRAME,"Carpet, Linoleum",162.06,2,11,11,11,F-FIN,Yes,160.24,98.88,168000,160.24,RE/MAX River City,Sutton Group Nor-Vista Realty,3,9,603.04,5902HW,"12229 134 Street, Edmonton, Alberta, Canada","12229, 134 Street NW, Dovercourt, Western Mature Area, Edmonton, Alberta, T5L 4G4, Canada",53.5744165,-113.5539504
11028263,COND,Edmonton,Oliver,1003 9930 113 Street NW,S,69888,T5K 1N6,2002-05-05,67000,E2207924,12,602.78,56.0,4,1,1,1,0,1.0,N,1969,,NW,0.0,N,0,,Dorchester House,PREFB,"Carpet, Linoleum",115.94,1,12,10,10,NBASE,No,111.15,95.87,67000,111.15,RE/MAX Real Estate Centre,RE/MAX River City,63,,0.0,8722665,"1003 9930 113 Street NW, Edmonton, Alberta, Canada",,,
26132506,SF,Edmonton,Twin Brooks,11829 10A Avenue,S,410000,T6J 7A7,2020-06-17,410000,E4199312,18,1428.26,132.69,7,3,5,3,0,3.0,Y,1998,BUNG,NE,0.0,N,2,Double Garage Attached,,FRAME,"Carpet, Hardwood, Linoleum",287.06,2,18,18,18,F-FIN,Yes,287.06,100.0,410000,287.06,RE/MAX Elite,RE/MAX Real Estate,5,22,564.49,9422660,"11829 10A Avenue, Edmonton, Alberta, Canada","11829, 10A Avenue NW, Twin Brooks, Kaskitayo, Edmonton, Alberta, T6J 6X7, Canada",53.4407197,-113.5386055
27773993,VLOT,Edmonton,Leger,132 LEIGH Crescent NW,S,68900,,2001-09-11,60000,E2119373,9,0.0,0.0,0,0,0,0,0,0.0,N,0,,W,0.0,N,0,,,,,0.0,0,9,6,6,,No,0.0,87.08,60000,0.0,Century 21 Platinum Realty,Century 21 Platinum Realty,151,10,0.0,9826312,"132 LEIGH Crescent NW, Edmonton, Alberta, Canada","132, Leigh Crescent NW, Leger, Oak Hills, Terwillegar Heights, Edmonton, Alberta, T6R 3E7, Canada",53.4607973,-113.5693701
0015484512,COND,Edmonton,La Perle,208 18004 95 Avenue NW,S,115000,T5T 5W3,2024-08-22,115000,E4400919,15,851.1,79.07,9,2,2,2,0,2.0,Y,1990,APART,N,0.0,N,0,Stall,Carrington Place_LaPerle,FRAME,"Carpet, Ceramic Tile",135.12,1,15,15,15,NBASE,No,135.12,100.0,115000,135.12,Sterling Real Estate,MaxWell Polaris,,,100.84,9022869,"208 18004 95 Avenue NW, Edmonton, Alberta, Canada",,,
0011684198,SF,Edmonton,Killarney,9004 128 Avenue,S,425000,T5G 0G9,2024-02-17,402500,E4369458,39,1329.99,123.56,6,3,5,2,1,2.1,Y,1960,BUNG,S,0.0,N,2,Double Garage Attached,,FRAME,"Carpet, Laminate Flooring, Linoleum",319.55,2,39,38,38,F-FIN,Yes,302.63,94.71,402500,302.63,Initia Real Estate,Bermont Realty (1983) Ltd,43,26,594.39,4542KS,"9004 128 Avenue, Edmonton, Alberta, Canada","9004, 128 Avenue NW, Killarney, Northern Mature Area, Edmonton, Alberta, T5B 1G1, Canada",53.5860882,-113.4798485
18374025,SF,Edmonton,Caernarvon,12139 152A Avenue NW,S,169500,T5X 1R1,2004-05-07,168700,E2411432,10,1116.22,103.7,6,3,4,2,1,2.1,N,1974,BUNG,N,0.0,Y,1,Single Garage Attached,,FRAME,"Carpet, Linoleum",151.85,2,10,10,10,F-FIN,Yes,151.14,99.53,168700,151.14,Realty Executives Synergy,Century 21 Royal Real Estate,15,10,0.0,4159TR,"12139 152A Avenue NW, Edmonton, Alberta, Canada","12139, 152A Avenue NW, Caernarvon, Castle Downs, Edmonton, Alberta, T5X 1Y7, Canada",53.6147319,-113.5329031
32471039,COND,Edmonton,Glastonbury,245 2436 Guardian Road NW,S,265000,T5T 2P5,2012-06-21,263000,E3285378,167,1228.16,114.1,6,2,2,2,0,2.0,Y,2005,APART,W,0.0,N,1,"Stall, Underground",Grange Pointe,FRAME,"Carpet, Laminate Flooring, Linoleum",215.77,1,167,164,164,NBASE,No,214.14,99.25,263000,214.14,Sutton Group Nor-Vista Realty,Royal Lepage Arteam Realty,,,110.45,425217,"245 2436 Guardian Road NW, Edmonton, Alberta, Canada",,,
26180190,COND,Edmonton,Downtown,1911 9918 101 Street NW,S,89500,T6K 2L1,2002-01-09,85380,E2124831,32,709.34,65.9,4,1,1,1,0,1.0,N,1978,,W,0.0,N,1,Underground,Renaissance Place,PREFB,"Carpet, Ceramic Tile",126.17,1,32,30,30,NBASE,No,120.37,95.4,85380,120.37,Century 21 Platinum Realty,RE/MAX Real Estate,184,,0.0,9423146,"1911 9918 101 Street NW, Edmonton, Alberta, Canada","Canada Post, 101 Street NW, Downtown, Central Core, Edmonton, Alberta, T5J 1N7, Canada",53.5400646,-113.4936404
0035288141,COND,Edmonton,Ambleside,201 111 AMBLESIDE Drive,S,235000,T6W 0J4,2024-09-19,238000,E4403067,29,1033.44,96.01,5,2,2,2,0,2.0,Y,2011,APART,E,0.0,N,1,"Heated, Underground",Infusion,FRAME,"Carpet, Ceramic Tile, Laminate Flooring",227.4,1,29,29,29,NBASE,No,230.3,101.28,238000,230.3,Exp Realty,MaxWell Progressive,,,42.1,1221234,"201 111 AMBLESIDE Drive, Edmonton, Alberta, Canada","Ambleside Drive SW, Ambleside, Windermere, Edmonton, Alberta, T6W 2Z4, Canada",53.4340964,-113.598792
10865526,SF,Edmonton,Strathcona,9813 83 Avenue,S,469900,T6E 2B8,2005-12-02,460000,E3041841,73,2475.7,230.0,10,3,3,3,0,3.0,Y,1989,ST2.5,N,0.0,Y,2,"Double Garage Detached, Insulated, Over Sized",,FRAME,"Carpet, Ceramic Tile, Linoleum",189.81,4,73,73,73,F-FIN,Yes,185.81,97.89,460000,185.81,Royal Lepage Preferred Real Estate,RE/MAX Real Estate Centre,72,25,404.68,I,"9813 83 Avenue, Edmonton, Alberta, Canada","9813, 83 Avenue NW, Strathcona, Greater Strathcona, Edmonton, Alberta, T6E 3S9, Canada",53.5188711,-113.4834551
22439384,COND,Edmonton,Falconer Heights,10 1130 FALCONER Road NW,S,179900,T6R 2J6,2001-10-12,174000,E2117598,69,1959.03,182.0,5,2,4,3,0,3.0,N,1992,SPLT3,E,0.0,Y,2,Double Garage Attached,Summit,FRAME,"Carpet, Linoleum, Marble",91.83,3,69,65,65,F-FIN,Yes,88.82,96.72,174000,88.82,Realty World-Unified,Royal Lepage Noralta Real Estate,10,,0.0,9221425,"10 1130 FALCONER Road NW, Edmonton, Alberta, Canada",,,
35794940,DUPLEX,Edmonton,Cameron Heights,3496 CAMERON HEIGHTS Cove,S,459900,T6M 0R5,2023-07-03,450000,E4343053,33,1402.97,130.34,6,3,3,2,2,2.2,Y,2018,ST2,W,0.0,Y,1,"Front Drive Access, On Street, Single Garage Attached",,FRAME,"Carpet, Ceramic Tile, Laminate Flooring",327.81,3,33,34,34,F-FIN,Yes,320.75,97.85,450000,320.75,Century 21 Masters,Royal LePage Noralta Real Estate,15,53,217.67,1323791,"3496 CAMERON HEIGHTS Cove, Edmonton, Alberta, Canada","Cameron Heights Cove NW, Cameron Heights, West Jasper Place, Edmonton, Alberta, T6M 0J3, Canada",53.4745296,-113.6342872
31313406,SF,Edmonton,Schonsee,16911 74 Street,S,485000,T5Z 0A3,2019-05-23,474000,E4146438,77,1603.18,148.94,6,2,4,2,1,2.1,Y,2005,BLEVL,W,0.0,Y,2,"Double Garage Attached, Heated, Over Sized",,FRAME,"Carpet, Ceramic Tile, Hardwood",302.52,2,77,77,77,F-FIN,Yes,295.66,97.73,474000,295.66,Royal Lepage Noralta Real Estate,Purplebricks,5,30,0.0,525335,"16911 74 Street, Edmonton, Alberta, Canada","16911, 74 Street NW, Schonsee, Lake District, Edmonton, Alberta, T5Z 2V4, Canada",53.6302661,-113.4556322
28578335,SF,Edmonton,Summerside,611 STEWART Crescent SW,S,339900,T6X 1B5,2004-04-12,335000,E2408565,11,2495.07,231.8,9,4,4,2,1,2.1,N,2003,ST2,SW,13.8,Y,2,Double Garage Attached,,FRAME,"Ceramic Tile, Hardwood, Wall to Wall Carpet",136.23,2,188,187,11,U-FIN,Yes,134.26,98.56,335000,134.26,Royal Lepage Noralta Real Estate,Kimberley Realty Ltd,2,35,0.0,23927,"611 STEWART Crescent SW, Edmonton, Alberta, Canada","611, Stewart Crescent SW, Summerside, Ellerslie, Edmonton, Alberta, T6X 1E9, Canada",53.4214454,-113.4718927
12903746,COND,Edmonton,Oliver,102 10148 118 Street,S,224900,T5K 1Y4,2015-08-27,210000,E3424465,43,664.02,61.69,4,1,1,1,0,1.0,N,1979,APART,W,0.0,Y,0,Underground,Solarium The,FRAME,See Remarks,338.69,1,43,42,42,NBASE,No,316.25,93.37,210000,316.25,RE/MAX Elite,RE/MAX Elite,,,39.1,7920789,"102 10148 118 Street, Edmonton, Alberta, Canada",,,
32088924,DUPLEX,Edmonton,Silver Berry,2415 29 Street,S,356300,T6T 0C8,2008-03-11,356300,E3110188,197,1383.91,128.57,6,3,3,1,1,1.1,N,2007,ST2,W,8.03,N,1,Single Garage Attached,,FRAME,"Carpet, Hardwood, Linoleum",257.46,2,197,195,195,U-FIN,Yes,257.46,100.0,356300,257.46,REALTORSÂ® Association of Edmonton,Jayman Realty (Edm.) Inc,8,32,282.4,627747,"2415 29 Street, Edmonton, Alberta, Canada","2415, 29 Street NW, Silver Berry, West Meadows, The Meadows, Edmonton, Alberta, T6T 0M3, Canada",53.4548212,-113.3828477
28572205,COND,Edmonton,Oliver,1407 9741 110 Street NW,S,189900,,2002-03-19,196900,E2123953,119,1123.75,104.4,4,2,2,2,0,2.0,N,2000,,E,0.0,N,1,"Heated, Parkade, Underground",Grandin Manor,BLOCK,"Carpet, Ceramic Tile",168.99,1,119,119,119,NBASE,No,175.22,103.69,196900,175.22,MaxWell Devonshire Realty,MaxWell Devonshire Realty,88,,0.0,23891,"1407 9741 110 Street NW, Edmonton, Alberta, Canada",,,
30674394,COND,Edmonton,Eaux Claires,339 16311 95 Street NW,S,214000,T5Z 3Y5,2016-11-25,207500,E4043301,17,914.93,85.0,5,2,2,2,0,2.0,Y,2004,APART,S,0.0,Y,0,"Heated, Insulated, Stall, Underground",Promenade Eaux Claires,FRAME,"Carpet, Linoleum",233.9,1,17,17,17,NBASE,No,226.79,96.96,207500,226.79,MaxWell Polaris,RE/MAX River City,405,,0.0,227784,"339 16311 95 Street NW, Edmonton, Alberta, Canada",,,
15809619,SF,Edmonton,Central Mcdougall,10964 108 Street,S,219800,T5H 3A7,2009-06-18,208000,E3188862,13,642.6,59.7,3,1,3,2,0,2.0,N,1944,BLEVL,E,0.0,N,0,,,FRAME,"Carpet, Ceramic Tile, Hardwood",342.05,2,13,12,12,F-FIN,No,323.68,94.63,208000,323.68,Realty Executives North Star,Realty Executives North Star,8,406,696.74,7540AH,"10964 108 Street, Edmonton, Alberta, Canada","108 Street NW, Rosslyn, Northern Mature Area, Edmonton, Alberta, T5E 4W3, Canada",53.5966943,-113.5066439
0010345974,SF,Edmonton,Ogilvie Ridge,123 OWER PLACE Place,S,619000,T6R 1K4,2023-05-11,617000,E4304979,300,2537.48,235.74,7,3,5,3,1,3.1,Y,1987,ST2,E,0.0,N,0,"Insulated, Triple Garage Attached",,FRAME,"Ceramic Tile, Hardwood",243.94,3,300,300,300,F-FIN,Yes,243.15,99.68,617000,243.15,RE/MAX Real Estate,RE/MAX Excellence,111,12,533.19,8521132,"123 OWER PLACE Place, Edmonton, Alberta, Canada","Ower Place NW, Ogilvie Ridge, Riverbend, Edmonton, Alberta, T6R 3L6, Canada",53.4623175,-113.5669022
14147581,SF,Edmonton,Gariepy,384 LESSARD Drive,S,299900,T6M 1A7,2005-03-25,299000,E3023719,17,1625.35,151.0,7,3,4,3,0,3.0,Y,1978,BUNG,SW,18.0,Y,2,"Double Garage Attached, Front Drive Access, Insulated",,FRAME,"Ceramic Tile, Hardwood, Laminate Flooring",184.51,2,17,13,13,F-FIN,Yes,183.96,99.7,299000,183.96,Royal Lepage Noralta Real Estate,Royal Lepage Noralta Real Estate,3,30,699.26,7722037,"384 LESSARD Drive, Edmonton, Alberta, Canada","384, Lessard Drive NW, Gariepy, Lessard, West Jasper Place, Edmonton, Alberta, T6M 1A2, Canada",53.492684,-113.6177774
14794804,COND,Edmonton,Lee Ridge,6616 36A Avenue,S,235000,T6K 1S3,2012-04-30,229900,E3286941,97,1388.54,129.0,6,3,3,1,1,1.1,N,1975,ST2,W,0.0,Y,1,Single Garage Attached,Woodglen Place (Lee Ridge),FRAME,"Linoleum, Wall to Wall Carpet",169.24,3,97,97,97,F-FIN,Yes,165.57,97.83,229900,165.57,Professional Realty Group,Homes & Gardens Real Estate Limited,,,329.78,7621093,"6616 36A Avenue, Edmonton, Alberta, Canada","6616, 36A Avenue NW, Lee Ridge, Millbourne, Mill Woods, Edmonton, Alberta, T6K 1Y8, Canada",53.4706004,-113.4390703
12051140,DUPLEX,Edmonton,Richfield,3814 85 Street,S,329900,T6K 0H6,2023-08-25,345000,E4353606,15,1058.31,98.32,3,3,6,3,1,3.1,Y,1972,BUNG,E,0.0,N,0,Front Drive Access,,FRAME,"Linoleum, Non-Ceramic Tile, Vinyl Plank",311.72,2,15,15,15,F-FIN,No,325.99,104.58,345000,325.99,Century 21 Signature Realty,Century 21 Signature Realty,12,38,392.44,6453RS,"3814 85 Street, Edmonton, Alberta, Canada","85 Street NW, Parkdale, Avenue District, Edmonton, Alberta, T5H 4E2, Canada",53.5634783,-113.4717937
32252702,COND,Edmonton,Oliver,408 10145 113 Street,S,114800,T5K 1P1,2025-01-13,110000,E4416872,11,719.03,66.8,5,1,1,1,0,1.0,N,1971,APART,E,0.0,N,0,"Stall, See Remarks",Torrey Pines,FRAME,"Ceramic Tile, Laminate Flooring",159.66,1,11,11,11,NBASE,No,152.98,95.82,110000,152.98,Century 21 Masters,Royal LePage Noralta Real Estate,,,53.06,721273,"408 10145 113 Street, Edmonton, Alberta, Canada",,,
0011849536,COND,Edmonton,Casselman,33 AMBERLY Court,S,143900,T5A 2H9,2023-01-23,139500,E4323336,18,971.98,90.3,5,3,3,2,0,2.0,N,1974,ST2,N,0.0,N,0,Stall,Amberly Court,FRAME,"Carpet, Ceramic Tile, Hardwood",148.05,3,844,838,18,F-FIN,No,143.52,96.94,139500,143.52,Royal LePage Noralta Real Estate,RE/MAX River City,,,0.0,7520737,"33 AMBERLY Court, Edmonton, Alberta, Canada","Amberly Court, Casselman-Steele Heights, Edmonton, Alberta, Canada",53.6080414,-113.4275834
0010162493,SF,Edmonton,Satoo,1616 89 Street,S,439900,T6K 2A9,2022-03-31,455000,E4283325,8,1194.79,111.0,6,3,4,2,1,2.1,Y,1975,BUNG,E,16.8,Y,4,"Double Garage Detached, Over Sized, See Remarks",,FRAME,"Carpet, Vinyl Plank",368.18,2,8,8,8,F-FIN,Yes,380.82,103.43,455000,380.82,RE/MAX Elite,Royal Lepage Summit Realty,3,129,715.15,4999TR,"1616 89 Street, Edmonton, Alberta, Canada","1616, 89 Street NW, Satoo, Knottwood, Mill Woods, Edmonton, Alberta, T6K 2C7, Canada",53.4461528,-113.4645665
12066999,SF,Edmonton,Ritchie,9729 79 Avenue,S,257900,T6E 1P9,2008-09-12,250000,E3153139,70,797.6,74.1,4,2,3,2,0,2.0,N,1948,BUNG,N,0.0,N,0,"No Garage, Off Street, On Street, Rear Drive Access",,FRAME,"Carpet, Hardwood, Linoleum",323.34,2,194,193,69,F-FIN,No,313.44,96.94,250000,313.44,Realty Executives Encore,MaxWell Challenge Realty,37,G,488.4,8435ET,"9729 79 Avenue, Edmonton, Alberta, Canada","79 Avenue, Rosenthal, Lewis Farms, Edmonton, Parkland County, Alberta, T7X 3Y3, Canada",53.5122083,-113.7148557
33563322,SF,Edmonton,Eaux Claires,15807 95 Street,S,478000,T5Z 0G1,2010-11-29,460000,E3244116,24,1312.33,121.92,6,3,5,5,0,5.0,Y,2010,BLEVL,W,11.06,Y,2,"Double Garage Attached, Insulated",,FRAME,"Carpet, Ceramic Tile, Hardwood",364.24,3,24,24,24,F-FIN,Yes,350.52,96.23,460000,350.52,RE/MAX Elite,NOW Real Estate Group,92,22,407.5,828915,"15807 95 Street, Edmonton, Alberta, Canada","15807, 95 Street NW, Eaux Claires, Lake District, Edmonton, Alberta, T5Z 0E9, Canada",53.619909,-113.486626
0014907357,SF,Edmonton,Lynnwood,15629 83 Avenue,S,430000,T5R 3T6,2025-09-28,427000,E4447564,79,1164.87,108.22,7,3,3,2,0,2.0,N,1959,BUNG,N,0.0,Y,2,Single Garage Detached,,FRAME,"Carpet, Hardwood, Vinyl Plank",369.14,2,79,76,76,F-FIN,Yes,366.56,99.3,427000,366.56,MaxWell Progressive,Digger Real Estate Inc.,5,7,521.0,5559KS,"15629 83 Avenue, Edmonton, Alberta, Canada","15629, 83 Avenue NW, Lynnwood, Jasper Place, Edmonton, Alberta, T5R 4G7, Canada",53.5161172,-113.5927602
30464945,SF,Edmonton,Macewan,1141 MCALLISTER Court,S,414900,T6W 1T9,2011-09-28,407500,E3276170,23,1950.42,181.2,7,3,3,2,1,2.1,Y,2004,ST2,W,0.0,Y,2,Double Garage Attached,,FRAME,"Carpet, Laminate Flooring, Linoleum",212.72,2,23,23,23,U-FIN,Yes,208.93,98.22,407500,208.93,Royal Lepage Noralta Real Estate,RE/MAX Advantage,7,142,357.66,422274,"1141 MCALLISTER Court, Edmonton, Alberta, Canada","1141, McAllister Court SW, MacEwan, Heritage Point, Heritage Valley, Edmonton, Alberta, T6W 0J3, Canada",53.4305892,-113.5244633
19461756,SF,Edmonton,Kiniski Gardens,3512 38A Avenue,S,448800,T6L 6N9,2021-05-16,460000,E4241097,12,2066.35,191.97,8,4,5,3,1,3.1,Y,1992,ST2,S,0.0,Y,0,Double Garage Attached,,FRAME,"Carpet, Ceramic Tile, Hardwood",217.2,2,12,12,12,F-FIN,Yes,222.62,102.5,460000,222.62,Century 21 All Stars Realty Ltd,Exp Realty,29,205,581.37,9122474,"3512 38A Avenue, Edmonton, Alberta, Canada","3512, 38A Avenue NW, Kiniski Gardens, Burnewood, Mill Woods, Edmonton, Alberta, T6T 1N2, Canada",53.4735054,-113.3949744
0020214722,SF,Edmonton,Holyrood,9422 75 ST,S,398998,T6C 2H7,2024-12-03,393000,E4413309,23,1165.73,108.3,6,3,5,2,0,2.0,N,1957,BUNG,E,0.0,N,0,Parking Pad Cement/Paved,,FRAME,"Ceramic Tile, Laminate Flooring, Vinyl Plank",342.27,2,23,23,23,F-FIN,No,337.13,98.5,393000,337.13,RE/MAX River City,MaxWell Polaris,8,54,0.0,1844KS,"9422 75 ST, Edmonton, Alberta, Canada","9422, 75 Street NW, Holyrood, Edmonton, Alberta, T6C 4L3, Canada",53.5316039,-113.4433531
16027989,SF,Edmonton,Elmwood,16108 79A Avenue,S,269000,T5R 3J1,2009-11-30,262000,E3203847,28,1037.42,96.38,6,3,3,1,0,1.0,N,1962,BUNG,S,0.0,N,2,"Double Garage Detached, Heated, Over Sized, Rear Drive Access",,FRAME,"Carpet, Hardwood, Linoleum",259.3,1,28,28,28,,Yes,252.55,97.4,262000,252.55,RE/MAX Accord,Coldwell Banker Venture Realty,7,67,551.25,6675KS,"16108 79A Avenue, Edmonton, Alberta, Canada","16108, 79A Avenue NW, Elmwood, Jasper Place, Edmonton, Alberta, T5R 3E6, Canada",53.5129343,-113.6003506
18566548,SF,Edmonton,Pleasantview,10816 59 Avenue,S,539000,T6H 1G1,2012-06-01,540000,E3301729,13,1623.09,150.79,5,2,4,2,0,2.0,N,1972,BUNG,S,0.0,Y,2,Double Garage Attached,,FRAME,"Carpet, Linoleum",332.08,2,13,13,13,F-FIN,Yes,332.7,100.19,540000,332.7,RE/MAX Excellence,Realty Executives Vision,10A,11,896.95,4029RS,"10816 59 Avenue, Edmonton, Alberta, Canada","10816, 59 Avenue NW, Pleasantview, Edmonton, Alberta, T6H 1K4, Canada",53.4955703,-113.5096818
20080800,SF,Edmonton,Capilano,10676 59 Street,S,269000,T6A 2K7,2006-05-19,295000,E3057505,14,1102.87,102.46,7,3,4,2,0,2.0,N,1957,BUNG,S,16.8,N,1,"Rear Drive Access, Single Garage Detached",,FRAME,"Carpet Over Hardwood, Linoleum",243.91,2,14,13,13,F-FIN,Yes,267.48,109.67,295000,267.48,The Good Real Estate Company,Royal Lepage Noralta Real Estate,40,28,657.16,1997KS,"10676 59 Street, Edmonton, Alberta, Canada","10676, 59 Street NW, Capilano, Greater Hardisty, Edmonton, Alberta, T6A 1G3, Canada",53.5526937,-113.4252138
0014135926,SF,Edmonton,Overlanders,239 HUMBERSTONE Road,S,295500,T5A 4C5,2022-01-20,275000,E4262949,126,1680.78,156.15,6,3,5,2,1,2.1,Y,1978,SPLT4,E,0.0,Y,0,Double Garage Attached,,FRAME,"Carpet, Ceramic Tile, Hardwood",175.81,4,126,127,127,F-FIN,Yes,163.61,93.06,275000,163.61,Royal LePage Noralta Real Estate,Royal LePage Noralta Real Estate,34,15,766.84,7722149,"239 HUMBERSTONE Road, Edmonton, Alberta, Canada",,,
19222934,SF,Edmonton,Glengarry,13508 90A Street,S,374900,T5E 3N6,2014-05-14,366000,E3369497,35,1087.15,101.0,6,3,4,1,1,1.1,N,1962,BUNG,E,0.0,Y,2,Double Garage Detached,,FRAME,"Hardwood, Laminate Flooring",344.85,2,35,34,34,F-FIN,Yes,336.66,97.63,366000,336.66,Royal Lepage Premier Real Estate,Homelife Guaranteed Realty,23,24,542.89,3320MC,"13508 90A Street, Edmonton, Alberta, Canada","13508, 90A Street NW, Glengarry, Northern Mature Area, Edmonton, Alberta, T5E 1N7, Canada",53.5970623,-113.4812906
32354540,COND,Edmonton,Oliver,4 10172 113 Street,S,190000,T5K 1P2,2017-04-06,180000,E4049586,64,573.5,53.28,2,1,1,1,0,1.0,N,1963,APART,S,0.0,N,0,Stall,Marquis The_Oliver,FRAME,"Ceramic Tile, Laminate Flooring",331.3,1,64,64,64,NBASE,No,313.86,94.74,180000,313.86,MaxWell Devonshire Realty,RE/MAX River City,,,0.0,723040,"4 10172 113 Street, Edmonton, Alberta, Canada",,,
13272125,SF,Edmonton,Meyonohk,8611 24 Avenue NW,S,169900,,2002-07-15,167000,E2211628,40,1872.92,174.0,6,3,3,3,1,3.1,N,1986,SPLT4,N,17.0,Y,2,"Double Garage Attached, Single Garage Detached",,FRAME,"Linoleum, Wall to Wall Carpet",90.71,4,40,38,38,P-FIN,Yes,89.17,98.29,167000,89.17,MaxWell Polaris,RE/MAX Real Estate,23,94,0.0,7621055,"8611 24 Avenue NW, Edmonton, Alberta, Canada","24 Avenue NW, Ermineskin, Kaskitayo, Edmonton, Alberta, T6J 5B7, Canada",53.4547579,-113.499353
32188179,COND,Edmonton,Pembina,119 13111 140 Avenue,S,179999,T6V 0B1,2013-02-20,165000,E3323646,37,871.88,81.0,5,2,2,2,0,2.0,Y,2006,APART,S,0.0,N,0,"Heated, Underground",Palisades Park Villas,FRAME,"Hardwood, Linoleum, Wall to Wall Carpet",206.45,1,37,35,35,,No,189.25,91.67,165000,189.25,Century 21 A.L.L. Stars Realty Ltd,Century 21 A.L.L. Stars Realty Ltd,,,182.95,720367,"119 13111 140 Avenue, Edmonton, Alberta, Canada",,,
2222206662,COND,Edmonton,Callaghan,13 1030 Connelly Way,S,475000,T6W 2G2,2018-04-30,460000,E4085748,196,1769.05,164.35,4,2,2,2,1,2.1,Y,2017,ST2,NW,0.0,N,0,Double Garage Attached,Villas On The Ravine,FRAME,"Carpet, Ceramic Tile, Hardwood",268.51,2,341,339,195,U-FIN,Yes,260.03,96.84,460000,260.03,Exp Realty,Exp Realty,1,,0.0,1324946,"13 1030 Connelly Way, Edmonton, Alberta, Canada",,,
15139546,SF,Edmonton,Patricia Heights,7815 160 Street,S,479967,T5R 2G6,2011-02-09,499000,E3248131,20,1705.0,158.4,6,3,4,2,0,2.0,N,1968,SPLT4,W,0.0,Y,2,"Double Garage Detached, Over Sized",,FRAME,"Carpet, Ceramic Tile, Hardwood",281.51,4,81,80,20,F-FIN,Yes,292.67,103.97,499000,292.67,RE/MAX Elite,RE/MAX Elite,11,22,705.46,5405N,"7815 160 Street, Edmonton, Alberta, Canada","7815, 160 Street NW, Patricia Heights, Greater Rio Terrace, Jasper Place, Edmonton, Alberta, T5R 3E6, Canada",53.5102918,-113.5980979
27105007,SF,Edmonton,Twin Brooks,11507 15 Avenue,S,549900,T6J 7B8,2008-05-12,540000,E3138557,36,2160.31,200.7,8,3,3,2,1,2.1,Y,1997,ST2,N,0.0,Y,2,Double Garage Attached,,FRAME,See Remarks,254.55,2,36,34,34,U-FIN,Yes,249.96,98.2,540000,249.96,Willes Real Estate,Royal Lepage Arteam Realty,27,52,0.0,9722228,"11507 15 Avenue, Edmonton, Alberta, Canada","11507, 15 Avenue NW, Twin Brooks, Kaskitayo, Edmonton, Alberta, T6J 7E2, Canada",53.4484247,-113.5322083
29420593,SF,Edmonton,Ozerna,7926 166A Avenue,S,198900,T5Z 3V9,2004-04-15,195000,E2403687,64,1353.02,125.7,6,3,3,2,0,2.0,N,2003,BLEVL,S,12.9,Y,2,Double Garage Attached,,FRAME,"Carpet, Linoleum",147.0,1,250,244,62,U-FIN,Yes,144.12,98.04,195000,144.12,RE/MAX Heather Lachance,Coldwell Banker Venture Realty,87,20,0.0,224595,"7926 166A Avenue, Edmonton, Alberta, Canada","166A Avenue NW, Mayliewan, Lake District, Edmonton, Alberta, T5Z 3S4, Canada",53.6281902,-113.4649358
17398082,SF,Edmonton,Killarney,9420 129A Avenue,S,269900,T5E 0N8,2011-05-03,261500,E3258028,17,1019.99,94.76,6,3,3,2,0,2.0,N,1959,BUNG,S,0.0,N,1,Single Garage Detached,,FRAME,"Carpet Over Hardwood, Linoleum, Wall to Wall Carpet",264.61,2,17,17,17,F-FIN,Yes,256.38,96.89,261500,256.38,RE/MAX River City,RE/MAX Excellence,36,23,557.45,4738KS,"9420 129A Avenue, Edmonton, Alberta, Canada","9420, 129A Avenue NW, Killarney, Northern Mature Area, Edmonton, Alberta, T5E 0Y4, Canada",53.5882422,-113.4871048
0031318660,COND,Edmonton,Suder Greens,333 278 SUDER GREENS Drive,S,279900,T5T 6V6,2023-11-09,268000,E4363579,13,1231.93,114.45,6,2,2,2,0,2.0,Y,2004,APART,N,0.0,N,0,"Heated, Underground, See Remarks",Lodge At Lewis Estates The,FRAME,"Carpet, Ceramic Tile, Cork Flooring",227.2,1,13,13,13,NBASE,No,217.55,95.75,268000,217.55,Century 21 Masters,Century 21 Masters,,,94.56,0424481,"333 278 SUDER GREENS Drive, Edmonton, Alberta, Canada","RBC, Webber Greens Drive NW, Suder Greens, Lewis Estates, Lewis Farms, Edmonton, Alberta, T5T 6E8, Canada",53.524021,-113.6685047
0013685582,SF,Edmonton,Forest Heights,10612 Rowland Road,S,599800,T6A 3V8,2019-11-15,590000,E4176713,36,1264.22,117.45,6,3,4,3,0,3.0,Y,1961,BUNG,E,0.0,N,2,"220 Volt Wiring, Over Sized, Tandem, Triple Garage Detached",,FRAME,"Carpet, Hardwood",474.44,2,36,36,36,F-FIN,Yes,466.69,98.37,590000,466.69,Century 21 Masters,RE/MAX Elite,5,33,645.35,6906KS,"10612 Rowland Road, Edmonton, Alberta, Canada","10612, Rowland Road NW, River Valley Gold Bar, Forest Heights, Edmonton, Alberta, T6A 0J1, Canada",53.5501637,-113.4404642
12389053,COND,Edmonton,Queen Mary Park,302 10826 113 Street,S,99900,T5H 3J2,2006-07-11,98000,E3063041,16,753.47,70.0,4,1,1,1,0,1.0,N,1980,APART,W,0.0,Y,0,Stall,Bay Vista,FRAME,"Carpet, Linoleum",132.59,1,16,15,15,NBASE,No,130.06,98.1,98000,130.06,Royal Lepage Noralta Real Estate,Royal Lepage Noralta Real Estate,20,,93.13,8020500,"302 10826 113 Street, Edmonton, Alberta, Canada",,,
0032188468,COND,Edmonton,Pembina,324 13111 140 Avenue,S,224900,T6V 0B1,2023-07-12,222000,E4343948,38,1063.9,98.84,5,2,2,2,0,2.0,Y,2006,APART,NE,0.0,N,1,"Heated, Stall, Underground",Palisades Park Villas,FRAME,"Ceramic Tile, Laminate Flooring",211.39,1,38,38,38,NBASE,No,208.67,98.71,222000,208.67,Exp Realty,RE/MAX River City,,,1049.79,0720367,"324 13111 140 Avenue, Edmonton, Alberta, Canada",,,
30760219,COND,Edmonton,Cloverdale,9760 92 Street,S,449000,T6C 2C5,2016-04-17,440000,E4013258,26,1855.05,172.34,6,2,2,2,1,2.1,Y,2003,ST3,N,0.0,Y,2,Double Garage Attached,La Caille Village,FRAME,"Carpet, Ceramic Tile, Hardwood",242.04,4,26,26,26,F-FIN,Yes,237.19,98.0,440000,237.19,MaxWell Devonshire,Realty Executives Encore,,,0.0,425985,"9760 92 Street, Edmonton, Alberta, Canada","92 Street NW, Boyle Street, Central Core, Edmonton, Alberta, T5H 3Y6, Canada",53.5501064,-113.4762927
12095585,COND,Edmonton,Oliver,213 11217 103 Avenue NW,S,94500,,2002-03-04,94000,E2202956,14,715.8,66.5,4,1,1,1,0,1.0,N,1978,,NW,0.0,N,0,Stall,Oliver Manor,FRAME,"Carpet, Ceramic Tile, Hardwood",132.02,1,14,12,12,NBASE,No,131.32,99.47,94000,131.32,RE/MAX Real Estate,MaxWell Polaris,13,,0.0,7923127,"213 11217 103 Avenue NW, Edmonton, Alberta, Canada",,,
34489898,DUPLEX,Edmonton,Callaghan,2344 Casselman Cr,S,338000,T6W 0W3,2018-02-28,330000,E4076300,209,1116.65,103.74,6,3,3,2,1,2.1,Y,2011,ST2,S,0.0,N,0,Single Garage Attached,,FRAME,"Carpet, Engineered Wood",302.69,3,209,209,209,F-FIN,Yes,295.53,97.63,330000,295.53,RE/MAX Real Estate Centre,Homes & Gardens Real Estate Limited,6,24B,0.0,1025300,"2344 Casselman Cr, Edmonton, Alberta, Canada","Casselman Crescent SW, Callaghan, Heritage Valley, Edmonton, Alberta, T6W 0W8, Canada",53.4040773,-113.5316548
14999403,COND,Edmonton,Oliver,503 9908 114 Street NW,S,87500,T5K 1R1,2001-05-05,86000,E2107693,31,753.47,70.0,4,1,1,1,0,1.0,N,1965,,S,0.0,N,0,Stall,Park Towers,BLOCK,"Linoleum, Wall to Wall Carpet",116.13,1,31,30,30,,No,114.14,98.29,86000,114.14,Coldwell Banker Venture Realty,Coldwell Banker Venture Realty,21,,0.0,7521572,"503 9908 114 Street NW, Edmonton, Alberta, Canada",,,
30272371,COND,Edmonton,Cromdale,305 8119 112 Avenue,S,194900,T5B 0G1,2012-11-20,185000,E3316283,57,1345.49,125.0,6,2,2,2,0,2.0,Y,2003,APART,N,0.0,Y,1,"Heated, Stall, Underground",Highlands On Kinnaird Ravine,FRAME,"Laminate Flooring, Linoleum",144.85,1,242,242,57,,No,137.5,94.92,185000,137.5,Century 21 A.L.L. Stars Realty Ltd,RE/MAX Real Estate,,,630.8,323912,"305 8119 112 Avenue, Edmonton, Alberta, Canada",,,
31490170,SF,Edmonton,The Hamptons,20628 57 Avenue,S,763800,T6M 0B7,2017-02-16,695000,E4044215,88,2511.86,233.36,9,3,4,3,1,3.1,Y,2006,ST2,S,13.85,Y,2,"Double Garage Attached, Front Drive Access",,FRAME,"Ceramic Tile, Hardwood, Wall to Wall Carpet",304.08,3,181,181,88,F-FIN,Yes,276.69,90.99,695000,276.69,RE/MAX Excellence,RE/MAX Excellence,34,23,579.38,526666,"20628 57 Avenue, Edmonton, Alberta, Canada","20628, 57 Avenue NW, The Hamptons, The Grange, Edmonton, Alberta, T6M 0L7, Canada",53.4925434,-113.6770528
30004535,COND,Edmonton,Queen Mary Park,201 11408 108 Avenue,S,252000,T5H 4R5,2017-06-15,243500,E4062468,41,1114.39,103.53,5,2,2,2,0,2.0,Y,2003,APART,SE,0.0,N,0,Single Carport,River City One,FRAME,"Laminate Flooring, Linoleum",226.13,1,41,41,41,NBASE,No,218.51,96.63,243500,218.51,Century 21 Vantage Realty Ltd.,RE/MAX Real Estate,,,0.0,323863,"201 11408 108 Avenue, Edmonton, Alberta, Canada",,,
13555050,SF,Edmonton,Ramsay Heights,4616 148 Street,S,489900,T6H 5N5,2008-01-30,480000,E3124444,25,1783.58,165.7,7,3,3,3,1,3.1,Y,1979,ST2,E,0.0,Y,2,Double Garage Attached,,FRAME,"Carpet, Ceramic Tile, Hardwood",274.67,4,25,24,24,F-FIN,Yes,269.12,97.98,480000,269.12,RE/MAX Real Estate,MaxWell Devonshire Realty,38,37,646.59,7822292,"4616 148 Street, Edmonton, Alberta, Canada","4616, 148 Street NW, Ramsay Heights, Riverbend Community, Riverbend, Edmonton, Alberta, T6H 5T5, Canada",53.4851972,-113.577224
16156630,DUPLEX,Edmonton,Royal Gardens,11222 40 Avenue,S,289999,T6J 0R2,2016-07-29,289999,E4030053,14,1259.38,117.0,6,3,3,1,1,1.1,N,1965,ST2,S,0.0,N,0,Double Garage Detached,,FRAME,"Carpet, Hardwood, Linoleum",230.27,2,14,13,13,U-FIN,Yes,230.27,100.0,289999,230.27,The Good Real Estate Company,The Good Real Estate Company,35,33A,334.0,2738NY,"11222 40 Avenue, Edmonton, Alberta, Canada","11222, 40 Avenue NW, Royal Gardens, Edmonton, Alberta, T6J 1E8, Canada",53.4759291,-113.5222898
32546096,COND,Edmonton,Queen Alexandra,204 10540 80 Avenue,S,184900,T6E 1V3,2013-07-10,180500,E3341482,28,660.9,61.4,4,1,1,1,0,1.0,N,1968,APART,N,0.0,N,0,Stall,Golden Ash Manor,FRAME,"Ceramic Tile, Laminate Flooring",279.77,1,28,28,28,NBASE,No,273.11,97.62,180500,273.11,RIGHT Real Estate,RE/MAX River City,,,85.57,726522,"204 10540 80 Avenue, Edmonton, Alberta, Canada",,,
32175904,SF,Edmonton,Ambleside,425 AINSLIE Crescent,S,469400,T6W 0H8,2011-06-08,469400,E3253150,92,2167.96,201.41,7,3,3,2,1,2.1,Y,2011,ST2,W,11.2,Y,2,Double Garage Attached,,FRAME,"Carpet, Ceramic Tile, Hardwood",216.52,2,92,92,92,U-FIN,Yes,216.52,100.0,469400,216.52,RE/MAX Elite,Jayman Realty (Edm.) Inc,1,17,387.27,720119,"425 AINSLIE Crescent, Edmonton, Alberta, Canada","Ainslie Crescent SW, Ambleside, Windermere, Edmonton, Alberta, T6W 2Z4, Canada",53.4339847,-113.5960605
24919284,COND,Edmonton,Jackson Heights,1626 JAMHA Road,S,277700,T6L 6V7,2006-07-21,277700,E3063935,5,1345.49,125.0,6,3,3,2,1,2.1,Y,1993,ST2,E,0.0,Y,1,Single Garage Attached,Jackson Ridge,FRAME,"Carpet, Linoleum",206.39,2,5,4,4,P-FIN,Yes,206.39,100.0,277700,206.39,MaxWell Polaris,RE/MAX Real Estate,10,,110.0,9321142,"1626 JAMHA Road, Edmonton, Alberta, Canada","Jamha Road NW, Jackson Heights, Burnewood, Mill Woods, Edmonton, Alberta, T6L 6S7, Canada",53.4849461,-113.4135917
10317071,DUPLEX,Edmonton,Ottewell,6103-6105 97A Avenue NW,S,264900,T6B 1E2,2003-05-27,260000,E2310981,20,1679.17,156.0,5,2,2,2,0,2.0,N,1964,BUNG,N,15.2,Y,2,Double Garage Detached,,FRAME,"Carpet, Linoleum",157.76,2,20,19,19,F-FIN,Yes,154.84,98.15,260000,154.84,RE/MAX River City,RE/MAX Andy Verhagen Realty,9,4,0.0,6258KS,"6103-6105 97A Avenue NW, Edmonton, Alberta, Canada","97A Avenue NW, Ottewell, Edmonton, Alberta, T6A 0A1, Canada",53.5377334,-113.423955
0012199303,SF,Edmonton,Dechene,5608 179 Street,S,429900,T6M 1W9,2022-05-24,465000,E4289050,33,1722.76,160.05,7,3,3,3,0,3.0,Y,1985,SPLT4,E,0.0,Y,2,"Double Garage Attached, Insulated, Over Sized",,FRAME,"Ceramic Tile, Wall to Wall Carpet",249.54,4,33,32,32,U-FIN,Yes,269.92,108.16,465000,269.92,Re/Max Excellence,RE/MAX River City,25,10,575.34,8021945,"5608 179 Street, Edmonton, Alberta, Canada","179 Street NW, Belmead, West Jasper Place, Edmonton, Alberta, T5T 2P1, Canada",53.5224899,-113.6313228
15453707,VLOT,Edmonton,Alberta Avenue,11544 95 Street,S,135000,T5G 1L6,2025-05-19,135000,E4437255,2,0.0,0.0,0,0,0,0,0,0.0,N,0,BUNG,,0.0,N,0,,,,,0.0,0,2,1,1,,,0.0,100.0,135000,0.0,2% Realty Pro,RE/MAX Excellence,22,21,367.88,RN43,"11544 95 Street, Edmonton, Alberta, Canada","95 Street NW, Cloverdale, Central Core, Edmonton, Alberta, T6C 4N4, Canada",53.5382225,-113.4732074
14257737,SF,Edmonton,Kiniski Gardens,134 KIRKWOOD Way,S,169900,T6L 6K5,2005-08-26,167000,E3038036,22,990.28,92.0,5,3,3,1,1,1.1,N,1991,SPLT4,E,9.2,Y,0,"Off Street, On Street",,FRAME,"Carpet, Laminate Flooring, Non-Ceramic Tile",171.57,3,22,22,22,P-FIN,No,168.64,98.29,167000,168.64,Best Buy Realty,RE/MAX Real Estate,23,124,307.75,9021893,"134 KIRKWOOD Way, Edmonton, Alberta, Canada","Kirkwood Way NW, Kiniski Gardens, Burnewood, Mill Woods, Edmonton, Alberta, T6L 6G9, Canada",53.4827259,-113.3961228
30526363,COND,Edmonton,Macewan,206 630 MCALLISTER Loop,S,210000,T6W 1N3,2015-07-09,192900,E3420113,27,863.26,80.2,5,2,2,2,0,2.0,Y,2003,APART,W,0.0,N,1,"Heated, Stall, Underground",Macewan Village,FRAME,"Carpet, Linoleum",243.26,1,27,27,27,NBASE,No,223.45,91.86,192900,223.45,Professional Realty Group,RE/MAX River City,,,0.0,421647,"206 630 MCALLISTER Loop, Edmonton, Alberta, Canada",,,
0031984727,COND,Edmonton,Boyle Street,303 9336 JASPER Avenue,S,129000,T5H 3T5,2025-06-13,129000,E4436670,29,638.51,59.32,3,1,1,1,1,1.1,Y,2005,APART,S,0.0,N,0,Stall,Louie Pointe,FRAME,"Linoleum, Vinyl Plank",202.03,3,29,29,29,NBASE,No,202.03,100.0,129000,202.03,REALTORS? Association of Edmonton,Real Broker,,,65.48,0626443,"303 9336 JASPER Avenue, Edmonton, Alberta, Canada",,,
18467076,SF,Edmonton,Bulyea Heights,826 BURTON Loop NW,S,219800,,2000-04-15,215000,E2000866,95,2200.14,204.4,8,4,4,3,0,3.0,N,1992,ST2,NW,0.0,Y,2,"Double Garage Attached, Insulated",,FRAME,"Carpet, Linoleum",99.9,2,95,92,92,U-FIN,Yes,97.72,97.82,215000,97.72,Century 21 All Stars Realty Ltd,Century 21 All Stars Realty Ltd,124,7,0.0,9121686,"826 BURTON Loop NW, Edmonton, Alberta, Canada","826, Burton Loop NW, Bulyea Heights, Riverbend, Edmonton, Alberta, T6R 2L4, Canada",53.4786369,-113.5682528
16300246,SF,Edmonton,Kilkenny,15204 81 Street,S,349900,T5C 1P5,2016-04-10,342000,E4013584,16,1199.53,111.44,6,3,4,2,1,2.1,Y,1969,BUNG,E,0.0,N,2,"Double Garage Detached, RV Parking",,FRAME,"Carpet, Ceramic Tile, Laminate Flooring",291.7,2,16,16,16,F-FIN,Yes,285.11,97.74,342000,285.11,RE/MAX Real Estate,RE/MAX Real Estate,43,20,536.56,6143NY,"15204 81 Street, Edmonton, Alberta, Canada","15204, 81 Street NW, Kilkenny, Londonderry, Northern Mature Area, Edmonton, Alberta, T5C 1C2, Canada",53.6135955,-113.4663837
33836149,COND,Edmonton,King Edward Park,307 7909 71 Street,S,290000,T6B 3P5,2015-10-09,287000,E3411754,170,1280.9,119.0,5,2,2,2,0,2.0,Y,2008,APART,W,0.0,Y,1,"Heated, Underground",Urban Village,FRAME,"Carpet, Ceramic Tile",226.4,1,170,170,170,NBASE,No,224.06,98.97,287000,224.06,REALTORSÂ® Association of Edmonton,Comfree Commonsense Network,,,110.49,923262,"307 7909 71 Street, Edmonton, Alberta, Canada",,,
11779139,SF,Edmonton,Crawford Plains,4944 13 Avenue,S,354800,T6L 6J9,2010-07-11,340000,E3229383,20,1163.15,108.06,6,3,5,2,1,2.1,Y,1990,SPLT4,S,0.0,Y,2,Double Garage Attached,,FRAME,"Carpet, Ceramic Tile, Laminate Flooring",305.03,4,20,20,20,F-FIN,Yes,292.31,95.83,340000,292.31,NOW Real Estate Group,Royal Lepage Noralta Real Estate,46,24,632.28,8922797,"4944 13 Avenue, Edmonton, Alberta, Canada","4944, 13 Avenue NW, Crawford Plains, Southwood, Mill Woods, Edmonton, Alberta, T6L 6H9, Canada",53.4425069,-113.4151387
30600878,SF,Edmonton,Ellerslie,208 79 Street,S,373800,T6X 1K7,2012-06-18,368800,E3303867,16,1870.77,173.8,6,3,3,2,1,2.1,Y,2005,ST2,N,0.0,Y,2,Double Garage Attached,,FRAME,"Carpet, Laminate Flooring, Linoleum",199.81,2,16,16,16,U-FIN,Yes,197.14,98.66,368800,197.14,RE/MAX Real Estate,RE/MAX Real Estate Centre,14,68,410.58,424434,"208 79 Street, Edmonton, Alberta, Canada","13807-79 114 Street, Castle Downs, Edmonton, Alberta, Canada",53.6010938,-113.5175611
10203081,SF,Edmonton,Ekota,1932 68 Street,S,309900,T6K 2J1,2006-12-02,306500,E3074993,14,1151.74,107.0,5,3,3,2,1,2.1,N,1976,BUNG,W,21.9,N,2,"Double Garage Detached, Rear Drive Access",,FRAME,"Carpet, Laminate Flooring",269.07,2,14,13,13,F-FIN,Yes,266.12,98.9,306500,266.12,Coldwell Banker Venture Realty,Tri-Mac Realty Ltd,19,80,591.29,5261TR,"1932 68 Street, Edmonton, Alberta, Canada","1932, 68 Street NW, Ekota, Knottwood, Mill Woods, Edmonton, Alberta, T6K 2P5, Canada",53.4502691,-113.4384374
0011502805,COND,Edmonton,Pollard Meadows,101 1624 48 Street,S,105000,T6L 5P1,2023-10-13,100000,E4358854,25,904.17,84.0,5,2,2,1,0,1.0,N,1981,APART,E,0.0,N,0,"Stall, Tandem",Millwoods Terrace,FRAME,Laminate Flooring,116.13,1,25,25,25,NBASE,No,110.6,95.24,100000,110.6,Royal LePage Noralta Real Estate,RE/MAX River City,,,0.0,8223018,"101 1624 48 Street, Edmonton, Alberta, Canada",,,
19449115,SF,Edmonton,Lendrum Place,5719 114A Street,S,549900,T6H 3M8,2025-01-18,550000,E4415071,47,1496.18,139.0,6,3,4,2,1,2.1,Y,1962,BUNG,NW,15.2,N,0,"Double Garage Detached, Over Sized",,FRAME,"Carpet, Hardwood, Linoleum",367.54,2,47,47,47,F-FIN,Yes,367.6,100.02,550000,367.6,Real Broker,MaxWell Challenge Realty,11,8,612.71,2955MC,"5719 114A Street, Edmonton, Alberta, Canada","5719, 114A Street NW, Lendrum Place, Edmonton, Alberta, T6H 3M1, Canada",53.4943827,-113.5270065
0019654441,SF,Edmonton,Parkallen,11135 62 Avenue,S,519900,T6H 1N3,2019-09-20,512500,E4170670,30,1081.77,100.5,5,2,3,2,1,2.1,Y,1951,ST1.5,N,13.4,Y,2,"Double Garage Detached, Insulated",,FRAME,"Ceramic Tile, Cork Flooring, Hardwood",480.6,3,30,30,30,F-FIN,Yes,473.76,98.58,512500,473.76,MaxWell Devonshire Realty,MaxWell Devonshire Realty,23,9,572.15,2609HW,"11135 62 Avenue, Edmonton, Alberta, Canada","11135, 62 Avenue NW, Parkallen, Greater Strathcona, Edmonton, Alberta, T6H 3G1, Canada",53.4988475,-113.5191233
20208021,DUPLEX,Edmonton,Athlone,12726 130 Street,S,188900,T5L 1L2,2005-10-05,174000,E3034677,119,943.99,87.7,5,2,2,2,0,2.0,N,1938,BUNG,E,13.4,N,1,Single Garage Detached,,FRAME,"Carpet, Linoleum",200.11,1,119,117,117,REMKS,Yes,184.32,92.11,174000,184.32,RE/MAX Excellence,RE/MAX Excellence,49,6,506.9,1847KS,"12726 130 Street, Edmonton, Alberta, Canada","12726, 130 Street NW, Athlone, Northern Mature Area, Edmonton, Alberta, T5L 1J3, Canada",53.5849995,-113.5458984
19146760,SF,Edmonton,Strathcona,9665 87 Avenue,S,485000,T6C 1K5,2012-08-09,468500,E3309566,23,1638.27,152.2,6,1,2,2,0,2.0,Y,1937,ST2,N,0.0,Y,0,,,FRAME,"Carpet, Ceramic Tile, Hardwood",296.04,3,23,21,21,F-FIN,No,285.97,96.6,468500,285.97,MaxWell Devonshire Realty,MaxWell Devonshire Realty,5,15,350.26,2368Q,"9665 87 Avenue, Edmonton, Alberta, Canada","9665, 87 Avenue NW, Strathcona, Greater Strathcona, Edmonton, Alberta, T6C 0Z8, Canada",53.5224448,-113.479023
17792037,SF,Edmonton,Newton,11949 58 Street NW,S,229000,T5W 3X1,2017-03-08,200000,E4050222,30,739.37,68.69,1,1,1,1,0,1.0,N,1939,BUNG,W,15.2,N,0,2 Outdoor Stalls,,FRAME,See Remarks,309.72,1,30,30,30,P-FIN,No,270.5,87.34,200000,270.5,Homes & Gardens Real Estate Limited,Homes & Gardens Real Estate Limited,56,17,572.0,3668HW,"11949 58 Street NW, Edmonton, Alberta, Canada","11949, 58 Street NW, Newton, Greater Highlands, Edmonton, Alberta, T5W 4C2, Canada",53.5733494,-113.4305141
35892090,DUPLEX,Edmonton,Schonsee,7014 174 Avenue NW,S,348500,T5Z 0M5,2018-04-24,348500,E4103365,21,1382.3,128.42,7,3,3,2,1,2.1,Y,2014,ST2,S,0.0,N,0,"Front Drive Access, Single Garage Attached",,FRAME,"Ceramic Tile, Hardwood, Wall to Wall Carpet",252.12,2,21,21,21,U-FIN,Yes,252.12,100.0,348500,252.12,MaxWell Progressive,RE/MAX Elite,8,88,0.0,1324681,"7014 174 Avenue NW, Edmonton, Alberta, Canada","174 Avenue NW, Chambery, Castle Downs, Edmonton, Alberta, T5X 4X4, Canada",53.6364755,-113.5094836
0019731059,SF,Edmonton,Lee Ridge,801 LEE_RIDGE Road,S,373800,T6K 0P9,2019-08-30,357000,E4168980,22,1609.85,149.56,9,3,4,3,0,3.0,Y,1974,BUNG,E,16.8,Y,2,Double Garage Attached,,FRAME,"Carpet, Laminate Flooring, Linoleum",232.2,2,22,21,21,P-FIN,Yes,221.76,95.51,357000,221.76,MaxWell Polaris,Royal Lepage Noralta Real Estate,20,20,626.97,2543TR,"801 LEE_RIDGE Road, Edmonton, Alberta, Canada","801, Lee Ridge Road NW, Lee Ridge, Millbourne, Mill Woods, Edmonton, Alberta, T6K 0P9, Canada",53.4725162,-113.4405674
0013212196,SF,Edmonton,York,6115 141 Avenue,S,410000,T5A 1H9,2023-09-25,390776,E4357339,18,1076.39,100.0,6,3,5,2,0,2.0,N,1967,BUNG,N,0.0,Y,3,"Double Garage Detached, Single Garage Detached",,FRAME,"Carpet, Ceramic Tile, Hardwood",380.9,2,129,129,18,F-FIN,Yes,363.04,95.31,390776,363.04,NAI Commercial Real Estate Inc,RE/MAX River City,12,5,557.45,5631MC,"6115 141 Avenue, Edmonton, Alberta, Canada","6115, 141 Avenue NW, York, Casselman-Steele Heights, Edmonton, Alberta, T5A 1P3, Canada",53.6029647,-113.4366323
15591572,SF,Edmonton,Garneau,10931 81 Avenue NW,S,245000,T6G 0S1,2002-03-08,240000,E2203271,14,1449.9,134.7,7,3,3,1,1,1.1,N,1942,ST2,N,10.0,N,2,Double Garage Detached,,FRAME,Hardwood,168.98,2,14,11,11,U-FIN,Yes,165.53,97.96,240000,165.53,MaxWell Devonshire Realty,RE/MAX Excellence,141,27,0.0,I23,"10931 81 Avenue NW, Edmonton, Alberta, Canada","10931, 81 Avenue NW, Garneau, Greater Strathcona, Edmonton, Alberta, T6G 0S8, Canada",53.5169753,-113.5134714
29692472,SF,Edmonton,Canossa,11842 173A Avenue,S,199900,T5X 6G2,2005-01-27,196500,E3018621,24,1117.29,103.8,5,2,2,1,0,1.0,N,2003,BLEVL,S,8.3,N,2,Double Garage Attached,,FRAME,"Ceramic Tile, Laminate Flooring",178.91,1,24,23,23,U-FIN,Yes,175.87,98.3,196500,175.87,Citation Real Estate,RE/MAX Real Estate,94,23,460.04,227589,"11842 173A Avenue, Edmonton, Alberta, Canada","11842, 173A Avenue NW, Canossa, Castle Downs, Edmonton, Alberta, T5X 4L9, Canada",53.6357775,-113.5281201
0028981554,SF,Edmonton,Blackmud Creek,1420 BISHOP Point(e),S,789000,T6W 1H3,2024-05-04,739000,E4373626,76,2621.12,243.51,8,4,4,3,1,3.1,Y,2002,ST2,E,0.0,N,0,Double Garage Attached,,FRAME,"Ceramic Tile, Hardwood, Laminate Flooring",301.02,3,76,76,76,F-FIN,Yes,281.94,93.66,739000,281.94,Grassroots Realty Group,MaxWell Polaris,1,101,713.0,0123980,"1420 BISHOP Point(e), Edmonton, Alberta, Canada",,,
10586601,SF,Edmonton,Dunluce,288 DUNLUCE Road,S,339999,T5X 4P3,2012-05-11,332500,E3289937,81,1205.56,112.0,6,3,4,2,0,2.0,N,1982,SPLT4,S,0.0,N,2,Double Garage Detached,,FRAME,"Carpet, Ceramic Tile, Hardwood",282.03,4,81,81,81,F-FIN,Yes,275.81,97.79,332500,275.81,Royal Lepage Noralta Real Estate,RE/MAX Elite,57,99,568.37,7822562,"288 DUNLUCE Road, Edmonton, Alberta, Canada","288, Dunluce Road NW, Dunluce, Castle Downs, Edmonton, Alberta, T5X 4L9, Canada",53.6269392,-113.5325079
34849612,DUPLEX,Edmonton,Chappelle Area,458 CHAPPELLE Drive SW,S,319900,T6W 2B3,2016-11-10,315900,E4043013,6,1474.65,137.0,6,2,2,2,1,2.1,Y,2012,ST2,S,0.0,N,0,Single Garage Detached,,FRAME,"Carpet, Ceramic Tile, Hardwood",216.93,2,6,6,6,U-FIN,Yes,214.22,98.75,315900,214.22,RE/MAX River City,RE/MAX River City,1,22,213.0,1123295,"458 CHAPPELLE Drive SW, Edmonton, Alberta, Canada","Chappelle Drive SW, Chappelle, Heritage Valley, Edmonton, Alberta, T6W 2N4, Canada",53.4022503,-113.5734289
15250178,COND,Edmonton,Oliver,803 9909 110 Street NW,S,149800,T5J 2R4,2004-06-25,149000,E2412205,59,1065.63,99.0,5,2,2,2,0,2.0,Y,1972,,NW,0.0,N,1,Underground,Westcliffe Arms,PREFB,"Carpet, Linoleum",140.57,1,59,56,56,,No,139.82,99.47,149000,139.82,RE/MAX Real Estate,RE/MAX Real Estate,27,,0.0,CD6344,"803 9909 110 Street NW, Edmonton, Alberta, Canada",,,
0011115269,SF,Edmonton,Duggan,10323 40 Avenue,S,458000,T6J 6K7,2023-01-28,450000,E4324809,10,1279.4,118.86,6,3,4,3,0,3.0,Y,1985,SPLT4,N,0.0,N,0,Double Garage Attached,,FRAME,"Carpet, Hardwood",357.98,4,10,9,9,F-FIN,Yes,351.73,98.25,450000,351.73,MaxWell Devonshire Realty,MaxWell Devonshire Realty,33,12,505.0,8421923,"10323 40 Avenue, Edmonton, Alberta, Canada","40 Avenue NW, Greenfield, Edmonton, Alberta, T6J 0R5, Canada",53.4761257,-113.5285391
0011826211,SF,Edmonton,Kiniski Gardens,61 KINISKI Crescent,S,299000,T6L 5E3,2022-08-16,300000,E4307914,11,934.95,86.86,5,2,2,1,0,1.0,N,1985,SPLT4,N,0.0,N,0,Double Garage Detached,,FRAME,"Carpet, Laminate Flooring",319.8,3,11,11,11,P-FIN,Yes,320.87,100.33,300000,320.87,2% Realty Pro,MaxWell Polaris,34,49,354.44,8121673,"61 KINISKI Crescent, Edmonton, Alberta, Canada","61, Kiniski Crescent NW, Kiniski Gardens, Burnewood, Mill Woods, Edmonton, Alberta, T6L 5Y6, Canada",53.4785168,-113.4011972
10740330,SF,Edmonton,Bulyea Heights,405 BUCHANAN Road NW,S,229800,T6R 1Z6,2000-01-19,220000,E2001190,1,2244.27,208.5,7,3,3,2,1,2.1,N,1988,ST2,N,16.5,Y,2,"Double Garage Detached, Over Sized",,FRAME,"Ceramic Tile, Linoleum, Wall to Wall Carpet",102.39,2,87,84,0,U-FIN,Yes,98.03,95.74,220000,98.03,RE/MAX River City,RE/MAX Real Estate Centre,126,85,0.0,8821882,"405 BUCHANAN Road NW, Edmonton, Alberta, Canada","405, Buchanan Road NW, Bulyea Heights, Riverbend, Edmonton, Alberta, T6R 2L4, Canada",53.4712724,-113.5724607
11444429,COND,Edmonton,Meyonohk,151 2703 79 Street,S,143900,T6K 3Z6,2018-07-06,143500,E4116664,21,1013.74,94.18,1,1,1,1,0,1.0,N,1982,BUNG,W,0.0,N,0,Stall,Emerald Place II,FRAME,"Carpet, Laminate Flooring, Linoleum",141.95,1,21,21,21,NBASE,No,141.55,99.72,143500,141.55,The Good Real Estate Company,MaxWell Polaris,,,259.76,8421294,"151 2703 79 Street, Edmonton, Alberta, Canada",,,
14717276,SF,Edmonton,Hazeldean,9839 64 Avenue,S,354900,T6E 0J4,2015-11-12,346500,E3434063,42,984.9,91.5,3,3,3,2,0,2.0,N,1956,BUNG,N,0.0,N,0,Triple Garage Detached,,FRAME,"Ceramic Tile, Hardwood",360.34,1,42,42,42,U-FIN,Yes,351.81,97.63,346500,351.81,Century 21 Vantage Realty Ltd,Sterling Real Estate,29,15,816.36,6045HW,"9839 64 Avenue, Edmonton, Alberta, Canada","64 Avenue NW, Southeast Industrial, South Industrial District, Edmonton, Alberta, T6P 0E4, Canada",53.5011989,-113.384757
29534519,SF,Edmonton,Chambery,10620 183 Avenue,S,229900,,2003-09-13,229900,E2324161,0,1642.57,152.6,7,4,4,2,1,2.1,N,2003,ST2,,0.0,N,2,Double Garage Attached,,FRAME,"Ceramic Tile, Hardwood, Wall to Wall Carpet",139.96,2,0,0,0,U-FIN,Yes,139.96,100.0,229900,139.96,Realty Executives North Star,Realty Executives North Star,89,72,0.0,226018,"10620 183 Avenue, Edmonton, Alberta, Canada",,,
33941436,SF,Edmonton,Windermere,605 WINDERMERE Crest,S,894900,T6W 0T2,2014-05-21,885000,E3369650,38,2880.42,267.6,8,3,3,3,0,3.0,Y,2014,ST2,NE,0.0,Y,3,Triple Garage Attached,,FRAME,"Carpet, Hardwood, Non-Ceramic Tile",310.68,2,38,37,37,U-FIN,Yes,307.25,98.89,885000,307.25,Royal Lepage Noralta Real Estate,Sellerinvite.Com (Edmonton),2,42,633.91,926441,"605 WINDERMERE Crest, Edmonton, Alberta, Canada",,,
14652978,SF,Edmonton,Delwood,6807 136 Avenue,S,340000,T5C 2J8,2016-06-17,328000,E4022420,26,1177.03,109.35,3,3,3,1,1,1.1,Y,1966,BUNG,N,0.0,N,0,Double Garage Detached,,FRAME,"Hardwood, Marble",288.86,1,26,25,25,P-FIN,Yes,278.67,96.47,328000,278.67,MaxWell Devonshire,RE/MAX Real Estate,5,3,0.0,6338MC,"6807 136 Avenue, Edmonton, Alberta, Canada","6807, 136 Avenue NW, Delwood, Northern Mature Area, Edmonton, Alberta, T5C 3C7, Canada",53.5984063,-113.4468063
34667196,SF,Edmonton,Chambery,10748 174 Avenue,S,990000,T5X 0C1,2021-05-14,975000,E4241760,3,3014.0,280.01,8,3,4,3,2,3.2,Y,2012,ST2,S,0.0,Y,0,"Double Garage Attached, Heated, Insulated, Over Sized",,FRAME,"Ceramic Tile, Hardwood, Laminate Flooring",328.47,3,3,3,3,F-FIN,Yes,323.49,98.48,975000,323.49,RE/MAX Elite,Royal Lepage Arteam Realty,85,48,621.35,1120656,"10748 174 Avenue, Edmonton, Alberta, Canada","174 Avenue NW, Klarvatten, Lake District, Edmonton, Alberta, T5Z 3R4, Canada",53.6357464,-113.476083
35172832,COND,Edmonton,Silver Berry,218 396 Silverberry Road,S,223900,T6T 0H1,2014-05-14,220500,E3371117,20,870.8,80.9,4,2,2,2,0,2.0,Y,2010,APART,N,0.0,N,0,"Stall, Underground",Village On The Park,FRAME,"Carpet, Linoleum",257.12,4,20,20,20,NBASE,No,253.22,98.48,220500,253.22,Homes & Gardens Real Estate Limited,RE/MAX Elite,,,0.0,1024214,"218 396 Silverberry Road, Edmonton, Alberta, Canada",,,
14384953,COND,Edmonton,Casselman,5334 146 Avenue,S,219900,T5A 3L6,2016-11-15,214000,E4041687,25,1151.74,107.0,5,2,2,1,1,1.1,N,1977,SPLT4,E,0.0,N,0,Single Garage Attached,Hillside Terrace,FRAME,"Carpet, Laminate Flooring, Linoleum",190.93,4,25,25,25,P-FIN,Yes,185.81,97.32,214000,185.81,Schmidt Realty Group Inc,Realty Executives Encore,2,,0.0,7720098,"5334 146 Avenue, Edmonton, Alberta, Canada","5334, 146 Avenue NW, Casselman, Casselman-Steele Heights, Edmonton, Alberta, T5A 4R6, Canada",53.6089779,-113.4217392
12045184,SF,Edmonton,La Perle,18516 96 Avenue,S,494000,T5T 4M4,2007-05-07,489000,E3087216,25,1270.14,118.0,5,2,4,2,0,2.0,N,1984,BLEVL,S,0.0,Y,2,Double Garage Attached,,FRAME,"Carpet, Ceramic Tile, Laminate Flooring",388.93,2,25,23,23,F-FIN,Yes,385.0,98.99,489000,385.0,RE/MAX River City,RE/MAX River City,53,32,595.08,8022785,"18516 96 Avenue, Edmonton, Alberta, Canada","18516, 96 Avenue NW, La Perle, West Jasper Place, Edmonton, Alberta, T5T 3T9, Canada",53.5318041,-113.6425275
34645235,SF,Edmonton,Allard,1720 Adamson Crescent SW,S,1200000,T6W 1Z4,2014-02-05,1000000,E3346565,196,2959.0,274.9,8,3,5,3,1,3.1,Y,2013,ST2,W,0.0,Y,3,Triple Garage Attached,,FRAME,"Carpet, Ceramic Tile, Hardwood",405.54,3,196,196,196,F-FIN,Yes,337.95,83.33,1000000,337.95,Realtors Association of Edmont,RE/MAX Real Estate,14,27,0.0,1120118,"1720 Adamson Crescent SW, Edmonton, Alberta, Canada","Adamson Crescent SW, Allard, Heritage Valley, Edmonton, Alberta, T6W 2N7, Canada",53.4024143,-113.5138273
31457740,SF,Edmonton,Canossa,11238 167A Avenue,S,389000,T5X 0A8,2007-02-27,383000,E3080920,10,1102.98,102.47,5,3,3,2,0,2.0,Y,2007,BLEVL,S,0.0,N,0,Double Garage Attached,,FRAME,"Carpet, Linoleum",352.68,1,10,8,8,U-FIN,Yes,347.24,98.46,383000,347.24,Professional Realty Group,Century 21 Platinum Realty,94,28,370.95,526416,"11238 167A Avenue, Edmonton, Alberta, Canada","11238, 167A Avenue NW, Canossa, Castle Downs, Edmonton, Alberta, T5X 4L9, Canada",53.6300502,-113.5183087
14731541,COND,Edmonton,Kameyosek,1 LAKEWOOD Village,S,109900,T6K 2B3,2005-06-17,103500,E3029310,46,1030.11,95.7,6,3,3,1,1,1.1,N,1975,ST2,N,0.0,N,0,Stall,Lakewood Village,FRAME,"Carpet, Linoleum",106.69,2,46,43,43,P-FIN,No,100.48,94.18,103500,100.48,MaxWell Polaris,Century 21 All Stars Realty Ltd,,1,272.52,7620990,"1 LAKEWOOD Village, Edmonton, Alberta, Canada","Lakewood Village, Mill Woods, Edmonton, Alberta, Canada",53.4594203,-113.4397239
10603322,SF,Edmonton,Duggan,10943 34A Avenue,S,409900,T6J 2T9,2014-11-07,400000,E3379879,144,1253.99,116.5,6,3,4,1,2,1.2,Y,1973,BUNG,N,0.0,N,0,Single Garage Attached,,FRAME,"Carpet, Laminate Flooring, Linoleum",326.88,2,144,144,144,F-FIN,Yes,318.98,97.58,400000,318.98,RE/MAX River City,Realty Executives Vision,25,46,612.77,2734TR,"10943 34A Avenue, Edmonton, Alberta, Canada","34A Avenue NW, Strathcona Industrial Park, South Industrial District, Edmonton, Alberta, T6E 5T5, Canada",53.4672865,-113.4707326
34224188,SF,Edmonton,Mcconachie Area,634 MCDONOUGH Link,S,374900,T5Y 0M9,2019-06-04,372500,E4149583,66,1559.26,144.86,8,3,3,2,1,2.1,Y,2011,ST2,SW,0.0,Y,2,"Double Garage Detached, Over Sized",,FRAME,"Carpet, Ceramic Tile, Hardwood",240.43,2,66,65,65,U-FIN,Yes,238.9,99.36,372500,238.9,MaxWell Progressive,NOW Real Estate Group,6,16,304.41,1021110,"634 MCDONOUGH Link, Edmonton, Alberta, Canada","McDonough Link NW, McConachie, Pilot Sound, Edmonton, Alberta, T5Y 0S8, Canada",53.6327986,-113.4271713
37316262,SF,Edmonton,Summerside,8328 23 Avenue,S,362000,T6X 2G2,2017-06-26,378072,E4068432,17,1378.96,128.11,6,3,3,2,1,2.1,Y,2017,ST2,E,0.0,Y,0,Parking Pad Cement/Paved,,FRAME,"Carpet, Ceramic Tile, Hardwood",262.52,2,17,17,17,U-FIN,No,274.17,104.44,378072,274.17,RE/MAX Real Estate,MaxWell Challenge Realty,64,70,0.0,1623316,"8328 23 Avenue, Edmonton, Alberta, Canada","23 Avenue NW, Keheewin, Ermineskin, Kaskitayo, Edmonton, Alberta, T6J 7J7, Canada",53.4540952,-113.5154463
12460697,COND,Edmonton,Carlisle,11404 139 Avenue,S,169900,T5X 3L3,2013-07-05,165000,E3331741,96,990.28,92.0,6,3,3,1,1,1.1,N,1977,ST2,S,0.0,N,0,Stall,Glamorgan Est,FRAME,"Carpet, Linoleum",171.57,2,96,95,95,U-FIN,No,166.62,97.12,165000,166.62,Century 21 Masters,RE/MAX Real Estate,,,256.0,7923230,"11404 139 Avenue, Edmonton, Alberta, Canada","11404, 139 Avenue NW, Carlisle, Castle Downs, Edmonton, Alberta, T5X 4H7, Canada",53.6020824,-113.5180413
14538418,COND,Edmonton,Belmont,13111 34 Street NW,S,209900,T5A 3K1,2018-04-18,209900,E4099487,43,1196.19,111.13,6,3,3,1,1,1.1,N,1976,ST2,E,0.0,N,0,Single Garage Attached,Claregreen Mews,FRAME,"Laminate Flooring, Linoleum, Wall to Wall Carpet",175.47,3,333,329,42,F-FIN,Yes,175.47,100.0,209900,175.47,RE/MAX Real Estate,RE/MAX Real Estate,,,263.03,7621828,"13111 34 Street NW, Edmonton, Alberta, Canada","34 Street NW, Laurel, The Meadows, Edmonton, Alberta, T6L 2N7, Canada",53.4483586,-113.3938856
10535708,SF,Edmonton,Prince Rupert,11411 111A Avenue,S,444800,T5G 0E9,2015-06-12,435000,E3401762,130,1681.54,156.22,6,3,5,2,0,2.0,N,1963,BUNG,N,0.0,Y,2,Double Garage Detached,,FRAME,"Carpet, Ceramic Tile",264.52,1,130,130,130,F-FIN,Yes,258.69,97.8,435000,258.69,Sterling Real Estate,RE/MAX Elite,14B,12,534.99,3159HW,"11411 111A Avenue, Edmonton, Alberta, Canada","11411, 111A Avenue NW, Prince Rupert, Western Mature Area, Edmonton, Alberta, T5G 3E8, Canada",53.5596973,-113.517902
0017579427,SF,Edmonton,Killarney,9220 129B AV,S,275000,T5E 0P5,2024-01-05,285000,E4365760,47,1039.9,96.61,3,3,3,1,0,1.0,N,1959,BUNG,S,0.0,N,0,Single Garage Detached,,FRAME,"Carpet, Laminate Flooring",264.45,2,47,47,47,U-FIN,Yes,274.06,103.64,285000,274.06,REALTORS? Association of Edmonton,Rite Realty,31,50,0.0,4542KS,"9220 129B AV, Edmonton, Alberta, Canada","9220, 129B Avenue NW, Killarney, Northern Mature Area, Edmonton, Alberta, T5E 0Y4, Canada",53.5890895,-113.4843938
0011112794,COND,Edmonton,West Meadowlark Park,1C MEADOWLARK Village,S,159900,T5R 5X3,2022-06-20,169900,E4298030,14,1567.44,145.62,3,3,3,1,1,1.1,N,1970,ST2.5,N,0.0,N,0,Stall,Meadowlark Village,FRAME,"Carpet, Parquet",102.01,3,14,14,14,NBASE,No,108.39,106.25,169900,108.39,Initia Real Estate,Exp Realty,,,174.08,8822712,"1C MEADOWLARK Village, Edmonton, Alberta, Canada","Meadowlark Village, Jasper Place, Edmonton, Alberta, Canada",53.5211678,-113.6076543
38475944,DUPLEX,Edmonton,Rosenthal,1295 ROSENTHAL Boulevard,S,399998,T5T 7N6,2023-12-21,430728,E4357500,106,1267.99,117.8,6,3,3,2,1,2.1,Y,2023,ST2,N,0.0,N,0,Double Garage Detached,,FRAME,"Carpet, Ceramic Tile, Vinyl Plank",315.46,2,106,105,105,U-FIN,Yes,339.69,107.68,430728,339.69,Spalk Real Estate,Royal Lepage Arteam Realty,7,27,0.0,1923107,"1295 ROSENTHAL Boulevard, Edmonton, Alberta, Canada","Rosenthal Boulevard NW, Breckenridge Greens, Rosenthal, Lewis Farms, Edmonton, Alberta, T5T 7C6, Canada",53.5174938,-113.6927915
30625520,SF,Edmonton,Oxford,16116 132 Street,S,439900,T6V 1N7,2018-11-29,426000,E4132844,45,1971.09,183.12,4,3,3,2,1,2.1,Y,2005,ST2,SE,0.0,N,0,"Double Garage Attached, Over Sized",,FRAME,"Carpet, Ceramic Tile, Laminate Flooring",223.18,3,45,45,45,F-FIN,Yes,216.12,96.84,426000,216.12,RE/MAX Elite,MaxWell Polaris,10,16,619.78,424686,"16116 132 Street, Edmonton, Alberta, Canada","16116, 132 Street NW, Oxford, The Palisades, Edmonton, Alberta, T6V 0C9, Canada",53.6233955,-113.5526173
11027695,COND,Edmonton,Oliver,303 9930 113 Street,S,205000,T5K 1W6,2007-03-08,205000,E3080790,19,645.83,60.0,4,1,1,1,0,1.0,N,1969,APART,E,0.0,N,0,Stall,Dorchester House,BLOCK,"Ceramic Tile, Laminate Flooring",317.42,1,19,16,16,NBASE,No,317.42,100.0,205000,317.42,Sutton Premiere Real Estate,Sutton Premiere Real Estate,14,,25.23,8722665,"303 9930 113 Street, Edmonton, Alberta, Canada",,,
35295816,SF,Edmonton,Ambleside,4226 ALLAN Link,S,434600,T6W 2K1,2015-02-20,425000,E3399496,34,1451.94,134.89,6,3,3,2,1,2.1,Y,2012,ST2,E,0.0,N,0,Double Garage Detached,,FRAME,"Carpet, Ceramic Tile",299.32,2,34,34,34,U-FIN,Yes,292.71,97.79,425000,292.71,Royal Lepage Arteam Realty,RE/MAX River City,16,23,371.38,1222864,"4226 ALLAN Link, Edmonton, Alberta, Canada","Allan Link SW, Ambleside, Windermere, Edmonton, Alberta, T6W 0L6, Canada",53.4288958,-113.6002794
13054176,SF,Edmonton,Beaumaris,15915 111 Street,S,387800,T5X 4S5,2017-10-12,383000,E4083439,15,1941.38,180.36,7,3,3,2,1,2.1,Y,1981,ST1.5,W,0.0,Y,2,Double Garage Attached,,FRAME,"Carpet, Linoleum",199.76,2,15,15,15,U-FIN,Yes,197.28,98.76,383000,197.28,RE/MAX Real Estate,Comfree Commonsense Network,50,4,0.0,7920293,"15915 111 Street, Edmonton, Alberta, Canada","111 Street NW, Twin Brooks, Blackmud Creek Ravine, Kaskitayo, Edmonton, Alberta, T6J 7J4, Canada",53.4442048,-113.5171912
11583938,COND,Edmonton,Garneau,10 11016 86 Avenue,S,288900,T6G 0X1,2006-05-04,285000,E3056421,9,1329.34,123.5,2,2,2,1,1,1.1,N,1981,ST2,S,0.0,Y,1,"Heated, Underground",Hycourt,FRAME,"Ceramic Tile, Linoleum, Wall to Wall Carpet",217.33,2,9,9,9,NBASE,Yes,214.39,98.65,285000,214.39,RE/MAX Advantage,RE/MAX Advantage,1,,100.64,8220490,"10 11016 86 Avenue, Edmonton, Alberta, Canada",,,
33653312,DUPLEX,Edmonton,Laurel,2107 32 Street,S,380000,T6T 0K4,2023-06-19,365500,E4334370,74,1173.05,108.98,5,2,3,2,1,2.1,Y,2009,ST2,W,0.0,N,2,"Double Garage Detached, Insulated, Off Street, On Street, Rear Drive Access",,FRAME,"Carpet, Hardwood, Laminate Flooring",323.94,3,83,83,74,F-FIN,Yes,311.58,96.18,365500,311.58,RE/MAX Excellence,MaxWell Polaris,4,50A,356.5,840286,"2107 32 Street, Edmonton, Alberta, Canada","32 Street NW, Rundle Heights, Beverly, Edmonton, Alberta, T5W 4W6, Canada",53.567454,-113.390629
13687884,DUPLEX,Edmonton,Parkdale,11431 87 Street,S,199900,T5B 3M2,2014-10-10,180000,E3375148,148,1361.63,126.5,7,2,3,3,10,4.0,N,1912,ST2,W,10.1,N,0,,,FRAME,"Carpet, Hardwood, Linoleum",146.81,3,148,148,148,F-FIN,No,132.19,90.05,180000,132.19,Royal Lepage Noralta Real Estate,Royal Lepage Noralta Real Estate,86,10,367.89,RN43B,"11431 87 Street, Edmonton, Alberta, Canada","11431, 87 Street NW, Parkdale, Avenue District, Edmonton, Alberta, T5B 0T5, Canada",53.5650429,-113.4746317
0013341193,COND,Edmonton,Downtown,803 10125 109 Street,S,134800,T5J 3P1,2022-10-28,132000,E4310926,63,914.93,85.0,5,2,2,1,0,1.0,N,1981,APART,W,0.0,N,1,Underground,Capital Centre,CONCR,Vinyl Plank,147.33,1,63,63,63,NBASE,No,144.27,97.92,132000,144.27,MaxWell Challenge Realty,Re/Max Excellence,,,0.0,9020932,"803 10125 109 Street, Edmonton, Alberta, Canada",,,
19765578,SF,Edmonton,Highlands,5311 111 Avenue NW,S,299900,T5W 0K4,2004-04-23,292000,E2405552,53,1429.45,132.8,6,3,3,2,0,2.0,N,1956,ST1.5,N,16.8,Y,2,Double Garage Detached,,FRAME,"Ceramic Tile, Hardwood",209.8,3,53,51,51,F-FIN,Yes,204.27,97.37,292000,204.27,Royal Lepage Arteam Realty,RE/MAX River City,37,13,0.0,633HW,"5311 111 Avenue NW, Edmonton, Alberta, Canada","5311, 111 Avenue NW, Highlands, Greater Highlands, Edmonton, Alberta, T5W 0K8, Canada",53.5657524,-113.4241174
30005103,SF,Edmonton,Ellerslie,204 85 Street,S,359800,T6X 1H5,2008-07-21,357000,E3152364,17,1398.23,129.9,6,3,3,2,1,2.1,Y,2004,ST2,E,0.0,Y,2,Double Garage Detached,,FRAME,"Carpet, Laminate Flooring, Linoleum",257.33,2,17,17,17,P-FIN,Yes,255.32,99.22,357000,255.32,RE/MAX River City,RE/MAX Elite,6,22,322.76,323865,"204 85 Street, Edmonton, Alberta, Canada","204, 85 Street SW, Ellerslie Crossing, Ellerslie, Edmonton, Alberta, T6X 0C5, Canada",53.4316611,-113.4634506
10064343,SF,Edmonton,Crestwood,9438 144 Street,S,898000,T5R 0R9,2009-06-12,860000,E3174891,120,1769.59,164.4,5,1,3,2,1,2.1,Y,2007,BUNG,E,0.0,Y,2,Double Garage Detached,,FRAME,"Carpet, Hardwood",507.46,2,120,120,120,F-FIN,Yes,485.99,95.77,860000,485.99,MaxWell Progressive,RE/MAX River City,106,12,615.19,331KS,"9438 144 Street, Edmonton, Alberta, Canada","144 Street NW, Grovenor, Western Mature Area, Edmonton, Alberta, T5N 2V3, Canada",53.5451707,-113.5691855
26366659,COND,Edmonton,Garneau,204 10939 82 Avenue,S,359000,T6G 0S7,2008-04-15,348300,E3135305,23,1194.79,111.0,5,2,2,2,0,2.0,Y,1995,APRTM,W,0.0,Y,1,Underground,Garneau Court,FRAME,"Carpet, Linoleum",300.47,2,23,23,23,,No,291.51,97.02,348300,291.51,MaxWell Devonshire,RE/MAX River City,,,46.33,9521518,"204 10939 82 Avenue, Edmonton, Alberta, Canada",,,
12754875,COND,Edmonton,Sakaw,1117 62 Street,S,219900,T6L 2H7,2010-05-06,219000,E3221283,17,1158.2,107.6,6,3,3,1,1,1.1,N,1978,ST2,W,0.0,Y,0,Stall,Balmoral Lane,FRAME,"Carpet, Laminate Flooring, Linoleum",189.86,2,17,10,10,U-FIN,No,189.09,99.59,219000,189.09,Edmonton Real Estate Group Inc,Royal Lepage Arteam Realty,,,241.83,7921823,"1117 62 Street, Edmonton, Alberta, Canada","1117, 62 Street NW, Sakaw, Millhurst, Mill Woods, Edmonton, Alberta, T6L 0B1, Canada",53.4411429,-113.4323805
29164118,COND,Edmonton,Canossa,1 16933 115 Street NW,S,159900,T5X 6E3,2003-09-13,161000,E2323967,4,1205.56,112.0,6,3,3,1,1,1.1,N,2002,ST2,N,0.0,N,1,"Insulated, Single Garage Attached",Coventry Court,FRAME,"Laminate Flooring, Linoleum, Wall to Wall Carpet",132.64,2,4,2,2,U-FIN,Yes,133.55,100.69,161000,133.55,MaxWell Polaris,RE/MAX Real Estate,1,,0.0,220043,"1 16933 115 Street NW, Edmonton, Alberta, Canada",,,
32854820,DUPLEX,Edmonton,Walker,1718 64 Street,S,329000,T6X 0M8,2013-08-28,325500,E3347983,23,1308.03,121.52,6,3,3,1,1,1.1,N,2009,ST2,E,0.0,N,0,Single Garage Attached,,FRAME,"Carpet, Ceramic Tile, Hardwood",251.52,2,23,22,22,U-FIN,Yes,248.85,98.94,325500,248.85,Royal Lepage Noralta Real Estate,Marv Sather Real Estate Ltd,12,16A,280.05,729907,"1718 64 Street, Edmonton, Alberta, Canada","64 Street NW, Highlands, Greater Highlands, Edmonton, Alberta, T5W 4C2, Canada",53.5685106,-113.4386552
0032309552,SF,Edmonton,Callaghan,334 CALLAGHAN Close,S,724900,T6W 0R4,2022-11-04,675000,E4307228,98,2637.91,245.07,9,4,6,3,1,3.1,Y,2009,ST2,SW,0.0,Y,0,Double Garage Attached,,FRAME,"Carpet, Hardwood, Non-Ceramic Tile",274.8,3,98,97,97,F-FIN,Yes,255.88,93.12,675000,255.88,MaxWell Progressive,MaxWell Polaris,1,8,600.29,0722281,"334 CALLAGHAN Close, Edmonton, Alberta, Canada","Callaghan Close SW, Callaghan, Heritage Valley, Edmonton, Alberta, T6W 0N5, Canada",53.4125669,-113.5236775
35169382,DUPLEX,Edmonton,Inglewood,11144 129 Street,S,379800,T5M 0Y5,2012-07-30,363800,E3298196,95,1485.42,138.0,7,3,3,2,1,2.1,Y,2012,ST2,E,0.0,Y,2,Double Garage Detached,,FRAME,"Carpet, Ceramic Tile, Hardwood",255.69,2,95,95,95,U-FIN,Yes,244.91,95.79,363800,244.91,RE/MAX River City,Royal Lepage Arteam Realty,13,9A,0.0,1221316,"11144 129 Street, Edmonton, Alberta, Canada","11144, 129 Street NW, Inglewood, Western Mature Area, Edmonton, Alberta, T5M 0J2, Canada",53.5602147,-113.5449413
30338959,COND,Edmonton,Hodgson,41 1428 Hodgson Way,S,339900,T6R 3P8,2010-05-26,328000,E3218969,46,1259.38,117.0,6,3,3,2,2,2.2,Y,2004,ST2,E,0.0,N,1,Single Garage Attached,Whitemud Terrace,FRAME,"Carpet, Laminate Flooring, Linoleum",269.9,3,46,45,45,F-FIN,Yes,260.45,96.5,328000,260.45,RE/MAX Real Estate Centre,RE/MAX Real Estate Centre,,,0.0,420757,"41 1428 Hodgson Way, Edmonton, Alberta, Canada",,,
0012676516,SF,Edmonton,Summerlea,9144 177 Street,S,408800,T5T 3L2,2022-05-20,405800,E4293740,7,2040.84,189.6,9,4,5,3,1,3.1,Y,1981,ST2,E,0.0,N,0,Double Garage Attached,,FRAME,"Ceramic Tile, Hardwood, Laminate Flooring",200.31,3,7,7,7,F-FIN,Yes,198.84,99.27,405800,198.84,MaxWell Challenge Realty,Sterling Real Estate,36,42,546.09,7922118,"9144 177 Street, Edmonton, Alberta, Canada","9144, 177 Street NW, Summerlea, West Jasper Place, Edmonton, Alberta, T5T 4M2, Canada",53.5263924,-113.628198
0035128553,COND,Edmonton,Windermere,204 3719 Whitelaw Lane,S,174900,T6W 2C3,2024-06-03,191500,E4389066,10,797.71,74.11,5,2,2,2,0,2.0,Y,2011,APART,E,0.0,N,2,Underground,Windermere Village,FRAME,"Carpet, Linoleum",219.25,1,10,10,10,NBASE,No,240.06,109.49,191500,240.06,RE/MAX Elite,Century 21 Masters,,,82.69,1220818,"204 3719 Whitelaw Lane, Edmonton, Alberta, Canada",,,
17757162,SF,Edmonton,Lynnwood,15216 84 Avenue,S,365900,T5R 3X8,2008-06-28,345000,E3143125,56,1037.64,96.4,6,3,4,2,0,2.0,N,1958,BUNG,S,0.0,Y,2,Double Garage Detached,,FRAME,"Laminate Flooring, Linoleum, Wall to Wall Carpet",352.63,2,56,56,56,F-FIN,Yes,332.49,94.29,345000,332.49,RE/MAX Excellence,RE/MAX Excellence,2,49,536.38,3176KS,"15216 84 Avenue, Edmonton, Alberta, Canada","15216, 84 Avenue NW, Lynnwood, Jasper Place, Edmonton, Alberta, T5R 3Y1, Canada",53.5170115,-113.5832624
10455344,COND,Edmonton,Oliver,904 9809 110 Street,S,479000,T5K 2J9,2017-05-18,465000,E4061100,21,1344.95,124.95,4,2,2,2,0,2.0,Y,1977,APART,W,0.0,Y,1,Underground,Westwind Est,CONCR,"Ceramic Tile, Hardwood",356.15,1,21,21,21,NBASE,No,345.74,97.08,465000,345.74,Liv Real Estate,Comfree Commonsense Network,,,0.0,7723097,"904 9809 110 Street, Edmonton, Alberta, Canada",,,
37179231,SF,Edmonton,Idylwylde,7715 88 Avenue,S,799000,T6C 1K7,2018-03-12,775000,E4091441,74,1963.34,182.4,7,3,4,3,1,3.1,Y,2017,ST2,N,0.0,Y,2,Double Garage Detached,,FRAME,"Ceramic Tile, Concrete, Hardwood",406.96,3,74,72,72,F-FIN,Yes,394.74,97.0,775000,394.74,RE/MAX River City,RE/MAX River City,7,35,0.0,1622027,"7715 88 Avenue, Edmonton, Alberta, Canada","7715, 88 Avenue NW, Idylwylde, Edmonton, Alberta, T6C 2W1, Canada",53.5234269,-113.44824
10307304,SF,Edmonton,Parkdale,11650 88 Street NW,S,79900,,2000-04-17,76000,E2006439,24,1059.17,98.4,6,3,3,1,0,1.0,N,1943,ST1.5,E,0.0,N,0,"No Garage, Parking Pad Cement/Paved",,FRAME,"Hardwood, Linoleum",75.44,2,24,19,19,P-FIN,No,71.75,95.12,76000,71.75,MaxWell Polaris,RE/MAX River City,73,16,0.0,RN43B,"11650 88 Street NW, Edmonton, Alberta, Canada","11650, 88 Street NW, Parkdale, Avenue District, Edmonton, Alberta, T5B 0T5, Canada",53.5685024,-113.4768459
18423757,SF,Edmonton,Oxford,15519 133 Street,S,410000,T6V 1B7,2020-09-18,376500,E4194240,126,2033.95,188.96,7,4,4,2,1,2.1,Y,1991,ST1.5,W,0.0,Y,0,Double Garage Attached,,FRAME,"Carpet, Linoleum, Vinyl Plank",201.58,2,126,124,124,U-FIN,Yes,185.11,91.83,376500,185.11,Century 21 Urban Realty,Sellerinvite.Com (Edmonton),5,21,486.26,9121647,"15519 133 Street, Edmonton, Alberta, Canada","15519, 133 Street NW, Oxford, The Palisades, Edmonton, Alberta, T6V 1H1, Canada",53.6172783,-113.5503463
11117223,COND,Edmonton,West Meadowlark Park,19D MEADOWLARK Village,S,199900,T5R 5X3,2012-11-22,193000,E3318971,24,1453.13,135.0,6,3,3,1,1,1.1,N,1970,ST2.5,E,0.0,N,0,,Meadowlark Village,FRAME,"Carpet, Ceramic Tile, Linoleum",137.57,2,24,24,24,,No,132.82,96.55,193000,132.82,RE/MAX Accord,RE/MAX Elite,,,169.11,8822712,"19D MEADOWLARK Village, Edmonton, Alberta, Canada","Meadowlark Village, Jasper Place, Edmonton, Alberta, Canada",53.5211678,-113.6076543
29612736,SF,Edmonton,Cumberland,13809 147A Avenue,S,527500,T6V 1R9,2010-07-12,515000,E3221778,76,2228.13,207.0,7,3,5,3,1,3.1,Y,2005,ST2,N,0.0,Y,2,Double Garage Attached,,FRAME,"Carpet, Linoleum",236.75,3,76,75,75,F-FIN,Yes,231.14,97.63,515000,231.14,Liv Real Estate,RE/MAX Real Estate,35,99,427.55,226876,"13809 147A Avenue, Edmonton, Alberta, Canada","13809, 147A Avenue NW, Cumberland, The Palisades, Edmonton, Alberta, T6V 1J7, Canada",53.6100526,-113.5595635
18367623,SF,Edmonton,Evansdale,14415 85 Street,S,209888,T5E 3A3,2005-02-11,198000,E3017206,67,1323.96,123.0,3,3,6,2,1,2.1,Y,1972,BLEVL,W,78.92,Y,2,Double Garage Detached,,FRAME,"Ceramic Tile, Wall to Wall Carpet",158.53,2,179,178,67,F-FIN,Yes,149.55,94.34,198000,149.55,Royal Lepage Arteam Realty,RE/MAX Real Estate,43,8,698.05,4136RS,"14415 85 Street, Edmonton, Alberta, Canada","14415, 85 Street NW, Evansdale, Dickinsfield, Northern Mature Area, Edmonton, Alberta, T5E 3G7, Canada",53.6074174,-113.4707237
0029935021,SF,Edmonton,Rutherford,1880 ROBERTSON Crescent,S,499900,T6W 1N7,2023-05-19,485000,E4339613,10,1806.18,167.8,7,3,3,2,2,2.2,Y,2005,ST2,W,0.0,N,0,Double Garage Attached,,FRAME,"Carpet, Hardwood, Linoleum",276.77,3,44,44,10,F-FIN,Yes,268.52,97.02,485000,268.52,RE/MAX Excellence,RE/MAX River City,3,40,382.5,0322852,"1880 ROBERTSON Crescent, Edmonton, Alberta, Canada","1880, Robertson Crescent SW, Rutherford, Heritage Point, Heritage Valley, Edmonton, Alberta, T6W 1P4, Canada",53.4191297,-113.5311007
15289374,SF,Edmonton,Prince Charles,12124 122 Street NW,S,117900,T5L 0C8,2003-06-05,117000,E2312575,14,691.04,64.2,4,2,3,1,0,1.0,N,1949,BUNG,E,15.2,N,1,Single Garage Detached,,FRAME,"Hardwood, Linoleum",170.61,1,14,13,13,P-FIN,No,169.31,99.24,117000,169.31,RE/MAX Real Estate,RE/MAX Real Estate Centre,23,5,0.0,RN64,"12124 122 Street NW, Edmonton, Alberta, Canada","12124, 122 Street NW, Prince Charles, Western Mature Area, Edmonton, Alberta, T5L 5C3, Canada",53.5758143,-113.5328598
0034773796,COND,Edmonton,Suder Greens,22 9231 213 Street,S,309800,T5T 4K1,2022-07-08,302500,E4298825,28,1203.51,111.81,6,3,3,2,1,2.1,Y,2011,ST2,N,0.0,N,0,Single Garage Attached,Webber Point,FRAME,"Carpet, Hardwood",257.41,2,28,28,28,U-FIN,Yes,251.35,97.64,302500,251.35,Mozaic Realty Group,Mozaic Realty Group,,,316.35,1122326,"22 9231 213 Street, Edmonton, Alberta, Canada",,,
13392212,COND,Edmonton,Ormsby Place,11 WILLOWDALE Place NW,S,81500,T5T 1Z4,2000-05-15,78500,E2008956,21,959.06,89.1,5,3,3,1,1,1.1,N,1976,ST2,W,0.0,N,1,Stall,Willowdale Place,FRAME,"Carpet, Linoleum",84.98,3,21,18,18,F-FIN,No,81.85,96.32,78500,81.85,RE/MAX Excellence,MaxWell Challenge Realty,75,,0.0,7720680,"11 WILLOWDALE Place NW, Edmonton, Alberta, Canada",,,
30109268,COND,Edmonton,Blackburne,203 905 BLACKLOCK Way,S,239000,T6W 1M7,2008-07-11,235000,E3136400,113,936.46,87.0,4,2,2,2,0,2.0,N,2003,APART,S,0.0,Y,1,"Heated, Stall, Underground",Blackburne Park,CONCR,"Carpet, Linoleum",255.22,1,113,107,107,NBASE,No,250.95,98.33,235000,250.95,MaxWell Polaris,MaxWell Polaris,,,184.12,324771,"203 905 BLACKLOCK Way, Edmonton, Alberta, Canada",,,
21193131,SF,Edmonton,Argyll,6756 87 Street,S,394900,T6E 2Y8,2021-08-18,390000,E4255786,3,999.54,92.86,6,3,4,2,1,2.1,N,1955,BUNG,E,0.0,N,2,Double Garage Detached,,FRAME,"Carpet, Hardwood, Linoleum",395.08,2,3,3,3,F-FIN,Yes,390.18,98.76,390000,390.18,MaxWell Devonshire Realty,RE/MAX River City,9,41,510.85,110KS,"6756 87 Street, Edmonton, Alberta, Canada","6756, 87 Street NW, Argyll, Mill Creek South, Edmonton, Alberta, T6E 5H6, Canada",53.5042394,-113.4624839
0017310921,SF,Edmonton,Killarney,12719 89 Street,S,349900,T5E 3J7,2024-04-28,373000,E4384121,3,1169.07,108.61,6,3,3,1,0,1.0,N,1961,BUNG,E,0.0,Y,4,"220 Volt Wiring, Double Garage Detached, Shop, Single Garage Detached",,FRAME,"Hardwood, Linoleum",299.3,1,3,2,2,P-FIN,Yes,319.06,106.6,373000,319.06,Initia Real Estate,Lux Real Estate Inc,6,5,696.02,4830Q,"12719 89 Street, Edmonton, Alberta, Canada","89 Street NW, Meyonohk, Lakewood, Mill Woods, Edmonton, Alberta, T6K 2V7, Canada",53.4542761,-113.4635247
0014099353,SF,Edmonton,Sakaw,5117 14A Avenue,S,283500,T6L 2A4,2022-07-26,274000,E4304396,14,1089.52,101.22,5,2,3,2,0,2.0,N,1978,BLEVL,N,13.7,N,2,Double Garage Detached,,FRAME,"Carpet, Linoleum",260.21,1,14,14,14,P-FIN,Yes,251.49,96.65,274000,251.49,RE/MAX Elite,RE/MAX Elite,25,41,522.29,7722530,"5117 14A Avenue, Edmonton, Alberta, Canada","5117, 14A Avenue NW, Sakaw, Millhurst, Mill Woods, Edmonton, Alberta, T6L 3K9, Canada",53.444175,-113.4205917
34981457,DUPLEX,Edmonton,Mcconachie Area,5207 168 Avenue,S,337900,T5Y 0R6,2014-06-12,332000,E3369214,65,1331.92,123.74,6,3,3,2,1,2.1,Y,2012,ST2,N,0.0,N,1,Single Garage Attached,,FRAME,"Ceramic Tile, Hardwood, Wall to Wall Carpet",253.69,2,65,64,64,U-FIN,Yes,249.26,98.25,332000,249.26,Royal Lepage Noralta Real Estate,RE/MAX Real Estate,5,10,0.0,1125070,"5207 168 Avenue, Edmonton, Alberta, Canada",,,
31333628,COND,Edmonton,Eaux Claires,317 9525 162 Avenue,S,220000,T5Z 3V2,2006-11-17,218000,E3073691,19,883.72,82.1,4,2,2,2,0,2.0,Y,2004,APART,N,0.0,N,0,"Stall, See Remarks",Park Place (Eaux Claires),FRAME,"Carpet, Linoleum",248.95,1,19,18,18,NBASE,No,246.69,99.09,218000,246.69,Royal Lepage Best Locations,RE/MAX Real Estate,,92,0.0,525535,"317 9525 162 Avenue, Edmonton, Alberta, Canada",,,
31983885,COND,Edmonton,Mill Woods Town Centre,177 2750 55 Street,S,234000,T6L 7H5,2015-06-12,210000,E3405270,101,870.8,80.9,5,2,2,2,0,2.0,Y,2005,APART,E,0.0,N,1,Underground,Estates At Lakeside The,FRAME,"Carpet, Linoleum",268.72,1,101,98,98,NBASE,Yes,241.16,89.74,210000,241.16,Century 21 A.L.L. Stars Realty Ltd,Royal Lepage Noralta Real Estate,,,62.42,520550,"177 2750 55 Street, Edmonton, Alberta, Canada",,,
33942061,SF,Edmonton,Windermere,3421 WEST Landing,S,564900,T6W 0T6,2017-05-24,545000,E4063090,16,2194.76,203.9,8,4,4,1,1,1.1,Y,2010,ST2,W,0.0,N,2,Double Garage Attached,,FRAME,"Carpet, Ceramic Tile, Hardwood",257.39,2,16,15,15,U-FIN,Yes,248.32,96.48,545000,248.32,Century 21 Vantage Realty Ltd,Royal Lepage Noralta Real Estate,8,10,0.0,926441,"3421 WEST Landing, Edmonton, Alberta, Canada","West Landing NW, Windermere Neighbourhood, Windermere, Edmonton, Alberta, T6W 2C3, Canada",53.4433204,-113.6095957
29645893,COND,Edmonton,Downtown,26 10235 111 Street,S,319270,T5K 2V5,2021-02-16,310000,E4221064,87,1205.02,111.95,3,1,2,1,0,1.0,Y,2002,ST2,W,0.0,Y,0,Single Garage Attached,Railtown Estates,FRAME,"Carpet, Linoleum",264.95,3,87,84,84,F-FIN,Yes,257.26,97.1,310000,257.26,The Good Real Estate Company,Century 21 Leading,,,27.0,227288,"26 10235 111 Street, Edmonton, Alberta, Canada",,,
3333300046,COND,Edmonton,Downtown,201 10265 107 Street,S,388500,T5J 1K1,2019-08-20,362500,E4164994,46,1211.58,112.56,1,1,1,1,0,1.0,N,1949,LOFT,W,0.0,N,0,"Off Street, Stall",Beatty Lofts,CONCR,See Remarks,320.65,1,46,42,42,NBASE,No,299.19,93.31,362500,299.19,Nai Commercial Real Estate Inc,RE/MAX River City,,,0.0,0322472,"201 10265 107 Street, Edmonton, Alberta, Canada",,,
11801553,SF,Edmonton,Kiniski Gardens,4111 35 Street,S,309000,T6L 5V5,2014-08-29,305700,E3384552,39,1015.36,94.33,6,3,3,2,0,2.0,N,1985,SPLT4,W,0.0,N,0,"No Garage, On Street",,FRAME,"Carpet, Ceramic Tile, Laminate Flooring",304.33,4,39,39,39,F-FIN,No,301.08,98.93,305700,301.08,RE/MAX Real Estate,Homes & Gardens Real Estate Limited,29,139,291.51,8121927,"4111 35 Street, Edmonton, Alberta, Canada","35 Street NW, Crawford Plains, Southwood, Mill Woods, Edmonton, Alberta, T6L 2N7, Canada",53.4395194,-113.3958422
0012214490,SF,Edmonton,Bulyea Heights,307 BUCHANAN Way,S,625000,T6R 2B4,2025-04-25,623000,E4430582,14,2141.69,198.97,8,4,4,2,1,2.1,Y,1992,ST2,N,0.0,N,0,Double Garage Attached,,FRAME,"Carpet, Linoleum",291.83,2,14,13,13,U-FIN,Yes,290.89,99.68,623000,290.89,Liv Real Estate,Homes & Gardens Real Estate Limited,122,83,560.84,8923294,"307 BUCHANAN Way, Edmonton, Alberta, Canada","Buchanan Way NW, Bulyea Heights, Riverbend, Edmonton, Alberta, T6R 2H7, Canada",53.4690889,-113.5790982
0037360088,COND,Edmonton,Granville,404 7508 GETTY Gate,S,232500,T5T 7E6,2023-04-18,223000,E4333594,18,699.65,65.0,4,1,1,1,0,1.0,N,2016,APART,SE,0.0,N,0,"Heated, Underground",Stafford Greens Condo,CONCR,"Ceramic Tile, Laminate Flooring",332.31,1,18,18,18,NBASE,No,318.73,95.91,223000,318.73,Tactic Realty,RE/MAX Excellence,,,58.75,1623732,"404 7508 GETTY Gate, Edmonton, Alberta, Canada",,,
32566631,COND,Edmonton,Oliver,705 12207 Jasper Avenue,S,225000,T5N 3K2,2008-11-25,225000,E3140423,219,969.83,90.1,4,1,1,1,1,1.1,Y,1961,APART,W,0.0,N,1,Underground,Valleyview Manor,CONCR,"Carpet, Ceramic Tile",232.0,1,219,219,219,NBASE,No,232.0,100.0,225000,232.0,RE/MAX Real Estate,RE/MAX Real Estate,,,0.0,726886,"705 12207 Jasper Avenue, Edmonton, Alberta, Canada",,,
0018483867,SF,Edmonton,Glengarry,8315 137 Avenue,S,259000,T5E 1Y1,2019-10-17,240000,E4175504,17,1040.44,96.66,6,3,3,2,0,2.0,N,1962,BUNG,N,0.0,N,2,Double Garage Detached,,FRAME,See Remarks,248.93,1,17,17,17,F-FIN,Yes,230.67,92.66,240000,230.67,RE/MAX Real Estate,RE/MAX Real Estate,1,5,562.86,4095MC,"8315 137 Avenue, Edmonton, Alberta, Canada","8315, 137 Avenue NW, Glengarry, Northern Mature Area, Edmonton, Alberta, T5E 3J4, Canada",53.5993112,-113.4693942
24458531,SF,Edmonton,Kernohan,279 RIVER Point(e),S,370000,T5A 4Z3,2021-02-23,365000,E4227038,22,1077.36,100.09,5,2,4,3,0,3.0,Y,1995,BUNG,E,20.0,Y,2,"Double Garage Detached, Heated, Insulated, Over Sized, RV Parking",,FRAME,"Carpet, Ceramic Tile, Laminate Flooring",343.43,2,118,118,22,F-FIN,Yes,338.79,98.65,365000,338.79,RE/MAX Real Estate,Re/Max Select,37,225,613.48,9320397,"279 RIVER Point(e), Edmonton, Alberta, Canada",,,
0015457154,SF,Edmonton,Alberta Avenue,11522 94 Street,S,199995,T5G 1H7,2023-11-08,150000,E4354169,86,1216.32,113.0,6,2,3,2,0,2.0,N,1911,ST2,E,10.1,N,1,Single Garage Detached,,FRAME,"Carpet, Hardwood, Laminate Flooring",164.43,3,86,86,86,P-FIN,Yes,123.32,75.0,150000,123.32,RE/MAX River City,RE/MAX River City,31,24,367.83,RN43,"11522 94 Street, Edmonton, Alberta, Canada","94 Street NW, Northmount, Dickinsfield, Northern Mature Area, Edmonton, Alberta, T5E 6E2, Canada",53.6033831,-113.4855601
19581991,SF,Edmonton,Belgravia,11812 74 Avenue,S,639900,T6G 0G3,2014-02-24,625000,E3362442,15,1401.46,130.2,6,3,5,2,0,2.0,N,1951,BUNG,S,0.0,N,0,Double Garage Detached,,FRAME,"Ceramic Tile, Hardwood, Wall to Wall Carpet",456.6,2,15,14,14,F-FIN,Yes,445.96,97.67,625000,445.96,RE/MAX Real Estate Centre,Royal Lepage Noralta Real Estate,8,11,678.04,2831HW,"11812 74 Avenue, Edmonton, Alberta, Canada","74 Avenue NW, Avonmore, Mill Creek South, Edmonton, Alberta, T6C 2Y8, Canada",53.5103499,-113.4566665
12585974,COND,Edmonton,La Perle,212 9504 182 Street,S,177500,T5T 3A7,2014-04-07,173000,E3366099,23,980.91,91.13,5,2,2,1,1,1.1,N,1979,APART,E,0.0,Y,0,Stall,Erindale,FRAME,"Carpet, Ceramic Tile",180.95,1,129,128,23,NBASE,No,176.37,97.46,173000,176.37,RE/MAX Real Estate,Realty Executives Encore,,25,162.39,7922418,"212 9504 182 Street, Edmonton, Alberta, Canada",,,
0016125511,SF,Edmonton,Richfield,7835 34A Avenue,S,438800,T6K 0B3,2023-04-21,430800,E4328986,50,1596.29,148.3,6,2,4,2,1,2.1,Y,1973,SPLT4,E,0.0,Y,2,Double Garage Attached,,FRAME,"Carpet, Vinyl Plank",274.89,4,50,50,50,F-FIN,Yes,269.88,98.18,430800,269.88,K2 Realty,RE/MAX Real Estate,1,53,989.36,6455RS,"7835 34A Avenue, Edmonton, Alberta, Canada","7835, 34A Avenue NW, Richfield, Millbourne, Mill Woods, Edmonton, Alberta, T6K 1H7, Canada",53.4654738,-113.4529542
13680517,SF,Edmonton,Newton,12311 54 Street NW,S,169900,,2001-12-03,169000,E2117724,121,1448.82,134.6,6,2,2,2,0,2.0,N,1980,BUNG,W,0.0,N,2,"Double Garage Attached, Insulated, Over Sized, RV Parking",,FRAME,Carpet,117.27,1,121,116,116,F-FIN,Yes,116.65,99.47,169000,116.65,RE/MAX Elite,RE/MAX Elite,5,35,0.0,7821781,"12311 54 Street NW, Edmonton, Alberta, Canada","12311, 54 Street NW, Newton, Greater Highlands, Edmonton, Alberta, T5W 3N2, Canada",53.5787488,-113.4243735
17702168,SF,Edmonton,Kensington,13328 114 Street,S,325000,T5E 5E4,2017-06-10,306000,E4059751,53,1019.45,94.71,6,3,3,2,0,2.0,N,1962,BUNG,E,0.0,N,1,Single Garage Detached,,FRAME,"Carpet, Laminate Flooring",318.8,1,53,53,53,F-FIN,Yes,300.16,94.15,306000,300.16,Century 21 Vantage Realty Ltd,Comfree Commonsense Network,20,37,0.0,4423MC,"13328 114 Street, Edmonton, Alberta, Canada","13807-79 114 Street, Castle Downs, Edmonton, Alberta, Canada",53.6010938,-113.5175611
10348761,SF,Edmonton,Parkallen,11118 71 Avenue,S,469900,T6G 0A4,2021-01-25,462900,E4224603,3,1208.14,112.24,6,3,4,2,0,2.0,N,1949,ST1.5,S,0.0,N,2,Double Garage Detached,,FRAME,"Ceramic Tile, Hardwood, Laminate Flooring",388.94,3,3,3,3,F-FIN,Yes,383.15,98.51,462900,383.15,RE/MAX River City,Purplebricks,17,5,0.0,1602HW,"11118 71 Avenue, Edmonton, Alberta, Canada","11118, 71 Avenue NW, Parkallen, Greater Strathcona, Edmonton, Alberta, T6H 3B9, Canada",53.5077522,-113.5176792
28454593,COND,Edmonton,Richfield,37 3811 85 Street,S,299500,T6K 4C7,2008-08-06,285000,E3146740,83,1431.6,133.0,5,3,3,2,0,2.0,Y,2000,SPLT4,S,0.0,Y,2,"Double Garage Attached, Insulated, Parking Pad Cement/Paved",Charlton Place,FRAME,"Carpet, Ceramic Tile, Laminate Flooring",209.21,4,204,202,81,P-FIN,Yes,199.08,95.16,285000,199.08,Sterling Real Estate,RE/MAX Real Estate,,,259.45,22662,"37 3811 85 Street, Edmonton, Alberta, Canada",,,
28114775,COND,Edmonton,Leger,17 303 LEGER Way,S,317000,T6R 2X9,2021-08-26,317000,E4258418,1,1354.85,125.87,5,2,2,2,1,2.1,Y,1999,ST2,N,0.0,Y,0,Double Garage Attached,Woods Of Whitemud Oaks,FRAME,"Carpet, Hardwood",233.97,3,1,0,0,F-FIN,Yes,233.97,100.0,317000,233.97,RE/MAX Elite,RE/MAX Real Estate,,,278.86,9925590,"17 303 LEGER Way, Edmonton, Alberta, Canada","Leger Way NW, Leger, Oak Hills, Terwillegar Heights, Edmonton, Alberta, T6R 3E7, Canada",53.4568121,-113.5664965
30124945,COND,Edmonton,Canossa,6 16728 115 Street,S,276000,T5G 6G6,2011-05-20,264000,E3254338,64,1257.22,116.8,5,2,3,2,1,2.1,N,2003,ST2,S,0.0,N,0,Stall,Castlewood Village,FRAME,"Carpet, Linoleum",219.53,3,64,63,63,F-FIN,No,209.99,95.65,264000,209.99,RE/MAX Real Estate,Royal Lepage Noralta Real Estate,36,,229.49,324928,"6 16728 115 Street, Edmonton, Alberta, Canada",,,
21811633,SF,Edmonton,Idylwylde,7925 84 Avenue,S,289000,T6C 1C4,2008-01-17,296200,E3124583,14,1156.26,107.42,1,1,1,2,0,2.0,N,1958,BUNG,S,13.4,N,2,Double Garage Detached,,FRAME,"Carpet, Linoleum",249.94,2,14,10,10,F-FIN,Yes,256.17,102.49,296200,256.17,RE/MAX Elite,RE/MAX Real Estate,48A,8A,490.4,9220727,"7925 84 Avenue, Edmonton, Alberta, Canada","7925, 84 Avenue NW, Idylwylde, Edmonton, Alberta, T6C 0Y4, Canada",53.5198252,-113.4502664
10878817,SF,Edmonton,Jamieson Place,5224 185 Street,S,439900,T6M 2G1,2009-09-24,426600,E3195093,52,1957.2,181.83,8,3,3,2,1,2.1,Y,1989,ST2,E,0.0,N,2,Double Garage Attached,,FRAME,"Carpet, Laminate Flooring, Linoleum",224.76,2,52,52,52,P-FIN,Yes,217.96,96.98,426600,217.96,MaxWell Challenge Realty,MaxWell Challenge Realty,32,6,509.05,8722755,"5224 185 Street, Edmonton, Alberta, Canada","5224, 185 Street NW, Jamieson Place, Willowby, West Jasper Place, Edmonton, Alberta, T6M 2L2, Canada",53.4885912,-113.6445797
33394685,COND,Edmonton,Queen Alexandra,403 10558 78 Avenue NW,S,389900,T6E 1P4,2011-05-02,385000,E3247636,111,1116.22,103.7,5,2,2,2,0,2.0,Y,2007,APART,NW,0.0,N,0,Underground,Strathcona Eco House,FRAME,"Hardwood, See Remarks",349.31,1,111,110,110,,No,344.92,98.74,385000,344.92,RE/MAX River City,RE/MAX River City,,,0.0,826519,"403 10558 78 Avenue NW, Edmonton, Alberta, Canada",,,
24122160,COND,Edmonton,Oliver,204 10160 116 Street,S,148795,T5K 1V9,2011-05-03,143000,E3258531,15,703.96,65.4,1,1,1,1,0,1.0,N,1967,APART,N,0.0,N,0,,Centurian Tower,CONCR,"Carpet, Linoleum",211.37,1,15,15,15,,No,203.14,96.11,143000,203.14,MaxWell Devonshire Realty,MaxWell Polaris,,,26.08,9223678,"204 10160 116 Street, Edmonton, Alberta, Canada",,,
12046991,COND,Edmonton,Keheewin,14 10453 20 Avenue,S,139900,T6J 5H1,2005-05-25,137500,E3025911,53,1108.68,103.0,6,3,3,1,1,1.1,N,1980,ST2,W,0.0,N,0,Stall,Yellowbird Gardens,FRAME,"Carpet, Linoleum",126.19,3,53,50,50,F-FIN,No,124.02,98.28,137500,124.02,RE/MAX Real Estate,Royal Lepage Noralta Real Estate,,28,238.68,8120013,"14 10453 20 Avenue, Edmonton, Alberta, Canada",,,
19643907,SF,Edmonton,Belvedere,13415 58 Street,S,322000,T5A 0R2,2013-06-19,320000,E3339861,20,1004.27,93.3,5,3,4,2,0,2.0,N,1964,BUNG,E,14.94,N,2,Double Garage Detached,,FRAME,"Carpet, Laminate Flooring, Linoleum",320.63,2,20,19,19,F-FIN,Yes,318.64,99.38,320000,318.64,MaxWell Challenge Realty,Realty Executives Leading,12A,9,0.0,2676MC,"13415 58 Street, Edmonton, Alberta, Canada","13415, 58 Street NW, Belvedere, Northern Mature Area, Edmonton, Alberta, T5A 1P3, Canada",53.5962636,-113.4302434
32886541,SF,Edmonton,Laurel,2914 21A Avenue,S,372800,T6T 0K3,2013-10-05,368000,E3353194,11,1584.45,147.2,7,3,3,2,1,2.1,Y,2010,ST2,S,0.0,Y,0,Double Garage Detached,,FRAME,"Carpet, Hardwood",235.29,2,11,10,10,U-FIN,Yes,232.26,98.71,368000,232.26,MaxWell Challenge Realty,Royal Lepage Noralta Real Estate,4,16,0.0,740223,"2914 21A Avenue, Edmonton, Alberta, Canada","21A Avenue NW, Laurel, The Meadows, Edmonton, Alberta, T6L 4M4, Canada",53.4520241,-113.3919083
15675698,SF,Edmonton,Alberta Avenue,12147 93 Street NW,S,89900,T5G 1E9,2004-07-13,80000,E2413134,68,678.13,63.0,4,2,2,1,0,1.0,N,1943,BUNG,W,9.9,N,0,No Garage,,FRAME,"Carpet, Linoleum",132.57,1,68,64,64,U-FIN,No,117.97,88.99,80000,117.97,NOW Real Estate Group,MaxWell Challenge Realty,14,6,0.0,8334AE,"12147 93 Street NW, Edmonton, Alberta, Canada","12147, 93 Street NW, Alberta Avenue, Avenue District, Edmonton, Alberta, T5B 3W4, Canada",53.5761397,-113.4840663
36082907,SF,Edmonton,Magrath Heights,7174 MAY Crescent NW,S,699900,T6R 0V8,2015-09-08,680000,E3415792,115,2406.92,223.61,8,3,3,3,0,3.0,Y,2015,ST2,S,0.0,Y,3,Triple Garage Detached,,FRAME,"Carpet, Ceramic Tile, Hardwood",290.79,2,115,115,115,U-FIN,Yes,282.52,97.16,680000,282.52,Century 21 Platinum Realty,Homes & Gardens Real Estate Limited,9,3,0.0,142 1231,"7174 MAY Crescent NW, Edmonton, Alberta, Canada","May Crescent NW, Magrath Heights, Terwillegar Community, Terwillegar Heights, Edmonton, Alberta, T6R 0X1, Canada",53.4418848,-113.5507412
29429461,COND,Edmonton,Downtown,307 9938 104 Street,S,295000,T5K 2X7,2006-10-06,295000,E3070394,14,1007.5,93.6,5,2,2,2,0,2.0,Y,2002,APART,NE,0.0,Y,2,Underground,Melrose Manor,FRAME,"Carpet, Linoleum",292.8,1,14,14,14,,Yes,292.8,100.0,295000,292.8,Sutton Group Nor-Vista Realty,Marv Sather Real Estate Ltd,,39,0.0,224705,"307 9938 104 Street, Edmonton, Alberta, Canada",,,
14212088,SF,Edmonton,Hillview,5108 37 Avenue,S,273900,T6L 1C8,2009-02-25,267000,E3169297,84,1060.24,98.5,6,3,3,2,0,2.0,N,1977,BLEVL,S,0.0,N,0,"Front Drive Access, Parking Pad Cement/Paved",,FRAME,"Carpet, Ceramic Tile, Laminate Flooring",258.34,2,147,144,84,F-FIN,No,251.83,97.48,267000,251.83,MaxWell Polaris,RE/MAX Real Estate,15,13,598.5,7721468,"5108 37 Avenue, Edmonton, Alberta, Canada","37 Avenue NW, Hillview, Woodvale, Mill Woods, Edmonton, Alberta, T6L 1P5, Canada",53.4699615,-113.4189695
31251978,COND,Edmonton,Breckenridge Greens,410 304 LEWIS ESTATES Boulevard,S,249000,T5T 6Y7,2009-08-09,260000,E3194279,18,1051.96,97.73,6,2,2,2,0,2.0,Y,2004,APART,S,0.0,N,1,Underground,Village Green At Lewis Estates,REMKS,"Laminate Flooring, Linoleum, Wall to Wall Carpet",236.7,1,18,17,17,REMKS,Yes,247.16,104.42,260000,247.16,MaxWell Devonshire Realty,Cameron Realty Inc,9,,70.16,524714,"410 304 LEWIS ESTATES Boulevard, Edmonton, Alberta, Canada",,,
0038367538,SF,Edmonton,Belgravia,7123 SASKATCHEWAN Drive,S,1550000,T6G 2A4,2022-08-15,1485000,E4306156,24,2891.29,268.61,11,5,5,3,0,3.0,Y,2020,ST2,W,0.0,N,3,Triple Garage Detached,,FRAME,"Ceramic Tile, Hardwood",536.09,2,24,24,24,U-FIN,Yes,513.61,95.81,1485000,513.61,Re/Max Excellence,MaxWell Devonshire Realty,16,28A,519.24,1921955,"7123 SASKATCHEWAN Drive, Edmonton, Alberta, Canada","7123, Saskatchewan Drive NW, Belgravia, Greater Strathcona, Edmonton, Alberta, T6B 0P4, Canada",53.5071644,-113.5402614
0014601678,SF,Edmonton,Eastwood,12141 87 Street,S,380000,T5B 3N7,2025-04-09,360000,E4426907,20,883.29,82.06,5,2,2,1,0,1.0,N,1951,BUNG,W,0.0,N,0,Single Garage Detached,,FRAME,"Laminate Flooring, Linoleum",430.21,1,20,19,19,U-FIN,Yes,407.57,94.74,360000,407.57,REALTORS? Association of Edmonton,MaxWell Polaris,24,9,696.29,RN76,"12141 87 Street, Edmonton, Alberta, Canada","12141, 87 Street NW, Eastwood, Avenue District, Edmonton, Alberta, T5B 3S6, Canada",53.5761214,-113.4742401
29471141,COND,Edmonton,Miller,17 14603 MILLER Boulevard,S,206900,T5Y 3B6,2018-12-28,206900,E4129906,100,1202.33,111.7,6,3,3,1,1,1.1,N,2002,ST2,N,0.0,N,0,See Remarks,Summerhill Park,FRAME,"Carpet, Laminate Flooring",172.08,2,224,224,100,F-FIN,Yes,172.08,100.0,206900,172.08,RE/MAX Elite,RE/MAX Real Estate,,,0.0,225135,"17 14603 MILLER Boulevard, Edmonton, Alberta, Canada",,,
16739898,SF,Edmonton,Wellington,13623 133a Street,S,219912,T5L 1T4,2006-06-09,225000,E3060011,8,1076.07,99.97,4,2,4,2,0,2.0,N,1955,BUNG,W,0.0,N,1,Single Garage Detached,,FRAME,"Carpet, Hardwood, Linoleum",204.37,2,8,7,7,P-FIN,Yes,209.09,102.31,225000,209.09,Century 21 All Stars Realty Ltd,MaxWell Polaris,20,14,0.0,5570KS,"13623 133a Street, Edmonton, Alberta, Canada","13623, 133A Street NW, Wellington, Northern Mature Area, Edmonton, Alberta, T5L 1W3, Canada",53.5990341,-113.5509968
15790504,SF,Edmonton,Idylwylde,8128 84 Avenue NW,S,129900,T6C 1C7,2001-04-01,123000,E2103491,47,976.29,90.7,5,3,4,2,0,2.0,N,1955,BUNG,S,0.0,N,1,"Single Carport, Single Garage Detached",,FRAME,"Carpet Over Hardwood, Linoleum",133.06,1,47,46,46,F-FIN,No,125.99,94.69,123000,125.99,RE/MAX Real Estate Centre,Realty Executives North Star,4,9,0.0,7636AJ,"8128 84 Avenue NW, Edmonton, Alberta, Canada","8128, 84 Avenue NW, Idylwylde, Edmonton, Alberta, T6C 0Y4, Canada",53.5202583,-113.4536755
13291224,SF,Edmonton,Pollard Meadows,2020 47 Street NW,S,174900,,2003-08-22,176100,E2321115,12,1206.63,112.1,6,3,3,2,0,2.0,N,1979,BUNG,E,13.0,Y,2,"Double Garage Detached, Over Sized, RV Parking",,FRAME,"Carpet, Ceramic Tile, Hardwood",144.95,1,12,10,10,P-FIN,Yes,145.94,100.69,176100,145.94,Royal Lepage Noralta Real Estate,RE/MAX River City,13,43,0.0,7823024,"2020 47 Street NW, Edmonton, Alberta, Canada","2020, 47 Street NW, Pollard Meadows, Southwood, Mill Woods, Edmonton, Alberta, T6L 4P6, Canada",53.452033,-113.4140539
36940575,SF,Edmonton,Rapperswill,17516 124 Street,S,479900,T5X 0L3,2019-06-22,479900,E4156821,39,2176.68,202.22,8,3,3,2,1,2.1,Y,2018,ST2,SE,0.0,Y,0,Double Garage Attached,,FRAME,"Carpet, Ceramic Tile, Laminate Flooring",220.47,2,39,39,39,U-FIN,Yes,220.47,100.0,479900,220.47,RE/MAX River City,Century 21 Urban Realty,108,115,392.63,1525031,"17516 124 Street, Edmonton, Alberta, Canada","124 Street NW, Prince Charles, Western Mature Area, Edmonton, Alberta, T5L 2K6, Canada",53.5722661,-113.5359138
13226759,DUPLEX,Edmonton,Decoteau,3054 28 Avenue,S,939900,T6X 1A5,2023-06-26,890000,E4340843,41,1344.41,124.9,6,3,5,2,0,2.0,Y,1977,BUNG,S,0.0,N,0,"Front Drive Access, RV Parking",,MODLR,"Carpet, Non-Ceramic Tile, Vinyl Plank",699.12,2,41,41,41,F-FIN,Yes,662.0,94.69,890000,662.0,PREP Realty,YEGPro Realty,0,10A,0.0,7721898,"3054 28 Avenue, Edmonton, Alberta, Canada",,,
36289213,SF,Edmonton,Cy Becker,3716 168 Avenue,S,429900,T5Y 0X8,2018-03-05,425000,E4097193,13,1609.31,149.51,7,3,3,2,1,2.1,Y,2017,ST2,SE,0.0,Y,2,Double Garage Attached,,FRAME,"Carpet, Ceramic Tile, Laminate Flooring",267.13,2,13,13,13,U-FIN,Yes,264.09,98.86,425000,264.09,RE/MAX River City,RE/MAX River City,9,45,355.7,1423997,"3716 168 Avenue, Edmonton, Alberta, Canada",,,
12056529,SF,Edmonton,Kiniski Gardens,4307 38 Street,S,319888,T6L 5A6,2007-05-30,318000,E3092494,9,1006.42,93.5,6,3,3,1,1,1.1,N,1981,BUNG,W,0.0,N,0,,,FRAME,"Carpet, Linoleum",317.85,2,9,9,9,F-FIN,No,315.97,99.41,318000,315.97,Century 21 All Stars Realty Ltd,Professional Realty Group,23,26,296.19,8022725,"4307 38 Street, Edmonton, Alberta, Canada",,,
14816896,SF,Edmonton,Meyonohk,2627 89 Street,S,283500,T6K 2Y9,2011-04-21,268000,E3251504,58,818.06,76.0,2,2,3,2,0,2.0,N,1976,BLEVL,W,0.0,N,2,Double Garage Detached,,FRAME,"Carpet, Laminate Flooring",346.55,2,58,58,58,F-FIN,Yes,327.61,94.53,268000,327.61,Realty Executives North Star,Realty Executives Leading,24,58,491.24,7621055,"2627 89 Street, Edmonton, Alberta, Canada",,,
28638195,SF,Edmonton,Wild Rose,2114 37 Avenue,S,234900,T6T 1S2,2006-05-14,233000,E3057412,11,1291.67,120.0,7,3,3,1,1,1.1,N,2001,ST2,S,0.0,N,0,"No Garage, Off Street, Rear Drive Access",,FRAME,"Carpet, Linoleum",181.86,2,11,10,10,P-FIN,No,180.39,99.19,233000,180.39,Best Buy Realty,Century 21 All Stars Realty Ltd,52,56,335.66,24588,"2114 37 Avenue, Edmonton, Alberta, Canada",,,
31244312,SF,Edmonton,Rutherford,1919 126 Street,S,569000,T6W 0A5,2009-07-04,546000,E3186568,46,2720.9,252.78,8,3,3,2,1,2.1,Y,2007,ST2,W,0.0,Y,2,Double Garage Attached,,FRAME,"Carpet, Ceramic Tile, Hardwood",209.12,2,46,43,43,U-FIN,Yes,200.67,95.96,546000,200.67,RE/MAX River City,MaxWell Polaris,10,183,470.65,524627,"1919 126 Street, Edmonton, Alberta, Canada",,,
36478766,DUPLEX,Edmonton,Rosenthal,9026 217 Street NW,S,295900,T5T 7C4,2019-04-18,300000,E4149384,21,1302.43,121.0,7,3,3,2,1,2.1,Y,2015,ST2,E,0.0,N,0,"Insulated, Single Garage Attached",,FRAME,"Carpet, Laminate Flooring",227.19,2,21,20,20,U-FIN,Yes,230.34,101.39,300000,230.34,Homes & Gardens Real Estate Limited,Century 21 All Stars Realty Ltd,10,58,231.06,1425756,"9026 217 Street NW, Edmonton, Alberta, Canada",,,
35287721,COND,Edmonton,Ambleside,201 105 AMBLESIDE Drive,S,229900,T6W 0J4,2013-03-01,222000,E3323762,45,807.29,75.0,4,1,1,1,0,1.0,N,2009,APART,E,0.0,N,1,"Heated, Parkade, Single Indoor, Underground",Infusion,FRAME,"Carpet, Laminate Flooring, Non-Ceramic Tile",284.78,1,45,45,45,NBASE,No,274.99,96.56,222000,274.99,RE/MAX Real Estate,Century 21 A.L.L. Stars Realty Ltd,,,0.0,1023201,"201 105 AMBLESIDE Drive, Edmonton, Alberta, Canada",,,
32396616,SF,Edmonton,Chambery,17519 110 Street,S,579900,T5X 0B7,2012-01-27,562500,E3277908,131,2715.73,252.3,10,4,4,3,0,3.0,Y,2010,ST2,W,0.0,Y,2,"Double Garage Attached, Front Drive Access",,FRAME,"Carpet, Ceramic Tile, Hardwood",213.53,2,131,130,130,U-FIN,Yes,207.13,97.0,562500,207.13,Sellerinvite.Com (Edmonton),Royal Lepage Arteam Realty,85,97,476.53,723943,"17519 110 Street, Edmonton, Alberta, Canada",,,
32683039,SF,Edmonton,Ambleside,2686 ANDERSON Crescent,S,547800,T6W 0K7,2018-02-09,530000,E4085603,116,2194.11,203.84,8,3,3,2,1,2.1,Y,2011,ST2,W,0.0,Y,2,"Double Garage Attached, Heated",,FRAME,"Carpet, Ceramic Tile, Hardwood",249.67,2,116,116,116,U-FIN,Yes,241.56,96.75,530000,241.56,MaxWell Challenge Realty,Lange Realty Ltd,9,39,0.0,728031,"2686 ANDERSON Crescent, Edmonton, Alberta, Canada",,,
28695105,COND,Edmonton,Kirkness,345 KIRKNESS Road,S,158900,T5Y 2M7,2005-04-26,158900,E3027409,10,1177.57,109.4,4,2,2,2,1,2.1,Y,2001,ST2,S,0.0,Y,1,Single Garage Attached,Kirkness Pointe,FRAME,"Carpet, Linoleum",134.94,2,10,8,8,U-FIN,Yes,134.94,100.0,158900,134.94,MaxWell Polaris,Realty Executives Synergy,,20,259.8,24952,"345 KIRKNESS Road, Edmonton, Alberta, Canada",,,
0032008575,COND,Edmonton,The Hamptons,169 5604 199 Street,S,229980,T6M 2Z9,2022-02-12,225500,E4273127,37,914.18,84.93,4,1,1,1,1,1.1,N,2006,ST2,S,0.0,N,2,Double Garage Attached,Mosaic Parkland,FRAME,"Carpet, Laminate Flooring, Vinyl Plank",251.57,2,37,37,37,NBASE,Yes,246.67,98.05,225500,246.67,Exp Realty,Bode,,,0.0,0526651,"169 5604 199 Street, Edmonton, Alberta, Canada",,,
10098473,DUPLEX,Edmonton,Balwin,6618-6620 128 Avenue NW,S,219000,,2003-11-13,207000,E2322035,86,1910.59,177.5,5,3,3,1,0,1.0,N,1975,BLEVL,,39.6,N,0,"No Garage, Off Street",,FRAME,"Carpet, Linoleum",114.62,1,86,83,83,F-FIN,No,108.34,94.52,207000,108.34,RE/MAX Excellence,MaxWell Polaris,2,1,0.0,5435V,"6618-6620 128 Avenue NW, Edmonton, Alberta, Canada",,,
0022652614,SF,Edmonton,Fraser,1925 152 Avenue,S,379900,T5Y 2R7,2019-08-12,378000,E4163140,48,1303.51,121.1,6,3,4,3,0,3.0,Y,1992,SPLT4,N,0.0,N,0,Double Garage Attached,,FRAME,"Carpet, Ceramic Tile, Hardwood",291.44,4,48,48,48,F-FIN,Yes,289.99,99.5,378000,289.99,MaxWell Devonshire,RE/MAX Elite,88,66,621.98,9221679,"1925 152 Avenue, Edmonton, Alberta, Canada",,,
12867065,SF,Edmonton,Greenfield,3507 117B Street NW,S,159900,T6J 1W1,2001-04-20,156000,E2106016,35,1571.53,146.0,7,4,4,1,1,1.1,N,1968,ST2,W,36.7,Y,2,Double Garage Attached,,FRAME,"Hardwood, Linoleum, Wall to Wall Carpet",101.75,2,35,35,35,F-FIN,Yes,99.27,97.56,156000,99.27,MaxWell Challenge Realty,Pat Mooney Real Estate Ltd,52,4,0.0,4627NY,"3507 117B Street NW, Edmonton, Alberta, Canada",,,
20207767,SF,Edmonton,Fulton Place,6412 103 Avenue,S,384900,T6A 0T8,2017-10-26,362073,E4071906,114,1096.63,101.88,6,3,3,2,1,2.1,N,1956,BUNG,W,16.8,N,0,"Double Garage Detached, Over Sized",,FRAME,"Carpet Over Hardwood, Hardwood, Laminate Flooring",350.99,2,114,114,114,F-FIN,Yes,330.17,94.07,362073,330.17,RE/MAX Elite,Realty Executives Encore,18,26,561.96,1841KS,"6412 103 Avenue, Edmonton, Alberta, Canada","103 Avenue NW, Fulton Place, Greater Hardisty, Edmonton, Alberta, T6A 2J2, Canada",53.5447075,-113.4232511
0034502410,SF,Edmonton,Webber Greens,21414 94A Avenue,S,429900,T5T 4E3,2022-02-28,435500,E4277840,11,1672.28,155.36,5,2,3,2,0,2.0,N,2013,SPLT4,S,9.2,Y,2,Double Garage Detached,,FRAME,"Ceramic Tile, Hardwood",257.07,4,11,11,11,F-FIN,Yes,260.42,101.3,435500,260.42,YEGPro Realty,RE/MAX Professionals,37,54,352.52,1025491,"21414 94A Avenue, Edmonton, Alberta, Canada","94A Avenue NW, Summerlea, West Jasper Place, Edmonton, Alberta, T5P 4V4, Canada",53.5309653,-113.6178239
28644649,SF,Edmonton,Hudson,312 HUDSON Bend,S,599000,T6V 1N4,2012-09-14,552500,E3309742,53,2195.84,204.0,4,3,5,4,0,4.0,N,2001,ST2,N,0.0,N,2,"Heated, Insulated",,FRAME,"Carpet, Ceramic Tile",272.79,3,53,52,52,REMKS,Yes,251.61,92.24,552500,251.61,Century 21 Reward Realty,Century 21 Reward Realty,31,23,487.54,24618,"312 HUDSON Bend, Edmonton, Alberta, Canada","312, Hudson Bend NW, Hudson, The Palisades, Edmonton, Alberta, T6V 0M4, Canada",53.6039441,-113.5483765
0031835128,SF,Edmonton,Brintnell,4534 162 Avenue,S,599900,T5Y 0H1,2025-12-20,585000,E4466766,24,2342.87,217.66,7,3,3,2,1,2.1,Y,2007,ST2,E,0.0,Y,2,Double Garage Attached,,FRAME,"Ceramic Tile, Hardwood",256.05,2,24,24,24,U-FIN,Yes,249.69,97.52,585000,249.69,Royal Lepage Summit Realty,Royal Lepage Arteam Realty,15,85,651.31,0624661,"4534 162 Avenue, Edmonton, Alberta, Canada","162 Avenue NW, Eaux Claires, Lake District, Edmonton, Alberta, T5Z 0E9, Canada",53.6233188,-113.4850625
16687056,SF,Edmonton,York,5531 141 Avenue NW,S,114800,,2000-11-27,110500,E2020821,72,1054.86,98.0,6,3,3,1,0,1.0,N,1964,BUNG,N,15.2,N,1,Double Garage Detached,,FRAME,"Linoleum, Wall to Wall Carpet",108.83,1,72,70,70,P-FIN,Yes,104.75,96.25,110500,104.75,Century 21 Progressive Realty Ltd.,Rancho Realty (Edmonton) Ltd,3,12,0.0,5631MC,"5531 141 Avenue NW, Edmonton, Alberta, Canada","5531, 141 Avenue NW, York, Casselman-Steele Heights, Edmonton, Alberta, T5A 5A1, Canada",53.6034032,-113.4273629
13519492,SF,Edmonton,Montrose,12102 63 Street NW,S,125000,T5W 4G6,2004-06-04,123500,E2412835,36,807.29,75.0,4,2,4,2,0,2.0,N,1951,BUNG,E,0.0,N,1,Single Garage Detached,,FRAME,"Carpet, Linoleum",154.84,2,36,36,36,REMKS,No,152.98,98.8,123500,152.98,RE/MAX Excellence,RE/MAX Advantage,30,1,0.0,823AI,"12102 63 Street NW, Edmonton, Alberta, Canada","12102, 63 Street NW, Montrose, Greater Highlands, Edmonton, Alberta, T5W 4C7, Canada",53.5752069,-113.4384498
0028055169,SF,Edmonton,Athlone,13639 129 Avenue,S,415000,T5L 5C5,2024-05-13,402500,E4374360,80,1175.96,109.25,5,2,3,3,0,3.0,Y,2000,BLEVL,E,0.0,N,0,Double Garage Attached,,FRAME,"Carpet, Laminate Flooring",352.9,3,80,79,79,REMKS,Yes,342.27,96.99,402500,342.27,MaxWell Challenge Realty,Royal Lepage Arteam Realty,5,32,0.0,9925061,"13639 129 Avenue, Edmonton, Alberta, Canada","13639, 129 Avenue NW, Athlone, Northern Mature Area, Edmonton, Alberta, T5L 3C1, Canada",53.5879641,-113.5559043
19749316,SF,Edmonton,Kildare,7215 138 Avenue,S,389900,T5C 2L9,2007-06-06,388000,E3091537,31,1149.91,106.83,6,3,3,2,0,2.0,N,1966,BUNG,N,0.0,Y,2,Double Garage Detached,,FRAME,"Carpet, Linoleum",339.07,1,31,29,29,F-FIN,Yes,337.42,99.51,388000,337.42,Century 21 Platinum Realty,Century 21 Platinum Realty,2,6,604.48,2532N,"7215 138 Avenue, Edmonton, Alberta, Canada","7215, 138 Avenue NW, Kildare, Londonderry, Northern Mature Area, Edmonton, Alberta, T5C 3A9, Canada",53.600624,-113.453483
20574977,SF,Edmonton,Mckernan,7234 112 Street,S,219900,T6J 1G5,2004-12-23,212500,E3012192,86,1242.15,115.4,6,4,5,2,0,2.0,N,1949,ST1.5,E,0.0,N,2,Double Garage Detached,,FRAME,Hardwood,177.03,2,86,86,86,P-FIN,No,171.07,96.63,212500,171.07,MaxWell Devonshire Realty,MaxWell Devonshire Realty,10,37,479.07,1324HW,"7234 112 Street, Edmonton, Alberta, Canada","7234, 112 Street NW, McKernan, Greater Strathcona, Edmonton, Alberta, T6G 1J7, Canada",53.5095781,-113.520335
19862234,SF,Edmonton,Highlands,11227 58 Street,S,429900,T5W 3W4,2015-10-10,422500,E3428203,60,1237.85,115.0,5,2,4,3,0,3.0,Y,1948,ST1.5,W,0.0,N,0,Double Garage Detached,,FRAME,"Carpet, Ceramic Tile, Hardwood",347.3,3,60,60,60,F-FIN,Yes,341.32,98.28,422500,341.32,RE/MAX Elite,Sterling Real Estate,22,T,571.19,222HW,"11227 58 Street, Edmonton, Alberta, Canada","11227, 58 Street NW, Highlands, Greater Highlands, Edmonton, Alberta, T5W 0K8, Canada",53.5677186,-113.4303716
28716389,COND,Edmonton,Meadowlark Park,410 8942 156 Street,S,309900,T5R 5Z5,2011-04-11,293000,E3252932,41,1194.79,111.0,5,2,2,2,0,2.0,Y,2000,APART,E,0.0,Y,1,"Heated, Parkade, Underground",Renaissance The,FRAME,"Carpet, Linoleum",259.38,1,41,38,38,,No,245.23,94.55,293000,245.23,MaxWell Polaris,RE/MAX Excellence,,,0.0,120185,"410 8942 156 Street, Edmonton, Alberta, Canada",,,
12607461,SF,Edmonton,Minchau,3940 47 Street,S,387400,T6L 4B8,2011-06-27,385000,E3263699,32,2183.67,202.87,7,3,4,4,0,4.0,Y,1981,ST2,SE,0.0,Y,2,"Double Garage Attached, Insulated",,FRAME,"Ceramic Tile, Linoleum, Wall to Wall Carpet",177.41,2,32,32,32,P-FIN,Yes,176.31,99.38,385000,176.31,RE/MAX Real Estate,Royal Lepage Noralta Real Estate,2,24,531.55,7922358,"3940 47 Street, Edmonton, Alberta, Canada",,,
14009237,SF,Edmonton,Meyonohk,2428 80 Street,S,360000,T6K 3P6,2015-07-14,345000,E3416958,53,1187.26,110.3,6,3,6,1,2,1.2,Y,1982,SPLT4,E,0.0,Y,2,"Double Garage Attached, RV Parking",,FRAME,"Ceramic Tile, Hardwood, Laminate Flooring",303.22,4,53,50,50,F-FIN,Yes,290.59,95.83,345000,290.59,MaxWell Polaris,RE/MAX Real Estate,32,40,602.62,7723072,"2428 80 Street, Edmonton, Alberta, Canada",,,
18406348,SF,Edmonton,Glengarry,8415 136 Avenue,S,285000,T5E 1T9,2018-09-12,277500,E4110385,124,1034.52,96.11,6,3,3,2,0,2.0,N,1962,BUNG,N,0.0,N,0,Double Garage Detached,,FRAME,"Carpet, Laminate Flooring, Linoleum",275.49,2,124,124,124,F-FIN,Yes,268.24,97.37,277500,268.24,RE/MAX Elite,Exp Realty,2,4,0.0,4095MC,"8415 136 Avenue, Edmonton, Alberta, Canada","8415, 136 Avenue NW, Glengarry, Northern Mature Area, Edmonton, Alberta, T5E 2V2, Canada",53.5984533,-113.4709497
26617985,COND,Edmonton,Rossdale,403 9640 105 Street NW,S,142900,T5K 0Z7,2000-10-31,134500,E2019465,64,1323.96,123.0,4,2,2,2,0,2.0,N,1995,PENTH,S,0.0,N,2,"Heated, Stall, Underground",Parliament Plaza,FRAME,"Carpet, Ceramic Tile",107.93,2,64,61,61,NBASE,No,101.59,94.12,134500,101.59,RE/MAX River City,Royal Lepage Arteam Realty,18,,0.0,9525389,"403 9640 105 Street NW, Edmonton, Alberta, Canada",,,
10364826,SF,Edmonton,Mcleod,6018 152C Avenue,S,419000,T5A 4W3,2007-11-23,398000,E3113555,69,1770.45,164.48,7,3,3,2,1,2.1,Y,1989,ST1.5,E,0.0,Y,2,"Double Garage Attached, Front Drive Access, Heated, Insulated",,FRAME,"Carpet, Ceramic Tile, Hardwood",236.66,2,69,67,67,U-FIN,Yes,224.8,94.99,398000,224.8,Realty Advisors Alberta,RE/MAX Elite,55,45,576.76,8722592,"6018 152C Avenue, Edmonton, Alberta, Canada","6018, 152C Avenue NW, McLeod, Casselman-Steele Heights, Edmonton, Alberta, T5Y 0J5, Canada",53.6151865,-113.4342509
0034006494,COND,Edmonton,Downtown,1202 10303 111 Street,S,359000,T5K 0C6,2023-07-18,360000,E4346907,25,980.81,91.12,6,2,2,2,0,2.0,Y,2008,PENTH,W,0.0,Y,0,"Tandem, Underground",Alta Vista South,CONCR,"Ceramic Tile, Hardwood",366.03,1,25,25,25,REMKS,No,367.04,100.28,360000,367.04,ARIVL,Exp Realty,,,0.0,0928401,"1202 10303 111 Street, Edmonton, Alberta, Canada",,,
12058178,SF,Edmonton,Kiniski Gardens,4242 38 Street NW,S,109900,,2000-07-10,105000,E2012332,38,1041.95,96.8,5,3,3,1,0,1.0,N,1981,BUNG,E,9.4,Y,0,"No Garage, Off Street",,FRAME,"Carpet, Hardwood, Linoleum",105.48,1,38,35,35,P-FIN,No,100.77,95.54,105000,100.77,RE/MAX Real Estate,Century 21 Progressive Realty Ltd.,36,27,0.0,8022725,"4242 38 Street NW, Edmonton, Alberta, Canada","38 Street NW, Kiniski Gardens, Burnewood, Mill Woods, Edmonton, Alberta, T6L 6K8, Canada",53.4818336,-113.4007832
15913734,SF,Edmonton,Bellevue,6722 111 Avenue,S,425000,T5B 0A7,2013-06-09,373500,E3340398,5,1223.86,113.7,7,4,4,2,1,2.1,N,1950,ST1.5,S,0.0,N,0,Single Garage Detached,,FRAME,"Carpet Over Hardwood, Linoleum",347.26,2,5,5,5,F-FIN,Yes,305.18,87.88,373500,305.18,Royal Lepage Noralta Real Estate,Royal Lepage Noralta Real Estate,12A,27,602.79,7122ET,"6722 111 Avenue, Edmonton, Alberta, Canada","6722, 111 Avenue NW, Bellevue, Greater Highlands, Edmonton, Alberta, T5B 4E4, Canada",53.5622151,-113.4407419
10838225,SF,Edmonton,Weinlos,3211 47 Street,S,214900,T6L 4R9,2006-05-16,213000,E3057009,15,990.28,92.0,5,2,3,2,0,2.0,N,1981,BLEVL,W,0.0,N,0,"Off Street, Parking Pad Cement/Paved",,FRAME,"Carpet, Ceramic Tile, Hardwood",217.01,2,15,13,13,F-FIN,No,215.09,99.12,213000,215.09,RE/MAX Advantage,Best Buy Realty,56,90,392.36,8022954,"3211 47 Street, Edmonton, Alberta, Canada","47 Street NW, Beacon Heights, Bergman, Beverly, Edmonton, Alberta, T5W 1M8, Canada",53.578189,-113.4137592
25301449,DUPLEX,Edmonton,Chappelle Area,499 CHAPPELLE Drive,S,328880,T6W 2B3,2013-08-13,326000,E3329244,156,1356.25,126.0,6,3,3,2,1,2.1,Y,2012,ST2,W,0.0,N,1,Single Garage Attached,,FRAME,"Carpet, Laminate Flooring, Linoleum",242.49,2,156,154,154,U-FIN,Yes,240.37,99.12,326000,240.37,RE/MAX Elite,MaxWell Challenge Realty,5,22,0.0,1222992,"499 CHAPPELLE Drive, Edmonton, Alberta, Canada","Chappelle Drive, Chappelle, Heritage Valley, Edmonton, Alberta, T6W 2Z2, Canada",53.4063497,-113.557595
15050362,SF,Edmonton,Blue Quill,11732 29 Avenue NW,S,199900,T6J 3K9,2002-10-19,191500,E2220554,23,2270.11,210.9,8,3,3,2,1,2.1,N,1976,SPLT5,S,0.0,Y,2,"Double Garage Attached, Insulated",,FRAME,"Linoleum, Wall to Wall Carpet",88.06,3,23,22,22,P-FIN,Yes,84.36,95.8,191500,84.36,Century 21 All Stars Realty Ltd,RE/MAX Real Estate,27,17,0.0,7521151,"11732 29 Avenue NW, Edmonton, Alberta, Canada","11732, 29 Avenue NW, Blue Quill, Kaskitayo, Edmonton, Alberta, T6J 3K9, Canada",53.4609439,-113.5363895
0032418477,COND,Edmonton,Inglewood,309 11735 124 Street,S,65000,T5M 0L1,2024-04-03,70000,E4378591,11,599.23,55.67,4,1,1,1,0,1.0,N,1970,APART,W,0.0,N,0,Stall,Hamilton House,FRAME,"Ceramic Tile, Laminate Flooring",108.47,1,11,11,11,NBASE,No,116.82,107.69,70000,116.82,Century 21 Smart Realty,Century 21 Masters,,,58.22,0724494,"309 11735 124 Street, Edmonton, Alberta, Canada",,,
31010945,COND,Edmonton,Royal Gardens,101 11446 40 Avenue,S,229900,T6J 0R5,2009-12-10,225000,E3205670,15,947.22,88.0,5,2,2,2,0,2.0,Y,2004,APART,N,0.0,Y,1,"Heated, Underground",Nova Place,FRAME,"Carpet, Ceramic Tile",242.71,1,76,74,15,,Yes,237.54,97.87,225000,237.54,RE/MAX Accord,RE/MAX Real Estate,316,,6.87,421376,"101 11446 40 Avenue, Edmonton, Alberta, Canada",,,
10754471,DUPLEX,Edmonton,Killarney,9539-9541 129B Avenue,S,437500,T5E 0P7,2025-01-03,410500,E4414786,36,1627.93,151.24,6,4,4,2,0,2.0,N,1962,BUNG,N,0.0,N,0,See Remarks,,FRAME,"Carpet, Ceramic Tile, Hardwood",268.75,1,36,36,36,U-FIN,No,252.16,93.83,410500,252.16,REALTORS? Association of Edmonton,Exp Realty,36,11,578.05,4738KS,"9539-9541 129B Avenue, Edmonton, Alberta, Canada",,,
30693097,SF,Edmonton,Chambery,10612 180 Avenue,S,286880,T5X 6J8,2006-03-06,286880,E3050742,20,1867.97,173.54,6,3,3,2,1,2.1,Y,2006,ST2,S,0.0,Y,2,Double Garage Attached,,FRAME,"Carpet, Hardwood",153.58,2,20,19,19,U-FIN,Yes,153.58,100.0,286880,153.58,RE/MAX Real Estate,RE/MAX Real Estate,100,38,406.0,425257,"10612 180 Avenue, Edmonton, Alberta, Canada","180 Avenue NW, Elsinore, Castle Downs, Edmonton, Alberta, T5X 0M6, Canada",53.6428075,-113.4982276
13862081,SF,Edmonton,Balwin,12602 69 Street NW,S,98900,T5C 0G8,2003-10-10,88500,E2326149,4,776.08,72.1,4,2,4,2,0,2.0,N,1952,BUNG,E,13.6,N,1,"Over Sized, Single Garage Detached",,FRAME,"Carpet, Linoleum",127.44,2,91,88,4,F-FIN,No,114.04,89.48,88500,114.04,MaxWell Polaris,Royal Lepage Arteam Realty,B,N,0.0,347HW,"12602 69 Street NW, Edmonton, Alberta, Canada","12602, 69 Street NW, Balwin, Northern Mature Area, Edmonton, Alberta, T5B 0J5, Canada",53.5841029,-113.4476996
36022408,COND,Edmonton,Laurel,302 3353 16A Avenue,S,179900,T6T 0X4,2020-10-08,173500,E4212056,31,838.94,77.94,5,2,2,2,0,2.0,Y,2013,APART,N,0.0,N,1,"Heated, Stall, Underground",Elements At Laurel Crossing The,FRAME,"Laminate Flooring, Wall to Wall Carpet",214.44,1,31,31,31,NBASE,No,206.81,96.44,173500,206.81,RE/MAX River City,RE/MAX Elite,,,90.58,1420370,"302 3353 16A Avenue, Edmonton, Alberta, Canada",,,
17834912,SF,Edmonton,Mckernan,10988 72 Avenue,S,379900,T6G 0A9,2010-03-17,372500,E3213791,11,934.31,86.8,4,2,3,2,0,2.0,N,1950,ST1.5,S,0.0,Y,1,"Over Sized, Single Garage Detached, See Remarks",,FRAME,"Carpet, Hardwood, Linoleum",406.61,2,11,11,11,F-FIN,Yes,398.69,98.05,372500,398.69,Sterling Real Estate,RE/MAX Real Estate,29,45,531.77,743HW,"10988 72 Avenue, Edmonton, Alberta, Canada","10988, 72 Avenue NW, McKernan, Greater Strathcona, Edmonton, Alberta, T6H 3B9, Canada",53.5086864,-113.5161765
28983294,SF,Edmonton,Breckenridge Greens,1455 BRECKENRIDGE Drive,S,504900,T5T 6R7,2014-06-14,495000,E3374295,37,1864.31,173.2,8,3,4,3,1,3.1,Y,2001,ST2,NW,0.0,Y,0,"Double Garage Attached, Insulated",,FRAME,"Carpet, Ceramic Tile, Hardwood",270.82,3,37,36,36,F-FIN,Yes,265.51,98.04,495000,265.51,Liv Real Estate,Coldwell Banker Venture Realty,19,49,0.0,124006,"1455 BRECKENRIDGE Drive, Edmonton, Alberta, Canada","Breckenridge Drive NW, Breckenridge Greens, Lewis Estates, Lewis Farms, Edmonton, Alberta, T5T 7C6, Canada",53.5141388,-113.6861462
12255908,COND,Edmonton,Strathcona,322 8604 GATEWAY Boulevard,S,107900,T6E 4B6,2006-05-30,107900,E3059120,6,667.36,62.0,4,1,1,1,0,1.0,N,1972,APART,N,0.0,N,0,,Melrose Place,FRAME,"Carpet, Linoleum",161.68,1,6,3,3,NBASE,No,161.68,100.0,107900,161.68,REALTYi GROUP,REALTYi GROUP,,63,53.2,8923337,"322 8604 GATEWAY Boulevard, Edmonton, Alberta, Canada",,,
16915879,SF,Edmonton,Bellevue,11647 71 Street,S,249900,T5B 1W3,2012-09-01,228400,E3312599,20,1171.11,108.8,5,3,3,2,0,2.0,N,1955,BUNG,W,0.0,N,2,Double Garage Detached,,FRAME,"Carpet, Hardwood, Linoleum",213.39,2,20,16,16,F-FIN,Yes,195.03,91.4,228400,195.03,Century 21 Platinum Realty,RE/MAX Real Estate,24,12,575.69,1188HW,"11647 71 Street, Edmonton, Alberta, Canada",,,
17333592,DUPLEX,Edmonton,Canora,10152 152 Street,S,399900,T5P 1X9,2006-10-05,400000,E3069296,25,1264.76,117.5,6,3,5,3,0,3.0,Y,2006,BLEVL,E,11.06,N,0,Double Garage Detached,,FRAME,"Carpet, Ceramic Tile, Linoleum",316.19,2,25,21,21,REMKS,Yes,316.27,100.03,400000,316.27,Realty Executives North Star,Economy Real Estate Ltd,39,B,499.29,4792KS,"10152 152 Street, Edmonton, Alberta, Canada",,,
0015911183,SF,Edmonton,Rio Terrace,15507 76 Avenue,S,419000,T5R 3A4,2023-06-14,405000,E4341786,25,1198.78,111.37,6,3,5,1,1,1.1,N,1965,BLEVL,N,0.0,N,1,"Over Sized, Single Garage Detached",,FRAME,"Carpet, Linoleum",349.52,2,251,249,24,F-FIN,Yes,337.84,96.66,405000,337.84,Liv Real Estate,RE/MAX Excellence,8,2A,0.0,7095MC,"15507 76 Avenue, Edmonton, Alberta, Canada","15507, 76 Avenue NW, Rio Terrace Neighbourhood, Greater Rio Terrace, Jasper Place, Edmonton, Alberta, T5R 1R7, Canada",53.5077738,-113.589459
14424261,SF,Edmonton,Glenora,12904 102 Avenue NW,S,429000,T5N 0M7,2000-07-20,400000,E2011509,57,3164.59,294.0,7,3,4,3,0,3.0,N,1918,ST2.5,S,27.4,Y,2,"Double Garage Attached, Front Drive Access, Parking Pad Cement/Paved",,FRAME,"Hardwood, Linoleum, Wall to Wall Carpet",135.56,3,57,56,56,F-FIN,Yes,126.4,93.24,400000,126.4,MLS NonMember Add Listing,Royal Lepage Noralta Real Estate,119,16,0.0,2803AF,"12904 102 Avenue NW, Edmonton, Alberta, Canada","12904, 102 Avenue NW, Glenora, Western Mature Area, Edmonton, Alberta, T5N 0M3, Canada",53.5433641,-113.544358
0015261878,SF,Edmonton,Prince Charles,12027 127 Street,S,219000,T5L 4Z4,2024-12-17,210000,E4414432,25,742.71,69.0,4,2,2,1,0,1.0,N,1949,BUNG,W,0.0,N,0,"Rear Drive Access, RV Parking, Single Garage Detached",,FRAME,"Ceramic Tile, Laminate Flooring",294.87,1,25,25,25,U-FIN,Yes,282.75,95.89,210000,282.75,REALTORS? Association of Edmonton,1st Choice Realty Edmonton Ltd.,18,14,537.25,RN64,"12027 127 Street, Edmonton, Alberta, Canada","12027, 127 Street NW, Prince Charles, Western Mature Area, Edmonton, Alberta, T5L 2K6, Canada",53.5745383,-113.5408613
27173856,COND,Edmonton,Twin Brooks,17 11717 9B Avenue,S,299900,T6J 7B7,2017-05-12,288888,E4052638,76,1063.04,98.76,5,2,3,3,0,3.0,Y,1998,BLEVL,N,0.0,Y,1,Single Garage Attached,Village Green,FRAME,"Carpet, Hardwood, Linoleum",282.11,2,76,73,73,F-FIN,Yes,271.76,96.33,288888,271.76,Homes & Gardens Real Estate Limited,RE/MAX Real Estate,,,0.0,9723154,"17 11717 9B Avenue, Edmonton, Alberta, Canada",,,
11624715,COND,Edmonton,Britannia Youngstown,139 CENTENNIAL Crest,S,95900,T5P 4H5,2005-02-23,98650,E3016631,89,1057.01,98.2,6,3,3,1,0,1.0,N,1973,ST2,N,0.0,N,0,Stall,Centennial Ct,FRAME,"Carpet, Linoleum",90.73,2,89,87,87,U-FIN,No,93.33,102.87,98650,93.33,MaxWell Devonshire Realty,MaxWell Challenge Realty,,40,236.8,8223254,"139 CENTENNIAL Crest, Edmonton, Alberta, Canada",,,
25823618,COND,Edmonton,Keheewin,309 10915 21 Avenue,S,295000,T6J 6X2,2008-12-08,282000,E3167388,30,1184.03,110.0,6,2,2,2,0,2.0,Y,1993,APART,W,0.0,N,1,"Front Drive Access, Heated, On Street, Stall, Underground",Heritage Grand West,FRAME,"Carpet, Linoleum",249.15,1,202,201,30,REMKS,Yes,238.17,95.59,282000,238.17,Royal Lepage Noralta Real Estate,MaxWell Polaris,,,94.7,9323438,"309 10915 21 Avenue, Edmonton, Alberta, Canada",,,
23234917,SF,Edmonton,Matt Berry,6328 159 Avenue NW,S,186918,T5Y 2P2,2002-03-25,181000,E2203596,27,1302.43,121.0,6,3,5,3,0,3.0,N,1993,BLEVL,S,14.8,Y,2,Double Garage Attached,,FRAME,"Carpet, Linoleum",143.51,1,27,25,25,F-FIN,Yes,138.97,96.83,181000,138.97,RE/MAX Excellence,Royal Lepage Noralta Real Estate,6,4,0.0,9222348,"6328 159 Avenue NW, Edmonton, Alberta, Canada","159 Avenue NW, Beaumaris, Castle Downs, Edmonton, Alberta, T5X 6C3, Canada",53.6201271,-113.5147845
24458424,SF,Edmonton,Kernohan,257 RIVER Point(e),S,299900,T5A 4Z3,2013-11-12,295000,E3334319,202,1579.06,146.7,7,3,4,2,0,2.0,N,1993,SPLT2,NW,0.0,N,0,Double Garage Detached,,FRAME,"Carpet, Linoleum",189.92,3,202,202,202,F-FIN,Yes,186.82,98.37,295000,186.82,Sterling Real Estate,Royal Lepage Arteam Realty,37,214,346.95,9320397,"257 RIVER Point(e), Edmonton, Alberta, Canada",,,
34660647,DUPLEX,Edmonton,Windermere,1042 177A Street SW,S,424800,T6W 2A1,2024-02-07,420000,E4371005,12,1492.63,138.67,7,3,4,3,1,3.1,Y,2011,ST2,E,0.0,N,0,Single Garage Attached,,FRAME,"Carpet, Hardwood, Laminate Flooring",284.6,3,12,12,12,F-FIN,Yes,281.38,98.87,420000,281.38,Manhattan Realty Inc,MaxWell Challenge Realty,3,10,0.0,1120537,"1042 177A Street SW, Edmonton, Alberta, Canada",,,
10587575,DUPLEX,Edmonton,Killarney,12732 83 Street NW,S,244900,T5E 2V8,2014-12-20,233000,E3396930,13,1004.59,93.33,5,3,3,1,0,1.0,N,1964,BUNG,E,0.0,N,1,"Rear Drive Access, Single Garage Detached",,FRAME,"Carpet, Linoleum",243.78,2,13,13,13,P-FIN,Yes,231.93,95.14,233000,231.93,RE/MAX Real Estate,RE/MAX Professionals,2,9A,0.0,8220061,"12732 83 Street NW, Edmonton, Alberta, Canada",,,
13241922,SF,Edmonton,Alberta Avenue,11541 94 Street,S,194900,T5G 1H6,2006-06-27,200000,E3061039,20,2012.85,187.0,8,4,4,2,0,2.0,N,1923,ST2.5,W,0.0,N,1,Single Garage Detached,,FRAME,"Carpet, Hardwood, Linoleum",96.83,3,20,19,19,U-FIN,Yes,99.36,102.62,200000,99.36,RE/MAX River City,Realty Executives North Star,36,13,367.78,RN43,"11541 94 Street, Edmonton, Alberta, Canada",,,
31747280,SF,Edmonton,Secord,21759 94A Avenue,S,448888,T5T 1N1,2014-01-26,440000,E3359996,13,1723.3,160.1,7,3,3,3,1,3.1,Y,2007,ST2,N,0.0,Y,0,Double Garage Attached,,FRAME,"Carpet, Hardwood, Non-Ceramic Tile",260.48,3,13,13,13,F-FIN,Yes,255.32,98.02,440000,255.32,RE/MAX Excellence,MaxWell Polaris,2,38,381.67,623165,"21759 94A Avenue, Edmonton, Alberta, Canada",,,
25912403,COND,Edmonton,Downtown,206 10330 104 Street,S,499800,T5J 1C2,2020-12-16,467500,E4221131,16,1708.23,158.7,5,2,2,2,0,2.0,Y,1951,LOFT,E,0.0,N,1,Underground,Excelsior Loft,CONCR,"Carpet, Ceramic Tile, Hardwood",292.58,2,158,158,16,NBASE,No,273.67,93.54,467500,273.67,YEGPro Realty,RE/MAX Real Estate,,,0.0,9420457,"206 10330 104 Street, Edmonton, Alberta, Canada",,,
11374600,COND,Edmonton,Meyonohk,80 2703 79 Street NW,S,150000,T6K 3Z6,2018-04-27,147500,E4096203,74,1041.84,96.79,5,2,2,1,0,1.0,N,1982,BUNG,NE,0.0,Y,0,Stall,Emerald Place III,FRAME,"Carpet, Laminate Flooring, Linoleum",143.98,1,74,74,74,NBASE,No,141.58,98.33,147500,141.58,RE/MAX Real Estate,RE/MAX Real Estate,,,250.98,8421293,"80 2703 79 Street NW, Edmonton, Alberta, Canada",,,
11384872,COND,Edmonton,Sweet Grass,17 11255 31 Avenue,S,136000,T6J 3V6,2010-05-06,129000,E3214917,53,801.91,74.5,5,2,2,1,0,1.0,N,1977,APART,E,0.0,N,0,,Fairways South,FRAME,Laminate Flooring,169.59,1,53,53,53,,No,160.87,94.85,129000,160.87,RE/MAX Real Estate,MaxWell Polaris,,,150.96,8420001,"17 11255 31 Avenue, Edmonton, Alberta, Canada",,,
14956338,SF,Edmonton,Dunluce,11716 158 Avenue,S,299900,T5X 2K4,2015-06-05,298000,E3415568,24,1297.7,120.56,6,3,3,2,0,2.0,Y,1976,BUNG,S,0.0,Y,0,"On Street, Parking Pad Cement/Paved",,FRAME,"Carpet, Linoleum",231.1,1,24,24,24,U-FIN,No,229.64,99.37,298000,229.64,Century 21 Platinum Realty,Century 21 Vantage Realty Ltd,46,29,656.03,7521650,"11716 158 Avenue, Edmonton, Alberta, Canada","11716, 158 Avenue NW, Dunluce, Castle Downs, Edmonton, Alberta, T5X 4M6, Canada",53.6201942,-113.5247698
16678377,SF,Edmonton,Idylwylde,7908 82 Avenue NW,S,299900,T6C 0Y2,2009-11-23,299900,E3202441,40,858.96,79.8,4,2,4,2,0,2.0,N,1954,BUNG,S,0.0,N,1,Single Garage Detached,,FRAME,"Carpet, Carpet Over Hardwood, Linoleum",349.14,2,40,40,40,F-FIN,No,349.14,100.0,299900,349.14,Century 21 Platinum Realty,Macdonald Realty S W Edmonton,47,14,0.0,5651HW,"7908 82 Avenue NW, Edmonton, Alberta, Canada","7908, 82 Avenue NW, Idylwylde, Edmonton, Alberta, T6C 2N8, Canada",53.5183276,-113.4495161
11558419,COND,Edmonton,Blue Quill,25 11111 26 Avenue NW,S,274900,T6J 5M7,2010-06-23,270000,E3226626,22,1114.06,103.5,6,3,3,1,1,1.1,N,1982,ST2,S,0.0,Y,0,Stall,Shaughnessy Est,FRAME,"Carpet, Ceramic Tile, Laminate Flooring",246.75,2,22,22,22,U-FIN,No,242.36,98.22,270000,242.36,Century 21 A.L.L. Stars Realty Ltd,RE/MAX River City,25,,270.73,8222648,"25 11111 26 Avenue NW, Edmonton, Alberta, Canada",,,
11869956,COND,Edmonton,Minchau,4705 35 Avenue,S,279900,T6L 3P8,2007-06-14,279000,E3095765,13,1112.99,103.4,6,3,3,1,1,1.1,N,1981,ST2,N,0.0,N,0,Stall,Sandringham,FRAME,"Carpet, Linoleum",251.49,2,13,12,12,P-FIN,No,250.68,99.68,279000,250.68,Sutton Premiere Real Estate,RE/MAX Advantage,27,,244.53,8121626,"4705 35 Avenue, Edmonton, Alberta, Canada","4705, 35 Avenue NW, Minchau, Ridgewood, Mill Woods, Edmonton, Alberta, T6L 6P5, Canada",53.4653032,-113.4127783
13839105,SF,Edmonton,Oliver,11211 99 Avenue,S,199900,T5K 0G9,2013-05-21,190000,E3332155,44,641.53,59.6,4,2,2,1,0,1.0,N,1925,ST1.5,N,0.0,N,0,,,FRAME,"Carpet, Hardwood",311.6,2,44,43,43,U-FIN,No,296.17,95.05,190000,296.17,RE/MAX Elite,RE/MAX Elite,12,81,115.17,NB,"11211 99 Avenue, Edmonton, Alberta, Canada","11211, 99 Avenue NW, Government Centre, Central Core, Edmonton, Alberta, T5K 1R5, Canada",53.5371354,-113.5145492
0011417954,SF,Edmonton,Kensington,13524 117 Street,S,380000,T5E 5K6,2022-04-04,373000,E4282476,17,1323.96,123.0,6,3,3,1,1,1.1,N,1963,ST2,W,17.7,N,0,"Double Garage Detached, Off Street, Single Carport",,FRAME,"Carpet, Hardwood, Linoleum",287.02,3,38,38,17,F-FIN,Yes,281.73,98.16,373000,281.73,Royal Lepage Arteam Realty,RE/MAX Elite,24,22,765.65,4124MC,"13524 117 Street, Edmonton, Alberta, Canada","13524, 117 Street NW, Kensington, Northern Mature Area, Edmonton, Alberta, T5E 5N1, Canada",53.597371,-113.5235323
25512949,COND,Edmonton,Beaumaris,406 15499 CASTLE DOWNS Road,S,210000,T5X 5Y3,2021-11-30,205000,E4268491,28,1366.69,126.97,5,2,2,2,0,2.0,Y,1992,APRTM,W,0.0,Y,0,"Double Garage Attached, Heated, Insulated, Tandem",Beaumaris On The Lk,FRAME,"Carpet, Ceramic Tile, Linoleum",153.66,2,28,28,28,NBASE,Yes,150.0,97.62,205000,150.0,MaxWell Challenge Realty,RE/MAX River City,,,135.89,9322461,"406 15499 CASTLE DOWNS Road, Edmonton, Alberta, Canada",,,
37810950,DUPLEX,Edmonton,Desrochers Area,2885 DUKE Crescent,S,464000,T6W 3Y4,2025-05-09,464000,E4434274,7,1574.44,146.27,10,3,3,2,1,2.1,Y,2018,ST2,E,0.0,N,0,Double Garage Attached,,FRAME,"Carpet, Vinyl Plank",294.71,2,11,11,7,U-FIN,Yes,294.71,100.0,464000,294.71,Exp Realty,Exp Realty,12,38,338.84,1723641,"2885 DUKE Crescent, Edmonton, Alberta, Canada","Duke Crescent SW, Desrochers, Heritage Valley, Edmonton, Alberta, T6W 3J4, Canada",53.3964754,-113.5554405
0030054175,SF,Edmonton,Terwillegar Towne,3032 TRELLE Crescent,S,389800,T6R 3M8,2023-07-25,397800,E4350539,7,1179.62,109.59,6,3,3,2,1,2.1,N,2004,ST2,S,0.0,N,0,Double Garage Detached,,FRAME,"Carpet, Ceramic Tile, Vinyl Plank",330.45,3,7,7,7,F-FIN,Yes,337.23,102.05,397800,337.23,Mozaic Realty Group,MaxWell Polaris,25,7,306.1,0324296,"3032 TRELLE Crescent, Edmonton, Alberta, Canada","3032, Trelle Crescent NW, Terwillegar Towne, Terwillegar Community, Terwillegar Heights, Edmonton, Alberta, T6R 2W8, Canada",53.454082,-113.5865908
0012001269,COND,Edmonton,Oliver,804 12121 JASPER Avenue,S,119900,T5N 3X7,2023-01-16,117500,E4317511,90,707.73,65.75,4,1,1,1,0,1.0,N,1975,APART,N,0.0,N,1,Underground,Top Of The Valley,CONCR,Laminate Flooring,169.42,1,90,90,90,NBASE,No,166.02,98.0,117500,166.02,Exp Realty,RE/MAX River City,,,18.97,8122243,"804 12121 JASPER Avenue, Edmonton, Alberta, Canada",,,
27598680,SF,Edmonton,Mayliewan,16432 81 Street,S,359900,T5Z 3J4,2006-06-15,355000,E3059690,18,1262.61,117.3,5,3,4,3,0,3.0,Y,2000,BLEVL,E,0.0,Y,2,Double Garage Attached,,FRAME,"Carpet, Ceramic Tile, Hardwood",285.05,2,18,17,17,F-FIN,Yes,281.16,98.64,355000,281.16,Royal Lepage Arteam Realty,RE/MAX River City,85,8,440.1,9824170,"16432 81 Street, Edmonton, Alberta, Canada","81 Street NW, Holyrood, Edmonton, Alberta, T6C 2T1, Canada",53.5339435,-113.4514341
16158719,COND,Edmonton,Beaumaris,314 15503 106 Street,S,239900,T5X 5W7,2007-05-07,232000,E3084118,51,673.93,62.61,4,1,1,1,0,1.0,N,1990,APART,W,0.0,N,0,Stall,Beaumaris Lake Estate,FRAME,"Carpet, Laminate Flooring, Linoleum",355.97,1,51,47,47,,No,344.25,96.71,232000,344.25,Royal Lepage Noralta Real Estate,Century 21 Royal Real Estate,,,0.0,9023488,"314 15503 106 Street, Edmonton, Alberta, Canada",,,
18565269,SF,Edmonton,Jamieson Place,5715 190a Street,S,468900,T6M 2L3,2021-05-08,465000,E4241080,9,1854.84,172.32,6,3,5,3,1,3.1,Y,1993,ST2,W,0.0,Y,2,Double Garage Attached,,FRAME,"Carpet, Hardwood, Non-Ceramic Tile",252.8,3,9,9,9,F-FIN,Yes,250.7,99.17,465000,250.7,RE/MAX Excellence,Century 21 Masters,30,31,459.68,9121750,"5715 190a Street, Edmonton, Alberta, Canada","190A Street NW, Jamieson Place, Willowby, West Jasper Place, Edmonton, Alberta, T6M 2L2, Canada",53.485512,-113.65312
0019833888,SF,Edmonton,Eastwood,11950 77 Street,S,189800,T5B 2G4,2024-06-05,175000,E4367146,175,698.58,64.9,5,2,2,1,0,1.0,N,1946,ST1.5,E,10.1,N,0,No Garage,,FRAME,Carpet,271.7,1,276,276,175,U-FIN,No,250.51,92.2,175000,250.51,Exp Realty,RE/MAX Elite,9,47,369.27,2436AB,"11950 77 Street, Edmonton, Alberta, Canada","11950, 77 Street NW, Eastwood, Avenue District, Edmonton, Alberta, T5B 2C9, Canada",53.5731654,-113.4596748
0037259892,COND,Edmonton,Griesbach,306 504 GRIESBACH Parade,S,249900,T5E 6V9,2022-05-02,237000,E4278792,67,878.44,81.61,4,2,2,2,0,2.0,Y,2016,APART,W,0.0,N,0,"Heated, Parkade, Stall, Underground",Valour Condominiums,FRAME,"Carpet, Laminate Flooring",284.48,4,67,67,67,NBASE,No,269.8,94.84,237000,269.8,2% Realty Pro,2% Realty Pro,,,58.86,1621300,"306 504 GRIESBACH Parade, Edmonton, Alberta, Canada",,,
0031605364,COND,Edmonton,Ellerslie,421 151 EDWARDS Drive,S,130000,T6X 1N5,2023-09-13,145000,E4353277,36,854.65,79.4,5,2,2,2,0,2.0,Y,2005,APART,E,0.0,N,0,Stall,Park Place Ellerslie Crossing,FRAME,"Laminate Flooring, Linoleum, Wall to Wall Carpet",152.11,1,36,36,36,NBASE,No,169.66,111.54,145000,169.66,Grassroots Realty Group,RE/MAX Elite,,,62.16,0621161,"421 151 EDWARDS Drive, Edmonton, Alberta, Canada",,,
0011608726,COND,Edmonton,Crawford Plains,17 1411 MILL WOODS Road E,S,210000,T6L 4T3,2024-07-11,220500,E4393116,24,1153.89,107.2,6,3,3,2,1,2.1,N,1981,ST2,W,0.0,N,0,Parking Pad Cement/Paved,Torbay Point,FRAME,"Carpet, Laminate Flooring, Linoleum",181.99,3,24,24,24,F-FIN,No,191.09,105.0,220500,191.09,Century 21 Urban Realty,Century 21 Quantum Realty,,,248.44,8220767,"17 1411 MILL WOODS Road E, Edmonton, Alberta, Canada",,,
17640384,SF,Edmonton,Beacon Heights,3406 119a Avenue,S,290000,T5W 1J9,2014-05-02,290000,E3370130,19,935.38,86.9,2,2,3,2,0,2.0,Y,1958,BUNG,S,0.0,N,0,Double Garage Detached,,FRAME,"Carpet, Laminate Flooring, Linoleum",310.03,2,19,19,19,F-FIN,Yes,310.03,100.0,290000,310.03,Royal Lepage Arteam Realty,RE/MAX Real Estate,32,9,0.0,4467ks,"3406 119a Avenue, Edmonton, Alberta, Canada","3406, 119A Avenue NW, Beacon Heights, Beverly, Edmonton, Alberta, T5W 0Z4, Canada",53.5728009,-113.393951
16374498,SF,Edmonton,Rio Terrace,7506 152 Street,S,430000,T5R 1K5,2019-05-17,495000,E4156314,7,984.9,91.5,5,2,4,2,0,2.0,N,1961,SPLT4,NE,0.0,N,2,Double Garage Detached,,FRAME,"Carpet, Ceramic Tile, Hardwood",436.59,4,7,7,7,F-FIN,Yes,502.59,115.12,495000,502.59,Liv Real Estate,Realty Executives Encore,7,2,817.15,6253KS,"7506 152 Street, Edmonton, Alberta, Canada","152 Street NW, Jasper Park, Lynnwood, Jasper Place, Edmonton, Alberta, T5R 1P1, Canada",53.5182029,-113.5824058
11722759,SF,Edmonton,Kilkenny,6715 152B Avenue NW,S,169900,T5C 3N9,2002-01-21,168000,E2200355,14,1260.45,117.1,6,3,5,2,1,2.1,N,1983,BUNG,N,14.1,N,2,"Double Garage Detached, Insulated",,FRAME,"Ceramic Tile, Linoleum",134.79,1,82,79,12,F-FIN,Yes,133.29,98.88,168000,133.29,Royal Lepage Arteam Realty,Royal Lepage Arteam Realty,29,78,0.0,8121527,"6715 152B Avenue NW, Edmonton, Alberta, Canada","6715, 152B Avenue NW, Kilkenny, Londonderry, Northern Mature Area, Edmonton, Alberta, T5C 3E5, Canada",53.6143664,-113.4441995
16726762,SF,Edmonton,Delwood,13231 68 Street,S,279900,T5C 0G1,2014-02-28,267000,E3358160,86,905.14,84.09,6,3,4,2,0,2.0,Y,1964,BUNG,W,0.0,N,0,Double Garage Detached,,FRAME,"Carpet, Laminate Flooring, Linoleum",309.24,2,147,147,86,F-FIN,Yes,294.98,95.39,267000,294.98,Coldwell Banker Venture Realty,RE/MAX Excellence,3,40,559.78,5587MC,"13231 68 Street, Edmonton, Alberta, Canada",,,
25206202,SF,Edmonton,Hollick-kenyon,5752 162 Avenue,S,359900,T5Y 2T1,2015-10-06,330000,E3417297,133,1118.05,103.87,4,2,3,1,1,1.1,N,1996,SPLT4,S,0.0,N,2,No Garage,,FRAME,"Carpet, Ceramic Tile, Hardwood",321.9,3,133,133,133,U-FIN,No,295.16,91.69,330000,295.16,REALTORSÂ® Association of Edmonton,Comfree Commonsense Network,39,10,431.04,9321679,"5752 162 Avenue, Edmonton, Alberta, Canada",,,
17436981,SF,Edmonton,Killarney,13007 86 Street NW,S,159000,,2001-10-01,152000,E2117000,65,1222.78,113.6,5,3,5,2,1,2.1,N,1967,BUNG,W,14.6,N,2,"Double Garage Detached, RV Parking",,FRAME,"Linoleum, Wall to Wall Carpet",130.03,2,65,63,63,REMKS,Yes,124.31,95.6,152000,124.31,Realty Executives - Masters,Realty Executives - Masters,23,2,0.0,4651KS,"13007 86 Street NW, Edmonton, Alberta, Canada",,,
13127014,COND,Edmonton,Meyokumin,6048 Mill Woods Road S,S,218854,T6L 1N5,2016-07-26,215900,E4027707,27,994.8,92.42,5,3,3,1,1,1.1,N,1978,ST2,E,0.0,Y,0,"Single Carport, Stall",Erindale Place,FRAME,"Carpet, Laminate Flooring, Linoleum",220.0,2,27,27,27,U-FIN,No,217.03,98.65,215900,217.03,RE/MAX Real Estate,Coldwell Banker Haida Realty,,,0.0,7920483,"6048 Mill Woods Road S, Edmonton, Alberta, Canada",,,
0035591461,SF,Edmonton,Edgemont,5711 EDWORTHY Landing,S,810000,T6M 0P2,2024-01-19,786000,E4368592,18,2940.91,273.22,7,3,3,2,1,2.1,Y,2015,ST2,N,0.0,Y,2,"Double Garage Attached, Front Drive Access, Insulated, Over Sized, See Remarks",,FRAME,"Carpet, Ceramic Tile, Hardwood",275.42,2,94,94,18,U-FIN,Yes,267.26,97.04,786000,267.26,Initia Real Estate,Initia Real Estate,15,19,777.79,1320806,"5711 EDWORTHY Landing, Edmonton, Alberta, Canada",,,
28967487,SF,Edmonton,Miller,15105 MILLER Boulevard,S,348000,T5Y 3A1,2009-10-13,346000,E3198678,42,1065.63,99.0,5,2,4,2,0,2.0,Y,2001,BLEVL,W,10.41,Y,2,"Double Garage Attached, Heated, Insulated",,FRAME,"Carpet, Laminate Flooring, Linoleum",326.57,2,42,41,41,F-FIN,Yes,324.69,99.43,346000,324.69,RE/MAX Accord,Century 21 A.L.L. Stars Realty Ltd,13,10,353.64,123761,"15105 MILLER Boulevard, Edmonton, Alberta, Canada",,,
19069442,SF,Edmonton,Prince Rupert,11706 113 Avenue,S,374500,T5G 0J8,2007-12-31,348000,E3099665,189,896.63,83.3,5,2,3,2,0,2.0,N,1952,BUNG,S,20.13,Y,1,"Insulated, Over Sized, Rear Drive Access, Single Carport, Single Garage Detached",,FRAME,"Ceramic Tile, Hardwood, Wall to Wall Carpet",417.67,2,189,189,189,REMKS,Yes,388.12,92.92,348000,388.12,RE/MAX Real Estate Centre,RE/MAX Real Estate,18A,28,702.49,3453HW,"11706 113 Avenue, Edmonton, Alberta, Canada","11706, 113 Avenue NW, Prince Rupert, Western Mature Area, Edmonton, Alberta, T5G 3E8, Canada",53.5634925,-113.5241622
0030014302,SF,Edmonton,Haddow,2170 HADDOW Drive,S,519900,T6R 3M6,2024-02-14,525800,E4372664,5,1898.75,176.4,8,3,4,2,1,2.1,Y,2004,ST2,N,0.0,Y,0,Double Garage Attached,,FRAME,"Carpet, Hardwood, Linoleum",273.81,3,5,5,5,F-FIN,Yes,276.92,101.13,525800,276.92,MaxWell Polaris,Century 21 Masters,19,5,410.54,0323958,"2170 HADDOW Drive, Edmonton, Alberta, Canada","Haddow Drive NW, Terwillegar Towne, Terwillegar Community, Terwillegar Heights, Edmonton, Alberta, T6R 2W8, Canada",53.450571,-113.5879008
30514989,DUPLEX,Edmonton,Hollick-kenyon,16412 56 Street,S,293800,T5Y 3L3,2019-02-22,285000,E4132626,133,1097.92,102.0,6,3,3,1,1,1.1,N,2004,ST2,E,0.0,N,1,Single Garage Attached,,FRAME,"Carpet, Laminate Flooring",267.6,3,263,263,133,F-FIN,Yes,259.58,97.0,285000,259.58,RE/MAX Elite,Re/Max Select,52,41,0.0,423249,"16412 56 Street, Edmonton, Alberta, Canada","56 Street NW, Fulton Place, Greater Hardisty, Edmonton, Alberta, T6A 2J2, Canada",53.5460126,-113.4231344
0012831939,SF,Edmonton,Ermineskin,2421 107 Street,S,310000,T6J 5N5,2021-12-15,300000,E4269748,30,1300.39,120.81,6,3,3,1,1,1.1,Y,1981,ST2,W,10.5,Y,0,"2 Outdoor Stalls, On Street, RV Parking",,FRAME,"Hardwood, Laminate Flooring, Linoleum",238.39,3,30,30,30,F-FIN,No,230.7,96.77,300000,230.7,RE/MAX Excellence,RE/MAX River City,30,30A,483.69,7921044,"2421 107 Street, Edmonton, Alberta, Canada","2421, 107 Street NW, Ermineskin, Kaskitayo, Edmonton, Alberta, T6J 7B5, Canada",53.4554818,-113.5047236
0039560363,SF,Edmonton,Secord,9396 221 Street,S,489900,T5T 4A8,2024-08-14,485000,E4387023,94,1637.94,152.17,7,3,3,2,1,2.1,Y,2024,ST2,W,0.0,N,2,Double Garage Detached,,FRAME,"Carpet, Laminate Flooring, Non-Ceramic Tile",299.09,2,94,94,94,U-FIN,No,296.1,99.0,485000,296.1,MaxWell Polaris,Century 21 All Stars Realty Ltd,32,54,0.0,2321606,"9396 221 Street, Edmonton, Alberta, Canada","221 Street NW, Secord, Lewis Farms, Edmonton, Alberta, T5T 5X8, Canada",53.5347153,-113.6973849
0038928644,SF,Edmonton,Crystallina Nera West,17748 73 Street,S,574998,T5Z 0V8,2025-03-27,559000,E4421060,44,2141.48,198.95,7,3,3,2,1,2.1,Y,2022,ST2,E,0.0,N,0,Double Garage Attached,,FRAME,"Carpet, Vinyl Plank",268.51,2,184,184,44,U-FIN,Yes,261.03,97.22,559000,261.03,Sable Realty,Exp Realty,10,57,0.0,2121901,"17748 73 Street, Edmonton, Alberta, Canada","73 Street NW, Ekota, Knottwood, Mill Woods, Edmonton, Alberta, T6K 2P5, Canada",53.4489555,-113.4444933
10921807,COND,Edmonton,Ormsby Place,6439 180 Street,S,102900,T5T 2P3,2005-06-27,101250,E3033660,11,570.49,53.0,3,0,3,1,0,1.0,N,1978,BLEVL,E,0.0,N,0,,Tanglewood,FRAME,"Linoleum, Wall to Wall Carpet",180.37,2,11,10,10,F-FIN,No,177.48,98.4,101250,177.48,MaxWell Challenge Realty,MaxWell Challenge Realty,67,,247.2,8821499,"6439 180 Street, Edmonton, Alberta, Canada","6439, 180 Street NW, Ormsby Place, Willowby, West Jasper Place, Edmonton, Alberta, T5T 1Z1, Canada",53.5005845,-113.6331851
0016217234,SF,Edmonton,Delwood,13527 67 Street,S,434900,T5C 0C6,2025-05-17,435000,E4435252,9,1234.83,114.72,7,3,5,3,0,3.0,Y,1967,BUNG,W,0.0,N,2,Double Garage Detached,,FRAME,Vinyl Plank,352.19,2,9,9,9,F-FIN,Yes,352.27,100.02,435000,352.27,MaxWell Polaris,Exp Realty,1,49,638.6,6338MC,"13527 67 Street, Edmonton, Alberta, Canada","13527, 67 Street NW, Delwood, Northern Mature Area, Edmonton, Alberta, T5C 2A7, Canada",53.5974331,-113.4442256
14995212,SF,Edmonton,Blue Quill,11715 26 Avenue NW,S,220000,,2001-12-13,209500,E2122714,45,2368.06,220.0,8,4,4,3,0,3.0,N,1978,ST2,N,11.6,Y,2,Double Garage Attached,,FRAME,"Carpet, Ceramic Tile",92.9,2,45,43,43,P-FIN,Yes,88.47,95.23,209500,88.47,RE/MAX Real Estate,MaxWell Devonshire Realty,23,6,0.0,7521561,"11715 26 Avenue NW, Edmonton, Alberta, Canada","11715, 26 Avenue NW, Blue Quill, Kaskitayo, Edmonton, Alberta, T6J 4R7, Canada",53.4574475,-113.5329137
11656139,DUPLEX,Edmonton,Killarney,8704 128 Avenue,S,635000,T5E 0G5,2025-01-07,577500,E4412047,70,2499.7,232.23,9,6,7,3,2,3.2,N,1969,ST2,S,39.0,N,2,"2 Outdoor Stalls, Double Garage Detached, Front Drive Access, Heated, Insulated, Over Sized",,FRAME,"Carpet, Ceramic Tile, Laminate Flooring",254.03,3,70,70,70,F-FIN,Yes,231.03,90.94,577500,231.03,MaxWell Progressive,MaxWell Polaris,10,20,677.94,4542KS,"8704 128 Avenue, Edmonton, Alberta, Canada","8704, 128 Avenue NW, Killarney, Northern Mature Area, Edmonton, Alberta, T5B 1G1, Canada",53.5861214,-113.4746182
0014227102,SF,Edmonton,Hillview,3751 63 Street,S,380000,T6L 1R1,2022-03-29,377000,E4280251,24,928.39,86.25,5,2,3,2,0,2.0,N,1978,SPLT4,W,0.0,Y,0,Double Garage Detached,,FRAME,"Carpet, Ceramic Tile, Hardwood",409.31,4,24,24,24,F-FIN,Yes,406.08,99.21,377000,406.08,Century 21 Masters,One Percent Realty,25,19,572.89,7721467,"3751 63 Street, Edmonton, Alberta, Canada","3751, 63 Street NW, Hillview, Woodvale, Mill Woods, Edmonton, Alberta, T6L 3P5, Canada",53.4736385,-113.4349644
31328479,COND,Edmonton,Callingwood North,405 7511 171 Street,S,214900,T5S 1E7,2007-09-25,212000,E3110106,27,624.31,58.0,3,1,1,1,0,1.0,N,2005,APART,W,0.0,N,1,Underground,Westridge The,FRAME,"Carpet, Linoleum",344.22,1,27,27,27,NBASE,No,339.58,98.65,212000,339.58,MaxWell Polaris,MaxWell Challenge Realty,97,,38.0,525512,"405 7511 171 Street, Edmonton, Alberta, Canada",,,
20290152,SF,Edmonton,Avonmore,8027 70 Avenue,S,358880,T6C 0A6,2011-05-18,350000,E3251083,97,1342.8,124.75,6,3,5,2,0,2.0,N,1956,BUNG,N,0.0,N,2,Double Garage Detached,,FRAME,"Hardwood, Linoleum, Non-Ceramic Tile",267.26,1,97,96,96,F-FIN,Yes,260.65,97.53,350000,260.65,RE/MAX Excellence,Century 21 Platinum Realty,18,9,0.0,1752KS,"8027 70 Avenue, Edmonton, Alberta, Canada","8027, 70 Avenue NW, Avonmore, Mill Creek South, Edmonton, Alberta, T6E 4N7, Canada",53.5052877,-113.4513008
34981092,DUPLEX,Edmonton,Mcconachie Area,5208 168 Avenue,S,329000,T5Y 0R6,2018-09-10,321500,E4118260,77,1392.42,129.36,6,3,3,2,1,2.1,Y,2012,ST2,S,0.0,N,0,Single Garage Attached,,FRAME,"Ceramic Tile, Laminate Flooring",236.28,2,149,146,76,U-FIN,Yes,230.89,97.72,321500,230.89,Right In Town Realty Inc.,RE/MAX Elite,4,20,279.85,1125070,"5208 168 Avenue, Edmonton, Alberta, Canada",,,
16127177,SF,Edmonton,Brookside,14319 58 Avenue NW,S,191000,T6H 1C9,2000-07-24,183000,E2012820,49,1765.28,164.0,8,4,4,2,1,2.1,N,1969,SPLT2,N,16.7,Y,2,"Double Garage Detached, Parking Pad Cement/Paved",,BLOCK,"Carpet, Linoleum",108.2,2,49,45,45,P-FIN,Yes,103.67,95.81,183000,103.67,Royal Lepage Arteam Realty,MaxWell Devonshire Realty,16,8,0.0,6469NY,"14319 58 Avenue NW, Edmonton, Alberta, Canada","14319, 58 Avenue NW, Pleasantview, Edmonton, Alberta, T6H 4K1, Canada",53.4949816,-113.4995294
28397339,SF,Edmonton,Falconer Heights,505 FALCONER Place,S,449700,T6R 3A1,2006-05-05,439500,E3053347,46,1560.77,145.0,6,2,4,3,0,3.0,Y,2002,BLEVL,W,0.0,Y,2,"Double Garage Attached, Insulated, Over Sized",,FRAME,"Carpet, Ceramic Tile, Hardwood",288.13,2,46,45,45,F-FIN,Yes,281.59,97.73,439500,281.59,MaxWell Polaris,RE/MAX Accord,104,52,571.71,21735,"505 FALCONER Place, Edmonton, Alberta, Canada","Falconer Place NW, Falconer Heights, The Ridge, Riverbend, Edmonton, Alberta, T6R 2E1, Canada",53.4624292,-113.5924959
0034784554,SF,Edmonton,Windermere,1124 177 St,S,489900,T6W 1Z9,2024-08-13,480000,E4400319,11,1507.48,140.05,7,3,3,2,1,2.1,Y,2013,ST2,E,0.0,N,0,Double Garage Detached,,FRAME,"Carpet, Ceramic Tile, Laminate Flooring",324.98,2,11,11,11,U-FIN,Yes,318.41,97.98,480000,318.41,RE/MAX River City,Exp Realty,4,42,306.2,1122513,"1124 177 St, Edmonton, Alberta, Canada","177 Street SW, Windermere Neighbourhood, Windermere, Edmonton, Alberta, T6W 0X6, Canada",53.4283433,-113.6246894
31521736,DUPLEX,Edmonton,Rutherford,11847 21 Avenue SW,S,324900,T6W 0C8,2008-06-07,320000,E3144499,26,1356.25,126.0,6,3,3,1,1,1.1,N,2006,ST2,N,0.0,Y,0,Single Garage Attached,,FRAME,"Carpet, Laminate Flooring",239.56,2,26,26,26,U-FIN,Yes,235.94,98.49,320000,235.94,MaxWell Challenge Realty,Royal Lepage Gateway Realty,21,8A,327.96,620257,"11847 21 Avenue SW, Edmonton, Alberta, Canada","21 Avenue SW, Glenridding Ravine, Windermere, Edmonton, Alberta, T6W 0L6, Canada",53.4155796,-113.6056516
0031691611,COND,Edmonton,Ellerslie,56 150 EDWARDS Drive,S,159900,T6X 1M4,2022-09-02,155000,E4300269,77,734.1,68.2,5,2,2,1,0,1.0,N,2005,BUNG,E,0.0,N,0,Stall,Copperstone,FRAME,Vinyl Plank,217.82,1,125,125,77,NBASE,No,211.14,96.94,155000,211.14,RE/MAX Professionals,One Percent Realty,,,190.04,0524625,"56 150 EDWARDS Drive, Edmonton, Alberta, Canada","Edwards Drive SW, Ellerslie Crossing, Ellerslie, Edmonton, Alberta, T6X 0C5, Canada",53.430039,-113.4695188
36331601,SF,Edmonton,Paisley,3707 PARKER Court,S,439702,T6W 3A8,2017-03-15,432500,E4046769,69,1813.93,168.52,7,3,3,2,1,2.1,Y,2016,ST2,W,0.0,N,0,Double Garage Attached,,FRAME,"Laminate Flooring, Wall to Wall Carpet",242.4,2,166,166,69,U-FIN,Yes,238.43,98.36,432500,238.43,RE/MAX River City,RE/MAX Elite,1,51,0.0,1424486,"3707 PARKER Court, Edmonton, Alberta, Canada","Parker Court SW, Paisley, Heritage Valley, Edmonton, Alberta, T6W 3Y9, Canada",53.4163171,-113.5644542
19791391,SF,Edmonton,Brander Gardens,14616 RIVERBEND Road,S,549900,T6K 1K1,2018-09-01,540000,E4117003,75,2066.67,192.0,8,4,4,2,1,2.1,Y,1971,ST2,SE,0.0,N,2,"Double Garage Attached, Over Sized",,FRAME,"Carpet, Ceramic Tile, Hardwood",266.08,3,75,75,75,F-FIN,Yes,261.29,98.2,540000,261.29,RE/MAX Real Estate,Realty Executives Encore,10,33,714.88,2478MC,"14616 RIVERBEND Road, Edmonton, Alberta, Canada","Riverbend Road NW, Ramsay Heights, Riverbend Community, Riverbend, Edmonton, Alberta, T6H 4C6, Canada",53.4881414,-113.5777086
36589704,COND,Edmonton,Eaux Claires,1 9515 160 Avenue,S,275000,T5Z 0M4,2021-05-23,275000,E4243140,13,1235.48,114.78,6,3,3,2,1,2.1,Y,2014,ST2,E,0.0,N,2,Double Garage Attached,Radiance Condos,FRAME,"Carpet, Ceramic Tile, Hardwood",222.59,3,13,13,13,F-FIN,Yes,222.59,100.0,275000,222.59,RE/MAX River City,RE/MAX Real Estate,,,0.0,1425343,"1 9515 160 Avenue, Edmonton, Alberta, Canada",,,
30553425,SF,Edmonton,Ellerslie,8130 7 Avenue,S,359000,T6X 1L9,2011-06-24,348000,E3264682,24,1646.88,153.0,6,2,3,2,0,2.0,N,2005,SPLT4,SE,0.0,N,2,"Double Garage Detached, Over Sized",,FRAME,"Carpet, Laminate Flooring, Linoleum",217.99,3,24,24,24,U-FIN,Yes,211.31,96.94,348000,211.31,MaxWell Polaris,Sterling Real Estate,15,29,391.02,423893,"8130 7 Avenue, Edmonton, Alberta, Canada","Alberta Avenue, Avenue District, Edmonton, Alberta, Canada",53.5685056,-113.48521
15458870,SF,Edmonton,Alberta Avenue,11240 92 Street NW,S,141500,T5G 0Z1,2004-01-06,138500,E2331392,15,1264.76,117.5,6,3,3,2,0,2.0,N,1921,ST2,E,0.0,N,2,Double Garage Detached,,FRAME,"Carpet, Linoleum",111.88,2,77,72,15,P-FIN,Yes,109.51,97.88,138500,109.51,Coldwell Banker/Panda Realty,All-Banners Realty,42,21,0.0,RN43A,"11240 92 Street NW, Edmonton, Alberta, Canada","92 Street NW, Strathearn, Edmonton, Alberta, T6C 3T7, Canada",53.5301875,-113.4683786
20410833,SF,Edmonton,Larkspur,3220 40 Avenue,S,243900,T6T 1J6,2005-03-15,240500,E3022624,16,1709.85,158.85,6,3,4,2,1,2.1,Y,1992,SPLT2,S,471.67,N,2,Double Garage Attached,,FRAME,"Carpet, Laminate Flooring, Non-Ceramic Tile",142.64,3,16,15,15,F-FIN,Yes,140.66,98.61,240500,140.66,RE/MAX River City,Century 21 All Stars Realty Ltd,12,24,471.63,9123203,"3220 40 Avenue, Edmonton, Alberta, Canada","3220, 40 Avenue NW, Larkspur, West Meadows, The Meadows, Edmonton, Alberta, T6T 1L5, Canada",53.4753849,-113.3894283
21145439,SF,Edmonton,Rio Terrace,7716 155 Street NW,S,154900,T5R 1V9,2000-03-24,154000,E2005376,9,1139.9,105.9,5,2,4,2,0,2.0,N,1969,BLEVL,E,65.0,N,0,"Front Drive Access, Single Carport",,FRAME,"Ceramic Tile, Linoleum, Wall to Wall Carpet",135.89,2,9,9,9,F-FIN,No,135.1,99.42,154000,135.1,Century 21 All Stars Realty Ltd,RE/MAX Excellence,13A,21,0.0,264RS,"7716 155 Street NW, Edmonton, Alberta, Canada","7716, 155 Street NW, Rio Terrace Neighbourhood, Greater Rio Terrace, Jasper Place, Edmonton, Alberta, T5R 4K7, Canada",53.5102763,-113.589056
11579837,COND,Edmonton,Meyonohk,8137 27 Avenue,S,220000,T6K 3C9,2009-01-23,203000,E3170953,23,957.99,89.0,5,3,3,0,1,0.1,N,1977,ST2,E,0.0,N,0,,Pinetree Village,FRAME,"Ceramic Tile, Laminate Flooring",229.65,2,100,99,22,U-FIN,No,211.9,92.27,203000,211.9,RE/MAX Real Estate Centre,RE/MAX Advantage,,,248.63,7820312,"8137 27 Avenue, Edmonton, Alberta, Canada","8137, 27 Avenue NW, Meyonohk, Lakewood, Mill Woods, Edmonton, Alberta, T6K 2V7, Canada",53.4573592,-113.4564253
20587284,SF,Edmonton,Delton,12410 94 Street,S,219900,T5G 1K6,2008-09-25,209500,E3161875,8,917.08,85.2,4,2,2,1,0,1.0,N,1952,BUNG,E,16.46,N,1,Single Garage Detached,,FRAME,"Linoleum, Wall to Wall Carpet",239.78,1,110,106,7,U-FIN,Yes,228.44,95.27,209500,228.44,RE/MAX Elite,NOW Real Estate Group,14,3,615.26,1359HW,"12410 94 Street, Edmonton, Alberta, Canada","12410, 94 Street NW, Delton, Avenue District, Edmonton, Alberta, T5G 1C8, Canada",53.5803292,-113.4861615
11957701,SF,Edmonton,Dunluce,240 WARWICK Road NW,S,123900,,2000-05-30,120750,E2010992,14,1259.38,117.0,6,3,3,2,0,2.0,N,1981,BUNG,,0.0,N,0,Parking Pad Cement/Paved,,FRAME,,98.38,1,14,12,12,P-FIN,No,95.88,97.46,120750,95.88,RE/MAX Real Estate,Royal Lepage Arteam Realty,57,121,0.0,7822562,"240 WARWICK Road NW, Edmonton, Alberta, Canada","240, Warwick Road NW, Dunluce, Castle Downs, Edmonton, Alberta, T6V 0T1, Canada",53.6267563,-113.534574
31447469,COND,Edmonton,Rutherford,413 11445 Ellerslie Road SW,S,244900,T6W 1T1,2008-06-12,232000,E3135466,87,858.1,79.72,5,2,2,2,0,2.0,Y,2006,APART,S,0.0,N,1,Underground,Rutherford Village,FRAME,"Carpet, Linoleum",285.4,1,87,83,83,NBASE,No,270.37,94.73,232000,270.37,RE/MAX River City,RE/MAX Real Estate Centre,,,0.0,526358,"413 11445 Ellerslie Road SW, Edmonton, Alberta, Canada",,,
0037333432,COND,Edmonton,Ermineskin,105 2755 109 Street,S,375000,T6J 5S4,2022-03-30,350000,E4262458,200,999.75,92.88,5,2,2,1,1,1.1,Y,2016,APART,W,0.0,N,1,"Heated, Underground",Shepherdâ€™s Garden Heritage,STEEL,"Ceramic Tile, Engineered Wood",375.09,1,726,725,199,NBASE,Yes,350.09,93.33,350000,350.09,Homes & Gardens Real Estate Limited,Homes & Gardens Real Estate Limited,,,0.0,1623512,"105 2755 109 Street, Edmonton, Alberta, Canada","109 Street & 105 Avenue, 109 Street NW, Central McDougall, Central Core, Edmonton, Alberta, T5H 3B1, Canada",53.5487186,-113.5082491
20001517,SF,Edmonton,Jackson Heights,89 JEFFERSON Road,S,399900,T6L 6R1,2015-11-30,395000,E4000227,13,1685.2,156.56,8,3,4,2,1,2.1,N,1992,ST2,S,0.0,N,0,Double Garage Attached,,FRAME,"Carpet, Linoleum",237.3,3,13,12,12,F-FIN,Yes,234.39,98.77,395000,234.39,RE/MAX Real Estate,RE/MAX River City,19,106,516.31,9122906,"89 JEFFERSON Road, Edmonton, Alberta, Canada","89, Jefferson Road NW, Jackson Heights, Burnewood, Mill Woods, Edmonton, Alberta, T6L 6K8, Canada",53.4860628,-113.4043239
33100884,COND,Edmonton,Belvedere,235 6315 135 Avenue,S,249900,T5A 0A1,2017-08-16,232500,E4066434,79,1194.79,111.0,5,2,2,2,0,2.0,Y,2006,APART,N,0.0,N,2,Stall,Holland Gardens,CONCR,Laminate Flooring,209.16,1,79,79,79,NBASE,No,194.59,93.04,232500,194.59,NOW Real Estate Group,Royal Lepage Noralta Real Estate,,,0.0,821984,"235 6315 135 Avenue, Edmonton, Alberta, Canada",,,
0015321912,SF,Edmonton,Eastwood,11933 80 Street,S,339800,T5B 2N8,2024-01-18,330000,E4364319,76,1594.56,148.14,6,3,3,2,0,2.0,N,1958,SPLT5,W,0.0,Y,1,"Parking Pad Cement/Paved, RV Parking, Single Garage Attached",,FRAME,"Carpet, Linoleum",213.1,5,76,76,76,F-FIN,Yes,206.95,97.12,330000,206.95,Blackmore Real Estate,RE/MAX River City,3,5,697.5,RN63,"11933 80 Street, Edmonton, Alberta, Canada","11933, 80 Street NW, Eastwood, Elmwood Park, Avenue District, Edmonton, Alberta, T5B 2S9, Canada",53.5727794,-113.4634824
30553441,SF,Edmonton,Ellerslie,704 82 Street,S,289900,T5X 6A3,2009-02-05,288000,E3169289,68,1313.2,122.0,6,3,3,1,1,1.1,N,2005,ST2,E,0.0,Y,0,Parking Pad Cement/Paved,,FRAME,"Carpet, Hardwood, Linoleum",220.76,2,68,67,67,U-FIN,No,219.31,99.34,288000,219.31,MaxWell Challenge Realty,Royal Lepage Arteam Realty,15,31,423.25,423893,"704 82 Street, Edmonton, Alberta, Canada","704, 82 Street SW, Ellerslie Crossing, Ellerslie, Edmonton, Alberta, T6X 0H9, Canada",53.4265166,-113.4596292
15185573,DUPLEX,Edmonton,Belmont,13119 31 Street NW,S,127900,,2003-04-04,126000,E2305645,23,968.75,90.0,5,3,3,1,1,1.1,N,1975,BUNG,W,11.8,N,0,"Front Drive Access, No Garage, Off Street",,FRAME,"Laminate Flooring, Linoleum",132.03,1,23,21,21,U-FIN,No,130.06,98.51,126000,130.06,Royal Lepage Westgate Real Estate,Realty Executives Synergy,8,8A,0.0,7520091,"13119 31 Street NW, Edmonton, Alberta, Canada","31 Street NW, Kirkness, Clareview, Edmonton, Alberta, T5Y 2K4, Canada",53.6093629,-113.3870756
0012469243,SF,Edmonton,La Perle,18835 99A Avenue,S,479900,T5T 3M9,2022-03-24,520000,E4281957,8,2025.66,188.19,8,3,4,2,1,2.1,Y,1981,ST2,W,0.0,Y,2,Double Garage Attached,,FRAME,"Carpet, Ceramic Tile, Laminate Flooring",236.91,3,8,8,8,F-FIN,Yes,256.71,108.36,520000,256.71,MaxWell Progressive,RE/MAX Real Estate,56,22,784.33,7923032,"18835 99A Avenue, Edmonton, Alberta, Canada","18835, 99A Avenue NW, La Perle, West Jasper Place, Edmonton, Alberta, T5S 2Y4, Canada",53.5356942,-113.6483195
22652557,SF,Edmonton,Fraser,2005 152 Avenue,S,410000,T5Y 2R6,2021-10-27,397000,E4258146,78,1272.29,118.2,6,3,5,3,0,3.0,Y,1995,SPLT4,W,0.0,Y,0,Double Garage Attached,,FRAME,"Ceramic Tile, Laminate Flooring",322.25,4,201,198,78,F-FIN,Yes,312.04,96.83,397000,312.04,Liv Real Estate,RE/MAX Elite,88,60,0.0,9221679,"2005 152 Avenue, Edmonton, Alberta, Canada",,,
18478875,SF,Edmonton,Evansdale,15012 92 Street,S,199900,T5E 3S6,2005-07-22,199900,E3033985,36,1119.98,104.05,6,3,3,2,1,2.1,Y,1971,BUNG,E,0.0,N,3,"Heated, Insulated, Triple Garage Detached",,FRAME,"Carpet, Ceramic Tile, Linoleum",178.48,2,36,34,34,F-FIN,Yes,178.48,100.0,199900,178.48,Royal Lepage Arteam Realty,RE/MAX Elite,31,61,581.26,2547RS,"15012 92 Street, Edmonton, Alberta, Canada",,,
28295708,SF,Edmonton,Athlone,13805 128A Avenue,S,338800,T5L 5E1,2008-11-20,308900,E3156421,110,1049.48,97.5,5,3,5,2,1,2.1,Y,2001,BLEVL,N,0.0,N,2,Double Garage Attached,,FRAME,"Carpet, Hardwood, Linoleum",322.83,2,110,110,110,F-FIN,Yes,294.34,91.17,308900,294.34,RE/MAX River City,Realty Executives North Star,11,20,522.47,20258,"13805 128A Avenue, Edmonton, Alberta, Canada",,,
30515805,SF,Edmonton,Hollick-kenyon,5412 164 Avenue,S,403000,T5Y 3K9,2010-03-19,393000,E3213597,17,1776.04,165.0,7,3,3,2,1,2.1,Y,2010,ST2,SW,0.0,Y,2,Double Garage Attached,,FRAME,"Carpet, Ceramic Tile, Hardwood",226.91,2,17,17,17,U-FIN,Yes,221.28,97.52,393000,221.28,MaxWell Polaris,Sabo Bros Realty Ltd,55,9,410.59,423249,"5412 164 Avenue, Edmonton, Alberta, Canada",,,
0031258874,SF,Edmonton,Mactaggart,3706 MCLAY GREEN Green NW,S,650000,T6R 0B9,2025-03-29,650000,E4428168,0,1445.81,134.32,5,2,4,3,0,3.0,Y,2005,BUNG,E,0.0,Y,2,Double Garage Attached,,FRAME,"Carpet, Ceramic Tile, Hardwood",449.58,2,0,0,0,F-FIN,Yes,449.58,100.0,650000,449.58,Homes & Gardens Real Estate Limited,Homes & Gardens Real Estate Limited,2,35,502.38,0524781,"3706 MCLAY GREEN Green NW, Edmonton, Alberta, Canada","McLay Green NW, Mactaggart, Terwillegar Community, Terwillegar Heights, Edmonton, Alberta, T6R 0E9, Canada",53.4445624,-113.5603643
11744448,COND,Edmonton,Hairsine,7 13833 30 Street,S,160000,T5Y 2B2,2021-04-02,157000,E4233152,12,1068.86,99.3,6,3,3,1,1,1.1,N,1981,ST2,N,0.0,N,0,2 Outdoor Stalls,Knights Bridge (Hairsine),FRAME,"Carpet, Laminate Flooring, Linoleum",149.69,2,12,12,12,U-FIN,No,146.89,98.13,157000,146.89,REALTORSÂ® Association of Edmonton,Coldwell Banker Venture Realty,,,238.46,8122402,"7 13833 30 Street, Edmonton, Alberta, Canada",,,
0011503662,COND,Edmonton,Pollard Meadows,310 4810 MILL WOODS Road S,S,135000,T6L 5N9,2024-01-19,131500,E4367981,34,952.61,88.5,5,2,2,1,0,1.0,N,1981,APART,S,0.0,N,0,Stall,Millwoods Terrace,FRAME,"Linoleum, Vinyl Plank",141.72,4,34,34,34,NBASE,No,138.04,97.41,131500,138.04,Royal LePage METRO,Royal LePage METRO,,,100.79,8223018,"310 4810 MILL WOODS Road S, Edmonton, Alberta, Canada",,,
10949477,COND,Edmonton,Strathcona,403 9854 88 Avenue,S,254800,T6E 2R3,2015-12-02,252000,E3436853,32,811.6,75.4,5,1,1,1,0,1.0,N,1985,APRTM,S,0.0,N,0,Underground,Carrington Manor,FRAME,"Carpet, Ceramic Tile",313.95,2,32,32,32,NBASE,No,310.5,98.9,252000,310.5,NOW Real Estate Group,2% Realty Pro,,,56.2,8522089,"403 9854 88 Avenue, Edmonton, Alberta, Canada",,,
21042999,SF,Edmonton,Highlands,11237 66 Street,S,244900,T5B 1H4,2020-08-04,238000,E4207130,15,1119.45,104.0,6,3,5,2,0,2.0,N,1950,BUNG,W,0.0,N,0,Single Garage Detached,,FRAME,"Hardwood, Linoleum",218.77,2,15,14,14,F-FIN,Yes,212.61,97.18,238000,212.61,RE/MAX Excellence,Royal Lepage Arteam Realty,21,11,376.7,600U,"11237 66 Street, Edmonton, Alberta, Canada",,,
14233142,SF,Edmonton,Hillview,6316 34B Avenue,S,249900,T6L 1A1,2006-06-02,238000,E3058838,45,1100.39,102.23,6,3,3,4,0,4.0,Y,1977,BLEVL,S,0.0,N,0,Front Drive Access,,FRAME,"Carpet, Laminate Flooring",227.1,2,45,43,43,F-FIN,No,216.29,95.24,238000,216.29,NOW Real Estate Group,RE/MAX Excellence,27,66,612.82,7721467,"6316 34B Avenue, Edmonton, Alberta, Canada",,,
30570255,SF,Edmonton,Brintnell,4665 154 Avenue,S,515000,T5Y 3L5,2018-09-10,500000,E4118304,76,2267.95,210.7,8,3,5,3,0,3.0,Y,2005,BLEVL,N,0.0,Y,2,"Double Garage Attached, Insulated, Over Sized",,FRAME,"Carpet, Ceramic Tile, Hardwood",227.08,2,140,139,76,F-FIN,Yes,220.46,97.09,500000,220.46,YEGPro Realty,RE/MAX Real Estate,8,33,804.03,424154,"4665 154 Avenue, Edmonton, Alberta, Canada",,,
0013906292,SF,Edmonton,Beverly Heights,4247 114 Avenue,S,415000,T5W 0T1,2024-07-26,410000,E4395812,22,979.51,91.0,7,3,4,2,0,2.0,N,1963,BUNG,W,0.0,N,0,Double Garage Detached,,FRAME,"Ceramic Tile, Laminate Flooring",423.68,2,70,69,22,F-FIN,Yes,418.57,98.8,410000,418.57,MaxWell Polaris,YEGPro Realty,28,24,0.0,4971MC,"4247 114 Avenue, Edmonton, Alberta, Canada",,,
0032260481,COND,Edmonton,Belvedere,411 12831 66 Street,S,49900,T5L 0A4,2023-07-27,45000,E4348317,23,502.67,46.7,3,1,1,1,0,1.0,N,1982,APART,W,0.0,N,0,"Parkade, Parking Pad Cement/Paved, Underground",Hollyburn Towers,FRAME,Ceramic Tile,99.27,1,23,23,23,NBASE,No,89.52,90.18,45000,89.52,MaxWell Progressive,RE/MAX Elite,,,0.0,0721338,"411 12831 66 Street, Edmonton, Alberta, Canada",,,
28020295,SF,Edmonton,Klarvatten,513 Klarvatten Lake Wynd,S,215900,T5Z 3E4,2004-09-12,217000,E3010465,10,1569.38,145.8,6,3,3,2,1,2.1,Y,2002,ST2,W,13.12,Y,2,Double Garage Attached,,FRAME,"Carpet, Ceramic Tile, Laminate Flooring",137.57,2,10,5,5,U-FIN,Yes,138.27,100.51,217000,138.27,Ranger Realty Company Ltd,MaxWell Devonshire Realty,13,23,0.0,9924683,"513 Klarvatten Lake Wynd, Edmonton, Alberta, Canada","Klarvatten Lake Wynd NW, Klarvatten, Lake District, Edmonton, Alberta, T5Z 3X1, Canada",53.630632,-113.4757829
29839628,COND,Edmonton,Canon Ridge,201 592 HOOKE Road,S,157500,T5A 5H2,2017-08-21,155000,E4072073,47,762.08,70.8,4,1,1,1,0,1.0,N,2003,APART,W,0.0,N,0,"Heated, Underground",Ravines At Hermitage,FRAME,"Carpet, Ceramic Tile, Laminate Flooring",206.67,1,355,355,47,NBASE,No,203.39,98.41,155000,203.39,Sellerinvite.Com (Edmonton),Realty Executives Encore,,,0.0,321477,"201 592 HOOKE Road, Edmonton, Alberta, Canada",,,
27598763,SF,Edmonton,Mayliewan,16528 81 Street NW,S,171900,T5Z 3J5,2001-01-29,170500,E2100585,25,1752.36,162.8,6,3,3,2,1,2.1,N,2000,ST2,E,12.9,N,2,Double Garage Attached,,FRAME,"Carpet, Ceramic Tile",98.1,2,91,84,20,U-FIN,Yes,97.3,99.19,170500,97.3,RE/MAX Excellence,Royal Lepage Arteam Realty,85,16,0.0,9824170,"16528 81 Street NW, Edmonton, Alberta, Canada","16528, 81 Street NW, Mayliewan, Lake District, Edmonton, Alberta, T5Z 3S4, Canada",53.6271932,-113.4666019
16665516,SF,Edmonton,Crestwood,9511 142 Street,S,369000,T5N 2M8,2006-09-14,362000,E3066204,38,1719.96,159.79,6,2,2,2,0,2.0,Y,1954,BUNG,E,0.0,Y,2,Double Garage Detached,,FRAME,"Carpet, Parquet, Wall to Wall Carpet",214.54,1,38,35,35,,Yes,210.47,98.1,362000,210.47,RE/MAX Excellence,RE/MAX Excellence,8,10,770.44,5710HW,"9511 142 Street, Edmonton, Alberta, Canada","9511, 142 Street NW, Crestwood, Jasper Place, Edmonton, Alberta, T5N 4B2, Canada",53.5322109,-113.5654135
15263916,SF,Edmonton,Prince Charles,11930 125 Street NW,S,89900,T5L 0S2,2001-01-24,87000,E2100921,12,775.0,72.0,4,2,3,1,0,1.0,N,1948,SPLT3,E,15.2,N,1,Single Garage Detached,,FRAME,"Carpet, Hardwood, Linoleum",116.0,3,12,9,9,F-FIN,No,112.26,96.77,87000,112.26,Coldwell Banker Venture Realty,RE/MAX Real Estate,8,8,0.0,RN64,"11930 125 Street NW, Edmonton, Alberta, Canada","11930, 125 Street NW, Prince Charles, Western Mature Area, Edmonton, Alberta, T5L 2K6, Canada",53.5730865,-113.5381253
11735033,COND,Edmonton,Strathcona,800 10149 SASKATCHEWAN Drive,S,247500,T6E 6B6,2008-08-18,240500,E3153833,35,922.47,85.7,5,2,2,2,0,2.0,Y,1981,APART,N,0.0,N,1,"Parkade, Stall",Waters Edge,BLOCK,"Carpet, Laminate Flooring, Linoleum",268.3,1,35,34,34,NBASE,Yes,260.71,97.17,240500,260.71,RE/MAX Real Estate Centre,Macdonald Realty S W Edmonton,,,40.11,8222909,"800 10149 SASKATCHEWAN Drive, Edmonton, Alberta, Canada",,,
13137625,SF,Edmonton,Blue Quill Estates,12307 25 Avenue,S,399900,T6J 4S7,2011-04-05,387500,E3251778,46,2102.19,195.3,8,3,3,2,1,2.1,Y,1979,ST2,NW,8.5,N,2,Double Garage Attached,,FRAME,"Carpet, Laminate Flooring",190.23,2,46,46,46,P-FIN,Yes,184.33,96.9,387500,184.33,RE/MAX Elite,RE/MAX Real Estate,28,82,289.41,7823373,"12307 25 Avenue, Edmonton, Alberta, Canada","TD Canada Trust, 25 Avenue NW, Mill Woods Town Centre Area, Mill Woods, Edmonton, Alberta, T6L 6X2, Canada",53.4559882,-113.4243373
0017968851,SF,Edmonton,Gold Bar,4904 104A Avenue,S,400000,T6A 0Z7,2025-05-09,410000,E4432557,15,969.61,90.08,5,2,5,2,0,2.0,N,1958,BLEVL,S,0.0,N,0,"Double Garage Detached, Over Sized, RV Parking",,FRAME,"Carpet, Linoleum",412.54,2,15,15,15,F-FIN,Yes,422.85,102.5,410000,422.85,MaxWell Polaris,RE/MAX River City,70,16,553.68,4283KS,"4904 104A Avenue, Edmonton, Alberta, Canada","4904, 104A Avenue NW, Gold Bar, Greater Hardisty, Edmonton, Alberta, T6A 1Y3, Canada",53.5474921,-113.4179749
16175938,SF,Edmonton,Caernarvon,15239 122 Street,S,369900,T5X 1P6,2018-08-07,360000,E4118647,40,1241.08,115.3,6,3,4,2,1,2.1,Y,1975,SPLT4,N,0.0,Y,2,Double Garage Attached,,FRAME,"Ceramic Tile, Hardwood, Linoleum",298.05,3,40,40,40,U-FIN,Yes,290.07,97.32,360000,290.07,RE/MAX River City,RE/MAX Real Estate,14,36,621.77,4159TR,"15239 122 Street, Edmonton, Alberta, Canada","15239, 122 Street NW, Caernarvon, Castle Downs, Edmonton, Alberta, T5X 1Y7, Canada",53.6154257,-113.5325529
14477368,SF,Edmonton,Tweddle Place,8610 39B Avenue NW,S,139900,T6K 3S2,2001-08-21,136000,E2118127,11,1142.05,106.1,6,3,4,2,1,2.1,N,1977,BLEVL,S,25.0,Y,2,Double Garage Detached,,BRICK,"Linoleum, Wall to Wall Carpet",122.5,2,11,6,6,F-FIN,Yes,119.08,97.21,136000,119.08,RE/MAX Real Estate,RE/MAX Real Estate,30,147,0.0,7622212,"8610 39B Avenue NW, Edmonton, Alberta, Canada","8610, 39B Avenue NW, Tweddle Place, Millbourne, Mill Woods, Edmonton, Alberta, T6K 3J3, Canada",53.4753879,-113.459845
28186302,SF,Edmonton,Terwillegar Towne,1886 Towne Centre Boulevard,S,444500,T6R 3A2,2020-02-27,441000,E4184480,40,1871.95,173.91,6,3,4,3,1,3.1,Y,2003,ST2,E,0.0,Y,2,Double Garage Detached,,FRAME,"Carpet, Ceramic Tile, Hardwood",237.45,2,173,173,40,F-FIN,Yes,235.58,99.21,441000,235.58,The Good Real Estate Company,Purplebricks,34,93,0.0,9926163,"1886 Towne Centre Boulevard, Edmonton, Alberta, Canada","Towne Centre Boulevard NW, South Terwillegar, Terwillegar Community, Terwillegar Heights, Edmonton, Alberta, T6R 0G5, Canada",53.441152,-113.5779149
14451041,COND,Edmonton,Caernarvon,15 NORTHWOODS Village,S,197900,T5X 1X2,2015-02-25,189000,E3396300,90,500.2,46.47,3,0,2,1,0,1.0,N,1975,BLEVL,S,0.0,Y,0,"On Street, Stall",Northwoods Village,FRAME,"Carpet, Ceramic Tile, Laminate Flooring",395.64,2,90,90,90,F-FIN,No,377.85,95.5,189000,377.85,RE/MAX Real Estate,RE/MAX Real Estate,,,286.35,7521815,"15 NORTHWOODS Village, Edmonton, Alberta, Canada","Northwoods Village, Castle Downs, Edmonton, Alberta, Canada",53.6128055,-113.5179222
28879385,COND,Edmonton,Miller,59 14803 MILLER Boulevard,S,299900,T5Y 3A4,2016-08-12,293000,E4030489,23,1238.92,115.1,5,2,2,2,1,2.1,Y,2001,ST2,S,0.0,N,0,Double Garage Detached,Miller Park,FRAME,"Carpet, Linoleum",242.06,3,23,23,23,F-FIN,Yes,236.5,97.7,293000,236.5,RE/MAX Real Estate,MaxWell Polaris,,,0.0,122669,"59 14803 MILLER Boulevard, Edmonton, Alberta, Canada",,,
30120729,SF,Edmonton,Matt Berry,16407 64 Street,S,419900,T5Y 3J2,2009-07-29,418000,E3192842,17,1910.59,177.5,6,3,3,2,1,2.1,Y,2004,ST2,W,15.2,Y,2,Double Garage Attached,,FRAME,"Carpet, Ceramic Tile, Hardwood",219.77,2,17,17,17,U-FIN,Yes,218.78,99.55,418000,218.78,RE/MAX River City,RE/MAX River City,19,2,441.09,324862,"16407 64 Street, Edmonton, Alberta, Canada","16407, 64 Street SW, Charlesworth, Southeast, Edmonton, Alberta, T6X 0G3, Canada",53.4302209,-113.4392203
14704027,DUPLEX,Edmonton,Menisa,982 KNOTTWOOD S Road NW,S,92000,T6K 3H7,2000-08-19,89900,E2015736,37,899.86,83.6,4,2,3,1,0,1.0,N,1977,BUNG,N,0.0,N,0,Parking Pad Cement/Paved,,FRAME,Carpet,102.24,1,37,36,36,P-FIN,No,99.9,97.72,89900,99.9,Royal Lepage Preferred Real Estate,Century 21 All Stars Realty Ltd,32,5A,0.0,7621269,"982 KNOTTWOOD S Road NW, Edmonton, Alberta, Canada",,,
30739221,COND,Edmonton,Rutherford,15 903 RUTHERFORD Road SW,S,289900,T6W 1N9,2006-03-14,288000,E3051541,16,1600.59,148.7,5,2,2,2,1,2.1,Y,2004,ST2,W,0.0,Y,2,Double Garage Attached,Ventana Woods,FRAME,"Carpet, Ceramic Tile, Hardwood",181.12,3,16,15,15,F-FIN,Yes,179.93,99.34,288000,179.93,MaxWell Challenge Realty,Royal Lepage Noralta Real Estate,,24,252.6,424617,"15 903 RUTHERFORD Road SW, Edmonton, Alberta, Canada","Rutherford Road SW, Blackmud Creek Neighbourhood, Blackmud, Heritage Valley, Edmonton, Alberta, T6W 1S4, Canada",53.4210123,-113.5161946
10485515,SF,Edmonton,Crawford Plains,1012 46 Street,S,425000,T6L 5V8,2014-10-23,425000,E3391573,24,2165.7,201.2,9,5,7,2,1,2.1,Y,1989,ST2,E,0.0,Y,2,Double Garage Attached,,FRAME,"Carpet, Laminate Flooring, Linoleum",196.24,2,24,24,24,P-FIN,Yes,196.24,100.0,425000,196.24,MaxWell Polaris,RE/MAX Real Estate Centre,42,17,567.71,7823021,"1012 46 Street, Edmonton, Alberta, Canada","1012, 46 Street NW, Crawford Plains, Southwood, Mill Woods, Edmonton, Alberta, T6L 5V6, Canada",53.4393881,-113.4108023
25882093,COND,Edmonton,Pollard Meadows,1638 MILL WOODS E Road NW,S,89900,T6L 6W4,2000-10-17,87000,E2019670,45,1022.57,95.0,6,3,3,1,1,1.1,N,1993,ST2,N,0.0,Y,0,Stall,Laguna Beach,FRAME,"Carpet, Linoleum",87.92,2,45,42,42,F-FIN,No,85.08,96.77,87000,85.08,Realty Executives Synergy,RE/MAX Real Estate,18,,0.0,9420203,"1638 MILL WOODS E Road NW, Edmonton, Alberta, Canada",,,
0033383746,COND,Edmonton,Downtown,601 9819 104 Street,S,199900,T5K 0Y8,2022-09-21,192500,E4308872,41,573.61,53.29,4,1,1,1,0,1.0,N,2006,APART,S,0.0,N,1,Underground,Vivacity One,CONCR,"Carpet, Ceramic Tile, Hardwood",348.5,1,41,41,41,NBASE,No,335.59,96.3,192500,335.59,Royal Lepage Arteam Realty,FairSquare Group Realty,,,0.0,0826362,"601 9819 104 Street, Edmonton, Alberta, Canada",,,
10515361,SF,Edmonton,Garneau,11131 80 Avenue,S,659900,T6G 0R4,2014-08-18,645000,E3384121,31,1496.18,139.0,7,3,3,1,1,1.1,N,1949,ST2,N,0.0,Y,0,Double Garage Detached,,FRAME,"Carpet, Hardwood, Slate",441.06,3,31,28,28,F-FIN,Yes,431.1,97.74,645000,431.1,Royal Lepage Noralta Real Estate,Royal Lepage Noralta Real Estate,2,"6,7",384.86,6904AM,"11131 80 Avenue, Edmonton, Alberta, Canada","11131, 80 Avenue NW, Garneau, Greater Strathcona, Edmonton, Alberta, T6G 2E2, Canada",53.5160921,-113.5195689
14522454,SF,Edmonton,Mccauley,10712 95 Street NW,S,49900,T5H 2C7,2001-04-03,47900,E2100802,83,898.79,83.5,5,3,3,2,0,2.0,N,1920,ST1.5,E,0.0,N,1,Single Garage Detached,,FRAME,"Carpet, Linoleum",55.52,2,83,81,81,U-FIN,No,53.29,95.99,47900,53.29,MaxWell Devonshire Realty,MaxWell Devonshire Realty,24,3,0.0,ND,"10712 95 Street NW, Edmonton, Alberta, Canada",,,
27504563,SF,Edmonton,Cumberland,138 COTE Crescent,S,289800,T6V 1L3,2005-09-19,280000,E3038693,39,2023.61,188.0,8,3,3,2,1,2.1,Y,1999,ST2,E,0.0,Y,2,"Double Garage Attached, Front Drive Access, Parking Pad Cement/Paved",,FRAME,"Linoleum, Wall to Wall Carpet",143.21,2,150,147,38,U-FIN,Yes,138.37,96.62,280000,138.37,RE/MAX River City,RE/MAX River City,27,1,483.0,9822748,"138 COTE Crescent, Edmonton, Alberta, Canada",,,
16440588,DUPLEX,Edmonton,Parkdale,11721 80 Street,S,649000,T5B 2N4,2022-04-19,625000,E4285239,17,1707.91,158.67,4,4,8,4,0,4.0,N,2008,BLEVL,W,0.0,N,0,Over Sized,,FRAME,"Hardwood, Linoleum, Vinyl Plank",380.0,2,17,17,17,F-FIN,No,365.94,96.3,625000,365.94,Re/Max Excellence,RE/MAX Elite,19,7,552.41,5850R,"11721 80 Street, Edmonton, Alberta, Canada",,,
0034315029,COND,Edmonton,Oliver,804 10142 111 Street,S,359800,T5K 1K6,2025-06-26,352000,E4426277,101,1148.29,106.68,4,2,2,2,0,2.0,Y,2009,APART,S,0.0,Y,1,"Heated, Stall, Underground",Meridian Plaza,CONCR,"Carpet, Hardwood, Marble",313.33,1,101,100,100,NBASE,No,306.54,97.83,352000,306.54,MaxWell Polaris,Lux Real Estate Inc,,,18.4,1022852,"804 10142 111 Street, Edmonton, Alberta, Canada",,,
20997987,SF,Edmonton,Bonnie Doon,9030 90 Street,S,250000,T6C 3L9,2008-09-16,230000,E3156976,40,840.98,78.13,5,2,2,1,0,1.0,N,1949,BUNG,E,0.0,N,1,Single Garage Detached,,FRAME,"Carpet, Hardwood, Linoleum",297.27,1,40,37,37,P-FIN,Yes,273.49,92.0,230000,273.49,Tri-Mac Realty Ltd,Real Estate 2000 Inc,,N,549.96,703HW,"9030 90 Street, Edmonton, Alberta, Canada","9030, 90 Street NW, Bonnie Doon, French Quarter, Bonnie Doon, Edmonton, Alberta, T6C 1M1, Canada",53.5263698,-113.4657241
0036512441,COND,Edmonton,Queen Alexandra,316 10811 72 Avenue,S,329900,T6E 1A4,2022-07-13,320000,E4303828,5,995.12,92.45,4,2,2,2,0,2.0,Y,2014,APART,N,0.0,N,1,Underground,Brownstones I,FRAME,"Carpet, Ceramic Tile, Laminate Flooring",331.52,1,5,5,5,NBASE,No,321.57,97.0,320000,321.57,Sweetly,RE/MAX River City,,,45.3,1520243,"316 10811 72 Avenue, Edmonton, Alberta, Canada",,,
11745768,SF,Edmonton,Lago Lindo,17720 91 Street,S,314900,T5Z 2L4,2011-10-20,310000,E3267639,119,1093.61,101.6,6,3,3,2,0,2.0,N,1982,SPLT4,E,0.0,N,2,Double Garage Detached,,FRAME,"Ceramic Tile, Laminate Flooring",287.94,3,119,116,116,P-FIN,Yes,283.46,98.44,310000,283.46,RE/MAX Advantage,Sutton Group Nor-Vista Realty,15,18,476.31,8122420,"17720 91 Street, Edmonton, Alberta, Canada",,,
0037270642,COND,Edmonton,Allard,305 3315 JAMES MOWATT Trail,S,180000,T6W 3L6,2022-03-25,175000,E4264789,176,760.04,70.61,5,2,2,2,0,2.0,Y,2016,APART,W,0.0,N,1,Underground,Heritage Valley Station,FRAME,"Carpet, Laminate Flooring",236.83,1,176,176,176,NBASE,No,230.25,97.22,175000,230.25,RE/MAX Elite,RE/MAX Elite,,,69.98,1622922,"305 3315 JAMES MOWATT Trail, Edmonton, Alberta, Canada",,,
12728143,COND,Edmonton,Sakaw,1247 62 Street NW,S,84900,T6L 2H6,2000-07-21,81000,E2014816,22,1126.98,104.7,5,3,4,1,1,1.1,N,1978,ST2,E,0.0,Y,0,Stall,Balmoral Lane,FRAME,"Carpet, Linoleum",75.33,3,22,17,17,F-FIN,No,71.87,95.41,81000,71.87,Century 21 Metro City,RE/MAX Real Estate,9,,0.0,7921823,"1247 62 Street NW, Edmonton, Alberta, Canada","62 Street NW, Montrose, Greater Highlands, Edmonton, Alberta, T5W 4C7, Canada",53.5747813,-113.4367748
30621791,COND,Edmonton,Britannia Youngstown,414 10616 156 Street,S,139000,T5P 2S1,2007-02-16,135000,E3078954,21,495.14,46.0,3,1,1,1,0,1.0,N,1970,APART,SW,0.0,N,0,,Victoria Gardens,CONCR,"Carpet, Linoleum",280.73,1,21,21,21,NBASE,No,272.65,97.12,135000,272.65,Royal Lepage Noralta Real Estate,MaxWell Polaris,83,,81.47,424677,"414 10616 156 Street, Edmonton, Alberta, Canada",,,
30554340,DUPLEX,Edmonton,Ellerslie,721 82 Street SW,S,330000,T6X 1L8,2023-10-13,321000,E4356979,38,1081.99,100.52,6,3,3,3,1,3.1,Y,2005,ST2,W,0.0,N,0,Single Garage Attached,,FRAME,"Carpet, Laminate Flooring, Linoleum",304.99,3,38,38,38,F-FIN,Yes,296.68,97.27,321000,296.68,Liv Real Estate,Liv Real Estate,13,31A,262.5,423893,"721 82 Street SW, Edmonton, Alberta, Canada","721, 82 Street SW, Ellerslie Crossing, Ellerslie, Edmonton, Alberta, T6X 0H9, Canada",53.4258988,-113.4593686
9999958293,COND,Edmonton,Miller,422 14259 50 Street,S,182950,T5A 5J2,2006-09-19,182950,E3065014,49,939.69,87.3,4,2,2,2,0,2.0,Y,2006,APART,E,0.0,N,0,Stall,Central Park Estates,FRAME,"Linoleum, Wall to Wall Carpet",194.69,1,49,49,49,NBASE,No,194.69,100.0,182950,194.69,REALTORSÂ® Association of Edmonton,Rancho Realty (Edmonton) Ltd,,195,0.0,520149,"422 14259 50 Street, Edmonton, Alberta, Canada",,,
33653057,DUPLEX,Edmonton,Laurel,2132 32 Street NW,S,309900,T6T 0K4,2017-04-20,296000,E4052202,56,1198.56,111.35,6,3,3,1,1,1.1,N,2010,ST2,E,0.0,N,0,Double Garage Detached,,FRAME,"Carpet, Laminate Flooring",258.56,2,132,131,56,U-FIN,Yes,246.96,95.51,296000,246.96,RE/MAX Real Estate,MaxWell Polaris,2,43A,0.0,840286,"2132 32 Street NW, Edmonton, Alberta, Canada","32 Street NW, Silver Berry, Laurel, The Meadows, Edmonton, Alberta, T6T 0R2, Canada",53.4534052,-113.3865265
25286360,SF,Edmonton,Hollick-kenyon,16214 56 Street,S,369900,T5Y 2V1,2013-05-11,360000,E3332733,31,1417.18,131.66,6,3,3,1,1,1.1,N,1993,ST2,E,0.0,N,2,Double Garage Detached,,FRAME,"Carpet, Ceramic Tile, Laminate Flooring",261.01,2,31,31,31,U-FIN,Yes,254.03,97.32,360000,254.03,RE/MAX Elite,RE/MAX Accord,40,22,316.98,9321807,"16214 56 Street, Edmonton, Alberta, Canada",,,
19656479,SF,Edmonton,Belvedere,6216 135 Avenue,S,319900,T5A 0M8,2014-03-03,320000,E3358954,60,925.7,86.0,6,3,4,2,0,2.0,N,1965,BUNG,S,0.0,N,2,"Over Sized, Single Carport, Single Garage Detached",,FRAME,"Carpet, Ceramic Tile, Hardwood",345.58,2,143,143,60,F-FIN,Yes,345.69,100.03,320000,345.69,RE/MAX Elite,RE/MAX Real Estate,3,19,568.89,2676MC,"6216 135 Avenue, Edmonton, Alberta, Canada",,,
30848733,COND,Edmonton,Canon Ridge,428 530 HOOKE Road,S,239900,T5A 5J5,2016-05-06,231500,E4015544,28,1092.54,101.5,5,2,2,5,0,5.0,Y,2004,APART,SW,0.0,N,1,Underground,Ridge At Hermitage,FRAME,"Carpet, Linoleum",219.58,4,94,94,28,NBASE,No,211.89,96.5,231500,211.89,RE/MAX Real Estate,2% Realty Pro,,,0.0,426967,"428 530 HOOKE Road, Edmonton, Alberta, Canada",,,
32750854,SF,Edmonton,Callaghan,425 CALLAGHAN Court,S,625000,T6W 0G5,2017-11-08,612500,E4077044,91,2708.63,251.64,9,3,3,2,1,2.1,Y,2011,ST2,NW,0.0,Y,0,Double Garage Attached,,FRAME,"Carpet, Ceramic Tile, Hardwood",230.74,2,91,91,91,U-FIN,Yes,226.13,98.0,612500,226.13,Century 21 A.L.L. Stars Realty Ltd,Century 21 A.L.L. Stars Realty Ltd,1,74,515.04,728722,"425 CALLAGHAN Court, Edmonton, Alberta, Canada","Callaghan Court SW, Callaghan, Heritage Valley, Edmonton, Alberta, T6W 0N5, Canada",53.411658,-113.5251746
12567443,SF,Edmonton,La Perle,17913 98A Avenue,S,289900,T5T 3L3,2013-12-18,280000,E3354938,67,945.18,87.81,5,2,4,2,0,2.0,N,1980,SPLT4,N,0.0,N,0,"On Street, Parking Pad Cement/Paved",,FRAME,"Ceramic Tile, Laminate Flooring",306.71,3,67,67,67,P-FIN,No,296.24,96.59,280000,296.24,Sterling Real Estate,MaxWell Progressive,62,4A,379.03,7922441,"17913 98A Avenue, Edmonton, Alberta, Canada","17913, 98A Avenue NW, La Perle, West Jasper Place, Edmonton, Alberta, T5T 3R8, Canada",53.5347914,-113.6299792
16080450,SF,Edmonton,Meadowlark Park,8819 160 Street,S,168500,T5R 2H6,2004-09-14,164500,E3007648,42,1173.27,109.0,6,3,4,2,0,2.0,N,1960,BUNG,N,17.68,N,0,"No Garage, On Street, Rear Drive Access",,FRAME,"Hardwood, Linoleum, Non-Ceramic Tile",143.62,2,42,40,40,F-FIN,No,140.21,97.63,164500,140.21,RE/MAX Excellence,Royal Lepage Noralta Real Estate,8,20,593.17,6594KS,"8819 160 Street, Edmonton, Alberta, Canada","8819, 160 Street NW, Meadowlark Park, Jasper Place, Edmonton, Alberta, T5R 2J2, Canada",53.5236481,-113.5974961
0013719935,COND,Edmonton,Dunluce,213 LANCASTER Terrace,S,189900,T5X 5T3,2024-07-11,185000,E4391349,35,1279.61,118.88,6,3,3,1,1,1.1,Y,1977,ST2,E,0.0,N,0,Parkade,Lancaster Terrace,FRAME,"Carpet, Laminate Flooring",148.4,2,35,35,35,NBASE,No,144.58,97.42,185000,144.58,Exp Realty,Century 21 Masters,,,234.77,7821590,"213 LANCASTER Terrace, Edmonton, Alberta, Canada","Lancaster Terrace, Castle Downs, Edmonton, Alberta, Canada",53.6181739,-113.5269983
32196446,SF,Edmonton,Tamarack,3764 13 Street,S,468792,T6T 0E5,2009-06-22,417000,E3184285,48,2091.0,194.26,7,4,4,1,1,1.1,Y,2008,ST2,E,11.84,Y,2,Double Garage Attached,,FRAME,"Ceramic Tile, Hardwood, Wall to Wall Carpet",224.2,2,48,48,48,U-FIN,Yes,199.43,88.95,417000,199.43,REALTORSÂ® Association of Edmonton,Dynateam Realty Ltd,4,13,432.75,720412,"3764 13 Street, Edmonton, Alberta, Canada",,,
15458409,SF,Edmonton,Alberta Avenue,11511 91 Street NW,S,85000,T5B 4A7,2001-02-06,82000,E2102716,5,796.53,74.0,4,2,2,1,0,1.0,N,1943,BUNG,,0.0,Y,1,Single Garage Detached,,FRAME,"Carpet, Carpet Over Hardwood, Linoleum",106.71,1,5,1,1,P-FIN,No,102.95,96.47,82000,102.95,Century 21 Metro City,RE/MAX Phil Filipchuk,60,4,0.0,RN43B,"11511 91 Street NW, Edmonton, Alberta, Canada",,,
29734282,SF,Edmonton,Glastonbury,1909 Garnett Way,S,439900,T5T 4C6,2015-08-20,430000,E3411867,123,1794.02,166.67,7,3,3,2,1,2.1,Y,2003,ST2,W,0.0,Y,2,Double Garage Attached,,FRAME,"Carpet, Hardwood, Linoleum",245.2,2,213,212,123,U-FIN,Yes,239.69,97.75,430000,239.69,REALTORSÂ® Association of Edmonton,Comfree Commonsense Network,18,95,518.2,320013,"1909 Garnett Way, Edmonton, Alberta, Canada",,,
17222035,SF,Edmonton,Beverly Heights,12129 43 Street NW,S,87500,,2001-02-28,84000,E2103287,22,743.79,69.1,4,2,2,1,0,1.0,N,1955,BUNG,W,0.0,N,1,Single Garage Detached,,FRAME,"Carpet, Linoleum",117.64,2,22,16,16,F-FIN,No,112.94,96.0,84000,112.94,MaxWell Devonshire Realty,MaxWell Devonshire Realty,32,13,0.0,4985HW,"12129 43 Street NW, Edmonton, Alberta, Canada",,,
28269447,SF,Edmonton,Ozerna,16408 68 Street,S,409000,T5Z 3M6,2017-07-13,393000,E4071460,13,1321.81,122.8,6,3,4,3,0,3.0,Y,2002,BLEVL,E,0.0,Y,2,Double Garage Attached,,FRAME,"Ceramic Tile, Hardwood, Laminate Flooring",309.42,2,137,136,13,F-FIN,Yes,297.32,96.09,393000,297.32,RE/MAX Real Estate,RE/MAX Real Estate,121,28,0.0,20059,"16408 68 Street, Edmonton, Alberta, Canada",,,
26357921,COND,Edmonton,Terra Losa,15 9630 176 Street NW,S,167500,T5T 6E1,2004-03-17,164000,E2405339,17,1447.74,134.5,4,2,2,2,1,2.1,N,1995,ST2,N,5.5,Y,1,"Heated, Insulated, Single Garage Attached",Stonegate,FRAME,"Carpet, Linoleum",115.7,3,146,143,15,F-FIN,Yes,113.28,97.91,164000,113.28,Christenson Realty,National Home Registry,15,,0.0,9521308,"15 9630 176 Street NW, Edmonton, Alberta, Canada",,,
20228680,SF,Edmonton,Fulton Place,10224 50 Street,S,348888,T6A 2B9,2007-04-18,355000,E3087139,3,1090.38,101.3,5,3,3,1,1,1.1,Y,1956,BUNG,E,0.0,N,2,Double Garage Detached,,FRAME,"Hardwood, Linoleum",319.97,1,3,2,2,P-FIN,Yes,325.57,101.75,355000,325.57,REALTORSÂ® Association of Edmonton FNIS,Realty Executives Encore,7,15,628.0,1841KS,"10224 50 Street, Edmonton, Alberta, Canada",,,
29598704,SF,Edmonton,The Hamptons,20113 53 Avenue,S,359900,T6M 2W2,2014-02-18,354000,E3362207,11,1237.85,115.0,6,3,3,1,1,1.1,N,2004,ST2,N,0.0,N,0,Double Garage Detached,,FRAME,"Carpet, Linoleum",290.75,2,11,12,12,U-FIN,Yes,285.98,98.36,354000,285.98,Century 21 Platinum Realty,Century 21 A.L.L. Stars Realty Ltd,4,50,322.14,226719,"20113 53 Avenue, Edmonton, Alberta, Canada",,,
14256994,SF,Edmonton,Jackson Heights,3521 44A Avenue,S,314900,T6L 6K6,2009-09-03,301000,E3191108,67,1207.71,112.2,6,3,3,1,1,1.1,N,1991,ST2,N,9.2,N,2,Double Garage Detached,,FRAME,"Carpet, Ceramic Tile, Hardwood",260.74,3,67,67,67,F-FIN,Yes,249.23,95.59,301000,249.23,Royal Lepage Noralta Real Estate,MaxWell Polaris,21,72,0.0,9021893,"3521 44A Avenue, Edmonton, Alberta, Canada",,,
29727542,COND,Edmonton,Glastonbury,17 2021 GRANTHAM Crest,S,289900,T5T 6V7,2013-03-22,284000,E3328592,18,1270.14,118.0,6,3,3,2,1,2.1,Y,2004,ST2,W,0.0,Y,1,Single Garage Attached,Summerhill Lane,FRAME,"Carpet, Laminate Flooring, Linoleum",228.24,3,18,18,18,F-FIN,Yes,223.6,97.96,284000,223.6,Century 21 Signature Realty,RE/MAX Real Estate,,,254.59,227810,"17 2021 GRANTHAM Crest, Edmonton, Alberta, Canada",,,
17519670,SF,Edmonton,Pleasantview,10715 58 Avenue,S,869800,T6H 1B9,2014-08-28,873500,E3386764,15,2340.07,217.4,6,3,6,4,0,4.0,Y,1978,BUNG,NE,22.83,Y,2,"Double Garage Detached, Over Sized",,FRAME,"Carpet, Ceramic Tile, Hardwood",371.7,2,15,15,15,F-FIN,Yes,373.28,100.43,873500,373.28,RE/MAX Real Estate Centre,RE/MAX Real Estate Centre,6,5A,1048.17,4546NY,"10715 58 Avenue, Edmonton, Alberta, Canada",,,
0038584620,COND,Edmonton,Edgemont,53 230 EDGEMONT Road,S,344888,T6M 0Y8,2023-03-28,342500,E4331618,11,1543.22,143.37,7,3,3,2,1,2.1,Y,2019,ST2,N,0.0,Y,2,Double Garage Attached,Edgemont Townhomes,FRAME,"Carpet, Hardwood",223.49,3,11,11,11,NBASE,Yes,221.94,99.31,342500,221.94,RE/MAX River City,RE/MAX Real Estate,,,190.55,1920415,"53 230 EDGEMONT Road, Edmonton, Alberta, Canada",,,
26798439,SF,Edmonton,Breckenridge Greens,509 BEVINGTON Close,S,269900,T5T 6G3,2006-03-23,267500,E3052677,10,1485.42,138.0,5,3,3,2,2,2.2,Y,1997,ST2,W,12.2,Y,2,"Double Garage Attached, Insulated",,FRAME,"Carpet, Ceramic Tile, Linoleum",181.7,3,10,8,8,F-FIN,Yes,180.08,99.11,267500,180.08,RE/MAX Elite,RE/MAX Excellence,9,61,428.18,9622994,"509 BEVINGTON Close, Edmonton, Alberta, Canada",,,
13293592,SF,Edmonton,Richfield,303 RICHFIELD Road,S,324900,T6K 0A5,2016-10-19,309000,E4035692,49,1162.5,108.0,4,3,4,1,2,1.2,Y,1972,BUNG,SW,0.0,N,0,Double Garage Detached,,FRAME,"Carpet, Linoleum",279.48,2,49,49,49,F-FIN,Yes,265.81,95.11,309000,265.81,NOW Real Estate Group,RE/MAX Professionals,8,2,0.0,6455RS,"303 RICHFIELD Road, Edmonton, Alberta, Canada",,,
13240791,COND,Edmonton,Lorelei,117 16348 109 Street,S,249900,T5X 2T4,2008-06-06,234000,E3140302,49,1022.57,95.0,6,3,3,1,1,1.1,N,1977,ST2,S,0.0,N,0,Stall,Castlewoods (Lorelei),FRAME,"Carpet, Laminate Flooring, Linoleum",244.38,2,49,46,46,U-FIN,No,228.84,93.64,234000,228.84,Realty Executives North Star,RE/MAX Real Estate,,,247.96,7821062,"117 16348 109 Street, Edmonton, Alberta, Canada",,,
23184724,SF,Edmonton,Athlone,13729 131A Avenue,S,384900,T5L 5A1,2015-07-24,374000,E3423123,20,1439.99,133.78,6,3,3,2,1,2.1,Y,1997,ST2,N,0.0,Y,0,Double Garage Attached,,FRAME,"Carpet, Linoleum",267.29,2,110,109,19,U-FIN,Yes,259.72,97.17,374000,259.72,RE/MAX Elite,Royal Lepage Noralta Real Estate,1,56,464.82,9222298,"13729 131A Avenue, Edmonton, Alberta, Canada",,,
10565002,COND,Edmonton,Jamieson Place,5767 189 Street,S,172000,T6M 2G9,2005-11-28,170000,E3045838,13,957.99,89.0,5,2,3,2,0,2.0,N,1988,BUNG,E,0.0,N,1,Single Garage Attached,Amberwood Village (Jamieson Pl),FRAME,"Carpet, Linoleum",179.54,1,13,8,8,P-FIN,Yes,177.46,98.84,170000,177.46,RE/MAX Excellence,RE/MAX Excellence,,14,413.77,8822428,"5767 189 Street, Edmonton, Alberta, Canada",,,
11401817,COND,Edmonton,Bisset,3631 30 Avenue,S,214900,T6L 5H5,2009-07-08,205000,E3189074,30,1194.79,111.0,6,3,3,1,1,1.1,N,1982,ST2,NW,0.0,Y,0,Stall,Kingsgate,FRAME,"Laminate Flooring, Linoleum, Wall to Wall Carpet",179.86,3,30,27,27,F-FIN,No,171.58,95.39,205000,171.58,RE/MAX Accord,RE/MAX Real Estate,,,315.0,8222986,"3631 30 Avenue, Edmonton, Alberta, Canada","30 Avenue SW, Cavanagh, Heritage Valley, Edmonton, Alberta, T6W 2N7, Canada",53.4069271,-113.5174362
22510318,COND,Edmonton,Boyle Street,103 8811 106A Avenue NW,S,99900,T5R 3Y7,2001-04-23,97000,E2106263,38,1205.56,112.0,5,2,2,2,0,2.0,N,1992,,SW,0.0,N,2,Underground,Cambridge Court,FRAME,"Linoleum, Wall to Wall Carpet",82.87,1,38,34,34,,No,80.46,97.1,97000,80.46,Coldwell Banker Venture Realty,Royal Lepage Arteam Realty,4,,0.0,9221528,"103 8811 106A Avenue NW, Edmonton, Alberta, Canada",,,
30182893,SF,Edmonton,The Hamptons,20151 46 Avenue,S,344000,T6M 2Y1,2010-11-30,337000,E3237357,134,1058.09,98.3,5,3,3,1,0,1.0,N,2004,BLEVL,N,0.0,N,0,Double Garage Attached,,FRAME,"Carpet, Linoleum",325.11,1,134,132,132,U-FIN,Yes,318.5,97.97,337000,318.5,MaxWell Polaris,MaxWell Polaris,7,57,381.71,325548,"20151 46 Avenue, Edmonton, Alberta, Canada","20151, 46 Avenue NW, The Hamptons, The Grange, Edmonton, Alberta, T6M 2Z7, Canada",53.4835484,-113.6706183
15488190,SF,Edmonton,Parkdale,11731 88 Street,S,169900,T5E 3H8,2007-01-02,148000,E3075074,43,589.86,54.8,3,1,1,1,0,1.0,N,1939,BUNG,W,0.0,Y,1,Single Garage Detached,,FRAME,"Carpet, Hardwood, Linoleum",288.03,1,43,42,42,P-FIN,Yes,250.91,87.11,148000,250.91,RE/MAX Real Estate,Sutton Group Nor-Vista Realty,75,10,505.35,RN43B,"11731 88 Street, Edmonton, Alberta, Canada","11731, 88 Street NW, Parkdale, Avenue District, Edmonton, Alberta, T5B 0T5, Canada",53.5695779,-113.4765482
37359890,COND,Edmonton,Granville,307 7508 Getty Gate,S,174900,T5S 4S8,2020-06-03,166000,E4195450,33,526.03,48.87,5,1,1,1,0,1.0,N,2016,APART,N,0.0,N,1,Underground,Stafford Greens Condo,CONCR,"Carpet, Laminate Flooring",332.49,1,33,33,33,NBASE,No,315.57,94.91,166000,315.57,YEGPro Realty,Century 21 All Stars Realty Ltd,,,0.0,1623732,"307 7508 Getty Gate, Edmonton, Alberta, Canada",,,
15046733,SF,Edmonton,Blue Quill,11716 28 Avenue,S,399900,T6J 3P2,2013-04-13,389000,E3330118,25,1915.97,178.0,8,4,4,2,2,2.2,Y,1976,ST2,S,0.0,N,2,Double Garage Attached,,FRAME,"Carpet, Laminate Flooring, Linoleum",208.72,3,25,25,25,P-FIN,Yes,203.03,97.27,389000,203.03,RE/MAX Advantage,MaxWell Devonshire Realty,26,18,802.11,7521151,"11716 28 Avenue, Edmonton, Alberta, Canada","11716, 28 Avenue NW, Blue Quill, Kaskitayo, Edmonton, Alberta, T6J 3K9, Canada",53.4599462,-113.5350623
14663868,COND,Edmonton,Belmont,13159 34 Street,S,236900,T5A 3K1,2008-11-21,230000,E3167370,17,1388.54,129.0,7,4,4,1,1,1.1,N,1976,ST2,W,0.0,Y,1,"Front Drive Access, Single Garage Attached",Claregreen Mews,FRAME,"Carpet, Linoleum",170.61,3,17,16,16,F-FIN,Yes,165.64,97.09,230000,165.64,MaxWell Challenge Realty,MaxWell Challenge Realty,,,270.92,7621828,"13159 34 Street, Edmonton, Alberta, Canada","34 Street NW, Pylypow Industrial, South Industrial District, Edmonton, Alberta, T6B 3T9, Canada",53.4953636,-113.3940946
35563320,SF,Edmonton,Chappelle Area,3426 Cutler Crescent,S,379900,T6W 0Y7,2014-07-22,386671,E3369829,99,1539.99,143.07,6,3,3,2,1,2.1,Y,2014,ST2,E,0.0,Y,0,Parking Pad Cement/Paved,,FRAME,"Carpet, Ceramic Tile, Laminate Flooring",246.69,2,99,98,98,U-FIN,No,251.09,101.78,386671,251.09,Coldwell Banker Haida Realty,MaxWell Challenge Realty,1,59,0.0,1320325,"3426 Cutler Crescent, Edmonton, Alberta, Canada","Cutler Crescent SW, Chappelle, Heritage Valley, Edmonton, Alberta, T6W 2N4, Canada",53.4045376,-113.5678576
10680593,COND,Edmonton,Pleasantview,28 5627 105 Street NW,S,36900,T6H 2N2,2000-01-26,36900,E9801167,1316,742.71,69.0,4,2,2,1,0,1.0,N,1964,,,0.0,N,0,Stall,Charleswood,FRAME,"Carpet, Linoleum",49.68,0,1895,1314,737,,No,49.68,100.0,36900,49.68,MaxWell Devonshire Realty,REALTORSÂ® Association of Edmonton FNIS,67,,0.0,8722412,"28 5627 105 Street NW, Edmonton, Alberta, Canada","105 Street & 28 Avenue, 105 Street NW, Ermineskin, Kaskitayo, Edmonton, Alberta, T6J 4J9, Canada",53.4587714,-113.499292
20227146,SF,Edmonton,Fulton Place,10204 52 Street,S,329900,T6A 2G3,2011-11-09,300000,E3280077,24,1233.76,114.62,6,3,4,2,0,2.0,N,1957,BUNG,E,0.0,Y,2,"Double Garage Detached, See Remarks",,FRAME,"Carpet, Ceramic Tile, Laminate Flooring",267.39,2,24,23,23,F-FIN,Yes,243.16,90.94,300000,243.16,Coldwell Banker Venture Realty,Realty Executives North Star,9,16,507.64,1841KS,"10204 52 Street, Edmonton, Alberta, Canada","52 Street NW, Newton, Greater Highlands, Edmonton, Alberta, T5A 0B4, Canada",53.580165,-113.4215022
30398606,COND,Edmonton,Boyle Street,406 10118 95 Street,S,329900,T5H 4R6,2011-04-06,325000,E3255165,17,1121.6,104.2,5,2,2,2,0,2.0,Y,2004,LOFT,E,0.0,N,1,"Heated, Underground",Chadwick,FRAME,"Cork Flooring, Hardwood",294.13,2,17,16,16,NBASE,Yes,289.77,98.51,325000,289.77,RE/MAX Elite,Edmonton Real Estate Group Inc,,,70.9,421589,"406 10118 95 Street, Edmonton, Alberta, Canada",,,
11410099,SF,Edmonton,Cloverdale,9706 96 Street,S,399900,T6C 3Z3,2010-07-23,360000,E3225586,61,900.08,83.62,5,2,3,2,0,2.0,N,1954,BUNG,E,10.0,N,2,"Double Garage Detached, Over Sized, See Remarks",,FRAME,"Carpet, Hardwood, Linoleum",444.3,2,61,61,61,F-FIN,Yes,399.97,90.02,360000,399.97,RE/MAX Accord,Dunham Team Realty Inc,4,33,398.12,1226AQ,"9706 96 Street, Edmonton, Alberta, Canada","9706, 96 Street NW, Cloverdale, Central Core, Edmonton, Alberta, T6C 2B3, Canada",53.5363737,-113.4751174
20814083,DUPLEX,Edmonton,Pleasantview,10919 52 Avenue,S,299955,T6H 0P2,2017-09-23,299955,E4082011,9,940.66,87.39,4,2,3,1,1,1.1,N,1964,BUNG,N,0.0,N,2,Double Garage Detached,,FRAME,"Carpet, Laminate Flooring, Linoleum",318.88,2,9,9,9,F-FIN,Yes,318.88,100.0,299955,318.88,Homes & Gardens Real Estate Limited,RE/MAX Elite,36,9C,0.0,1008NY,"10919 52 Avenue, Edmonton, Alberta, Canada","10919, 52 Avenue NW, Pleasantview, Edmonton, Alberta, T6H 0S4, Canada",53.4894749,-113.5131065
0010154946,COND,Edmonton,Dunluce,15719 121 Street,S,234900,T5X 2S1,2025-04-21,245500,E4429388,15,1441.72,133.94,5,2,2,1,1,1.1,Y,1976,SPLT5,S,0.0,Y,1,Single Garage Attached,North Park Village,FRAME,"Carpet, Linoleum",162.93,5,15,15,15,U-FIN,Yes,170.28,104.51,245500,170.28,RE/MAX River City,Black Sheep Realty,,,342.87,7721209,"15719 121 Street, Edmonton, Alberta, Canada","121 Street NW, Blatchford, Edmonton, Alberta, T5L 5C3, Canada",53.5791823,-113.5263367
30735220,COND,Edmonton,Callingwood South,527 17404 64 Avenue,S,249900,T5T 6X4,2006-11-15,249000,E3074323,6,1001.9,93.08,5,3,3,2,0,2.0,Y,2004,APART,W,0.0,N,1,"Heated, Insulated, Underground",Westpark Condominiums,FRAME,"Carpet, Ceramic Tile, Hardwood",249.43,1,69,69,6,,No,248.53,99.64,249000,248.53,MaxWell Polaris,RE/MAX Excellence,,142,92.44,425684,"527 17404 64 Avenue, Edmonton, Alberta, Canada",,,
15323678,SF,Edmonton,Westmount,10980 131 Street NW,S,239900,T5M 1B6,2003-04-11,236500,E2307128,14,1636.11,152.0,7,3,4,2,0,2.0,N,1952,ST1.5,E,15.2,N,1,Single Garage Detached,,FRAME,"Carpet, Ceramic Tile, Hardwood",146.63,3,14,10,10,F-FIN,No,144.55,98.58,236500,144.55,RE/MAX Real Estate,RE/MAX Real Estate,21,6,0.0,RN60,"10980 131 Street NW, Edmonton, Alberta, Canada","10980, 131 Street NW, Westmount, Western Mature Area, Edmonton, Alberta, T5M 0J2, Canada",53.5566325,-113.5482876
29323862,COND,Edmonton,Downtown,508 10169 104 Street NW,S,229900,T5J 1A5,2004-04-05,227000,E2404217,53,1040.87,96.7,5,1,1,1,0,1.0,N,1913,,,0.0,N,0,"Stall, Underground",Phillips Lofts,BRICK,"Hardwood, Non-Ceramic Tile",220.87,1,53,46,46,U-FIN,No,218.09,98.74,227000,218.09,RE/MAX Real Estate Centre,REALTYi GROUP,42,,0.0,222718,"508 10169 104 Street NW, Edmonton, Alberta, Canada",,,
34679175,SF,Edmonton,Schonsee,17107 78 Street,S,426800,T5Z 0E6,2021-07-31,419800,E4256647,1,1575.19,146.34,7,3,3,2,1,2.1,Y,2014,ST2,SW,0.0,Y,0,Double Garage Attached,,FRAME,"Carpet, Ceramic Tile, Laminate Flooring",270.95,2,1,1,1,U-FIN,Yes,266.51,98.36,419800,266.51,MaxWell Progressive,MaxWell Polaris,2,19,396.39,1120832,"17107 78 Street, Edmonton, Alberta, Canada","78 Street NW, Kilkenny, Londonderry, Northern Mature Area, Edmonton, Alberta, T5C 1C2, Canada",53.6092628,-113.4618971
12700259,COND,Edmonton,Ermineskin,10417 24 Avenue,S,199900,T6Y 4S2,2011-07-16,199000,E3263621,59,968.75,90.0,6,3,4,1,1,1.1,N,1978,ST2,N,0.0,N,0,,Cypress Grove,FRAME,"Carpet, Laminate Flooring",206.35,2,59,53,53,P-FIN,No,205.42,99.55,199000,205.42,RE/MAX Excellence,RE/MAX Excellence,,,244.21,7921826,"10417 24 Avenue, Edmonton, Alberta, Canada","10417, 24 Avenue NW, Ermineskin, Kaskitayo, Edmonton, Alberta, T6J 5B7, Canada",53.4546065,-113.5002512
0033460395,SF,Edmonton,The Hamptons,20736 61 Avenue,S,535000,T6M 0L6,2022-11-04,515000,E4313781,49,2193.04,203.74,7,3,4,2,1,2.1,Y,2010,ST2,S,0.0,Y,2,Double Garage Attached,,FRAME,"Carpet, Hardwood, Laminate Flooring",243.95,3,70,70,49,F-FIN,Yes,234.83,96.26,515000,234.83,Kairali Realty Inc.,MaxWell Polaris,34,91,0.0,0827369,"20736 61 Avenue, Edmonton, Alberta, Canada","61 Avenue NW, Davies Industrial West, South Industrial District, Edmonton, Alberta, T6E 6L9, Canada",53.4969276,-113.4579883
17939323,SF,Edmonton,Kensington,13531 121A Street,S,325000,T5L 0A5,2014-02-09,323000,E3361075,13,1024.94,95.22,6,3,4,2,0,2.0,N,1958,BUNG,W,0.0,Y,1,"Over Sized, Single Carport, Single Garage Detached",,FRAME,"Hardwood, Linoleum, Wall to Wall Carpet",317.09,2,13,13,13,F-FIN,Yes,315.14,99.38,323000,315.14,RE/MAX Real Estate,RE/MAX Real Estate,6,19,539.17,4374KS,"13531 121A Street, Edmonton, Alberta, Canada","13531, 121A Street NW, Kensington, Northern Mature Area, Edmonton, Alberta, T5E 5N1, Canada",53.5976058,-113.5306457
30974877,SF,Edmonton,Wild Rose,3411 24 Street,S,425000,T6T 0B1,2020-09-24,430000,E4215227,2,2182.92,202.8,8,4,5,3,1,3.1,Y,2006,ST2,W,0.0,N,0,Double Garage Attached,,FRAME,"Carpet, Hardwood, Laminate Flooring",194.69,3,2,2,2,F-FIN,Yes,196.98,101.18,430000,196.98,MaxWell Polaris,MaxWell Polaris,59,22,460.17,521345,"3411 24 Street, Edmonton, Alberta, Canada","24 Street NW, Silver Berry, Laurel, The Meadows, Edmonton, Alberta, T6T 2C1, Canada",53.4490783,-113.3755927
11448131,COND,Edmonton,Keheewin,405 1945 105 Street,S,249900,T5J 5N6,2007-08-28,249900,E3103153,46,855.73,79.5,5,2,2,1,0,1.0,N,1981,APART,E,0.0,N,0,Stall,Yellowbird House,FRAME,"Carpet, Linoleum",292.03,1,46,45,45,NBASE,No,292.03,100.0,249900,292.03,Best Buy Realty,RE/MAX Real Estate,6,,94.17,8321589,"405 1945 105 Street, Edmonton, Alberta, Canada",,,
27314780,SF,Edmonton,Twin Brooks,1346 118A Street NW,S,198500,,2000-06-14,187000,E2003399,118,1829.86,170.0,6,3,3,2,1,2.1,N,2000,ST2,SE,13.4,Y,2,Double Garage Attached,,FRAME,"Carpet, Linoleum",108.48,2,118,117,117,U-FIN,Yes,102.19,94.21,187000,102.19,Rancho Realty (Edmonton) Ltd,Rancho Realty (Edmonton) Ltd,5,118,0.0,9724447,"1346 118A Street NW, Edmonton, Alberta, Canada","1346, 118A Street NW, Twin Brooks, Kaskitayo, Edmonton, Alberta, T6J 7E2, Canada",53.4470972,-113.5391435
25910754,COND,Edmonton,Delwood,13201 81 Street NW,S,89500,T5C 1N6,2004-04-12,83000,E2405809,40,1119.45,104.0,6,3,3,1,1,1.1,N,1968,ST2,,0.0,N,0,"Stall, See Remarks",Delwood Gardens,FRAME,,79.95,3,40,38,38,F-FIN,No,74.14,92.74,83000,74.14,RE/MAX Excellence,RE/MAX Excellence,13,,0.0,9420440,"13201 81 Street NW, Edmonton, Alberta, Canada","13201, 81 Street NW, Delwood, Northern Mature Area, Edmonton, Alberta, T5E 2V2, Canada",53.5932301,-113.4653061
14711551,SF,Edmonton,Menisa,6803 12 Avenue NW,S,134900,T6K 3J6,2001-08-24,135000,E2117926,12,1291.67,120.0,6,3,3,2,1,2.1,N,1977,BUNG,N,16.8,N,2,Double Garage Detached,,FRAME,"Ceramic Tile, Hardwood, Linoleum",104.44,1,12,11,11,P-FIN,Yes,104.52,100.07,135000,104.52,Century 21 Platinum Realty,Royal Lepage Noralta Real Estate,32,22,0.0,7621269,"6803 12 Avenue NW, Edmonton, Alberta, Canada","6803, 12 Avenue NW, Menisa, Knottwood, Mill Woods, Edmonton, Alberta, T6K 2B5, Canada",53.4416796,-113.4407367
0010356020,COND,Edmonton,Lymburn,165 Surrey Gardens,S,124000,T5T 1Z3,2022-03-15,122000,E4269079,129,894.91,83.14,7,2,2,1,0,1.0,N,1977,BUNG,S,0.0,Y,0,Stall,Surrey Gardens,FRAME,"Carpet, Ceramic Tile",138.56,1,274,272,127,NBASE,No,136.33,98.39,122000,136.33,Exp Realty,MaxWell Progressive,,,176.38,7721985,"165 Surrey Gardens, Edmonton, Alberta, Canada","Surrey Gardens, West Jasper Place, Edmonton, Alberta, Canada",53.5036964,-113.6326716
26167676,SF,Edmonton,Athlone,13867 131B Avenue,S,399900,T5L 5A8,2011-06-18,398000,E3261153,43,1159.27,107.7,7,3,3,2,1,2.1,Y,1998,SPLT4,NW,0.0,Y,2,"Double Garage Attached, Heated, Over Sized",,FRAME,"Carpet, Ceramic Tile, Laminate Flooring",344.96,4,43,42,42,F-FIN,Yes,343.32,99.52,398000,343.32,Century 21 Platinum Realty,Realty Executives - Masters,3,16,543.17,9423027,"13867 131B Avenue, Edmonton, Alberta, Canada","13867, 131B Avenue NW, Athlone, Northern Mature Area, Edmonton, Alberta, T5L 4T3, Canada",53.5917022,-113.5612179
0036767382,COND,Edmonton,Eaux Claires,102 9519 160 Avenue,S,167500,T5Z 0N1,2025-04-01,167500,E4422668,36,714.18,66.35,4,1,1,1,0,1.0,Y,2014,APART,E,0.0,N,0,Stall,Radiance Condos,FRAME,"Ceramic Tile, Laminate Flooring",234.53,4,36,36,36,NBASE,No,234.53,100.0,167500,234.53,Exp Realty,CIR Realty,,,66.35,1425343,"102 9519 160 Avenue, Edmonton, Alberta, Canada",,,
19115858,SF,Edmonton,Westmount,11016 132 Street,S,299500,T5M 1E2,2020-07-15,285000,E4193911,93,1239.25,115.13,6,4,4,1,0,1.0,N,1952,ST1.5,E,14.3,N,0,"Off Street, On Street",,FRAME,"Hardwood, Linoleum",241.68,2,93,93,93,P-FIN,No,229.98,95.16,285000,229.98,Century 21 Bamber Realty Ltd,Homes & Gardens Real Estate Limited,29,4,610.91,3402HW,"11016 132 Street, Edmonton, Alberta, Canada","132 Street NW, Glenora, Western Mature Area, Edmonton, Alberta, T5N 0N7, Canada",53.5462478,-113.5496032
10915933,COND,Edmonton,Tweddle Place,4306 76 Street,S,229500,T6K 1V3,2007-04-03,216000,E3083624,20,967.67,89.9,3,0,2,1,0,1.0,N,1974,BLEVL,NW,0.0,N,0,Stall,Millbourne Gardens,FRAME,"Carpet, Linoleum",237.17,2,20,16,16,F-FIN,No,223.22,94.12,216000,223.22,Century 21 Platinum Realty,Century 21 Platinum Realty,2,,295.56,7520547,"4306 76 Street, Edmonton, Alberta, Canada","76 Street NW, Crystallina Nera West, Lake District, Edmonton, Alberta, T5Z 3S4, Canada",53.6443865,-113.4591167
13792544,SF,Edmonton,Alberta Avenue,11243 90 Street,S,228000,T5B 3X4,2015-02-13,212000,E3395777,91,1125.9,104.6,4,4,4,1,0,1.0,N,1913,ST1.5,W,0.0,N,0,,,REMKS,See Remarks,202.5,2,91,91,91,,No,188.29,92.98,212000,188.29,2% Realty Pro,MaxWell Polaris,68,17,367.89,RN43B,"11243 90 Street, Edmonton, Alberta, Canada","90 Street SW, Summerside, Ellerslie, Edmonton, Alberta, T6X 1J7, Canada",53.4152248,-113.4727252
17610049,SF,Edmonton,Belvedere,13427 61 Street,S,329000,T5A 0T4,2020-08-03,327000,E4202087,49,911.7,84.7,6,2,3,2,0,2.0,N,1964,BUNG,S,0.0,N,0,"Double Garage Detached, Heated, Over Sized",,FRAME,"Carpet, Ceramic Tile, Hardwood",360.86,2,49,47,47,F-FIN,Yes,358.67,99.39,327000,358.67,MaxWell Polaris,Royal LePage Noralta Real Estate,6,6,523.82,2676MC,"13427 61 Street, Edmonton, Alberta, Canada","13427, 61 Street NW, Belvedere, Northern Mature Area, Edmonton, Alberta, T5A 0V5, Canada",53.5965468,-113.4348211
38140836,DUPLEX,Edmonton,Chappelle Area,7446 CHIVERS Crescent,S,349900,T6W 4M2,2020-12-11,342500,E4221355,23,1517.93,141.02,8,3,3,2,1,2.1,Y,2020,ST2,N,0.0,N,1,Single Garage Attached,,FRAME,"Carpet, Ceramic Tile, Laminate Flooring",230.51,2,23,22,22,U-FIN,Yes,225.64,97.89,342500,225.64,Ambergate Realty Advisors,RE/MAX Excellence,30,62,262.4,1823306,"7446 CHIVERS Crescent, Edmonton, Alberta, Canada","Chivers Crescent SW, Chappelle, Heritage Valley, Edmonton, Alberta, T6W 3L7, Canada",53.3978627,-113.6005131
14234306,DUPLEX,Edmonton,Greenview,5409 39 Avenue,S,279000,T6L 1P3,2017-05-19,265000,E4055551,60,1130.21,105.0,5,3,3,1,1,1.1,N,1978,ST2,N,0.0,N,0,"Front Drive Access, Parking Pad Cement/Paved",,FRAME,"Carpet, Laminate Flooring, Linoleum",246.86,3,153,153,60,F-FIN,No,234.47,94.98,265000,234.47,MaxWell Progressive,Royal Lepage Summit Realty,13,3,0.0,7721465,"5409 39 Avenue, Edmonton, Alberta, Canada","5409, 39 Avenue NW, Greenview, Woodvale, Mill Woods, Edmonton, Alberta, T6L 5N3, Canada",53.473308,-113.4211811
38275005,SF,Edmonton,Stewart Greens,20631 99B Avenue,S,434900,T5T 7N3,2021-10-01,405000,E4255124,74,1586.92,147.43,6,3,3,2,1,2.1,Y,2021,ST2,S,0.0,N,0,Parking Pad Cement/Paved,,FRAME,"Carpet, Laminate Flooring",274.05,2,119,119,74,U-FIN,No,255.21,93.12,405000,255.21,REALTORSÂ® Association of Edmonton,Bode,9,5,315.14,1920902,"20631 99B Avenue, Edmonton, Alberta, Canada","99B Avenue NW, Stewart Greens, Lewis Estates, Lewis Farms, Edmonton, Alberta, T5T 7J6, Canada",53.5387861,-113.6750638
26068320,DUPLEX,Edmonton,Ritchie,8021 95A Street,S,579000,T6C 3Y1,2017-03-10,579100,E4052731,9,1617.28,150.25,7,3,3,2,1,2.1,Y,1994,ST2,W,0.0,N,0,"Parking Pad Cement/Paved, Single Garage Attached",,FRAME,"Ceramic Tile, Cork Flooring, Hardwood",358.01,2,9,10,10,P-FIN,Yes,358.07,100.02,579100,358.07,RE/MAX River City,RE/MAX Excellence,14,23B,0.0,9422032,"8021 95A Street, Edmonton, Alberta, Canada","8021-8023, 95A Street NW, Ritchie, Mill Creek South, Greater Strathcona, Edmonton, Alberta, T6C 0Z8, Canada",53.5168402,-113.4752282
12759080,SF,Edmonton,Forest Heights,10316 78 Street,S,325900,T6A 3E5,2008-11-03,321000,E3165303,16,979.95,91.04,5,3,4,2,0,2.0,N,1955,BUNG,E,0.0,N,1,Single Garage Detached,,FRAME,"Ceramic Tile, Laminate Flooring",332.57,2,16,14,14,F-FIN,Yes,327.57,98.5,321000,327.57,RE/MAX Advantage,RE/MAX Elite,22,19,558.6,4851HW,"10316 78 Street, Edmonton, Alberta, Canada","10316, 78 Street NW, Forest Heights, Edmonton, Alberta, T6A 0J7, Canada",53.5452491,-113.4481197
36280881,DUPLEX,Edmonton,Schonsee,17304 73 Street NW,S,382900,T5Z 0L3,2015-12-11,355900,E3437184,42,1542.47,143.3,6,3,3,2,1,2.1,Y,2015,ST2,E,7.5,Y,2,Double Garage Attached,,FRAME,"Carpet, Laminate Flooring, Non-Ceramic Tile",248.24,2,42,37,37,U-FIN,Yes,230.73,92.95,355900,230.73,REALTORSÂ® Association of Edmonton,Rancho Realty (Edmonton) Ltd,8,46,255.0,142-3967,"17304 73 Street NW, Edmonton, Alberta, Canada","73 Street NW, Terrace Heights, Edmonton, Alberta, T6A 0J1, Canada",53.5435034,-113.4399464
0011814613,COND,Edmonton,Sakaw,9 1415 62 Street,S,164900,T6L 4K1,2025-08-23,157000,E4454266,1,1162.5,108.0,6,3,3,1,1,1.1,N,1981,ST2,N,0.0,Y,0,Stall,Arbour Glen,FRAME,"Carpet, Linoleum",141.85,2,53,53,1,P-FIN,No,135.05,95.21,157000,135.05,Exp Realty,AB Realty Ltd,,,0.0,8121793,"9 1415 62 Street, Edmonton, Alberta, Canada",,,
30425525,COND,Edmonton,Breckenridge Greens,302 279 SUDER GREENS Drive,S,309900,T5T 6X6,2015-07-10,300000,E3420446,26,1229.24,114.2,6,2,2,2,0,2.0,Y,2004,APART,E,0.0,Y,0,Underground,Grande Lewis Estates,FRAME,"Carpet, Non-Ceramic Tile",252.11,1,122,121,26,,No,244.05,96.81,300000,244.05,RE/MAX Real Estate,MaxWell Polaris,,,85.33,421955,"302 279 SUDER GREENS Drive, Edmonton, Alberta, Canada","RBC, Webber Greens Drive NW, Suder Greens, Lewis Estates, Lewis Farms, Edmonton, Alberta, T5T 6E8, Canada",53.524021,-113.6685047
13203716,COND,Edmonton,Belmont,1C CLAREVIEW Village NW,S,78500,T5A 3P2,2002-03-27,76000,E2204614,15,968.75,90.0,5,3,3,1,1,1.1,N,1977,ST2,NW,0.0,N,1,,Clareview Village,FRAME,"Carpet, Linoleum",81.03,2,15,14,14,F-FIN,No,78.45,96.82,76000,78.45,Trueman Realty,Ranger Realty Company Ltd,26,,0.0,7720093,"1C CLAREVIEW Village NW, Edmonton, Alberta, Canada",,,
24704801,COND,Edmonton,Ritchie,54 9908 80 Avenue,S,154900,T6E 6L7,2005-03-21,152000,E3023086,18,1011.81,94.0,5,2,2,2,0,2.0,Y,1993,APART,S,0.0,Y,0,Single Carport,King Edward Place,FRAME,"Carpet, Linoleum",153.09,1,18,16,16,NBASE,No,150.23,98.13,152000,150.23,Royal Lepage Noralta Real Estate,Royal Lepage Summit Realty,,54,82.78,9320761,"54 9908 80 Avenue, Edmonton, Alberta, Canada",,,
0037384765,SF,Edmonton,Desrochers Area,1771 DUMONT Crescent,S,467000,T6W 3V8,2024-07-25,460000,E4395954,20,1443.65,134.12,7,3,3,2,1,2.1,Y,2017,ST2,N,0.0,Y,0,"Front Drive Access, Single Garage Attached",,FRAME,"Carpet, Hardwood, Vinyl Plank",323.48,3,98,96,20,F-FIN,Yes,318.64,98.5,460000,318.64,Century 21 Leading,RE/MAX River City,4,49,0.0,1623939,"1771 DUMONT Crescent, Edmonton, Alberta, Canada","Dumont Crescent SW, Desrochers, Heritage Valley, Edmonton, Alberta, T6W 3J4, Canada",53.3964843,-113.5501172
15029218,SF,Edmonton,Baturyn,10922 169A Avenue,S,295500,T5X 1N6,2010-10-04,287000,E3239123,20,1145.28,106.4,6,3,4,2,1,2.1,Y,1977,BUNG,S,0.0,N,2,"Double Garage Detached, Front Drive Access, Insulated",,FRAME,"Laminate Flooring, Linoleum, Wall to Wall Carpet",258.02,2,20,20,20,F-FIN,Yes,250.59,97.12,287000,250.59,Professional Realty Group,Realty Executives Synergy,14,107,658.93,7521153,"10922 169A Avenue, Edmonton, Alberta, Canada","10922, 169A Avenue NW, Baturyn, Castle Downs, Edmonton, Alberta, T5X 4X4, Canada",53.6318665,-113.5136061
26077925,SF,Edmonton,Kiniski Gardens,4018 37A Avenue NW,S,219700,T6L 7A1,2003-05-13,218500,E2309207,22,1259.38,117.0,5,3,5,3,0,3.0,N,1994,BLEVL,SW,8.3,Y,2,"Double Garage Attached, Front Drive Access",,FRAME,"Carpet, Linoleum",174.45,2,22,21,21,F-FIN,Yes,173.5,99.45,218500,173.5,Royal Lepage Summit Realty,RE/MAX Real Estate,32,69,0.0,9422107,"4018 37A Avenue NW, Edmonton, Alberta, Canada","4018, 37A Avenue NW, Kiniski Gardens, Burnewood, Mill Woods, Edmonton, Alberta, T6L 5M9, Canada",53.4714252,-113.3992824
20750063,SF,Edmonton,Parkallen,10947 71 Avenue,S,225000,T6G 0A2,2009-02-04,210000,E3173068,12,791.68,73.55,1,1,1,1,0,1.0,N,1949,BUNG,N,0.0,N,1,Single Garage Detached,,FRAME,"Carpet, Linoleum",284.2,1,12,10,10,P-FIN,Yes,265.26,93.33,210000,265.26,Century 21 A.L.L. Stars Realty Ltd,Century 21 A.L.L. Stars Realty Ltd,27,12,544.8,1127HW,"10947 71 Avenue, Edmonton, Alberta, Canada","10947, 71 Avenue NW, Parkallen, Greater Strathcona, Edmonton, Alberta, T6H 3B9, Canada",53.5073256,-113.5141449
37790152,SF,Edmonton,Keswick Area,6098 KING LANDING,S,599000,T6W 3Z7,2021-03-20,598000,E4232612,8,2122.0,197.14,7,3,3,2,1,2.1,Y,2021,ST2,S,0.0,Y,0,"Double Garage Attached, Over Sized",,FRAME,"Carpet, Ceramic Tile, Hardwood",282.28,2,8,7,7,U-FIN,Yes,281.81,99.83,598000,281.81,RE/MAX Elite,The Good Real Estate Company,3,10,374.98,1723517,"6098 KING LANDING, Edmonton, Alberta, Canada","King Landing SW, Keswick, Windermere, Edmonton, Alberta, T6W 4Z9, Canada",53.4147773,-113.6319966
15841753,SF,Edmonton,Grovenor,10335 149 Street,S,179900,T5P 1L4,2013-01-24,175000,E3322787,20,756.7,70.3,1,1,1,1,0,1.0,N,1944,BUNG,W,0.0,N,0,Single Garage Detached,,FRAME,See Remarks,237.74,1,111,111,20,REMKS,Yes,231.27,97.28,175000,231.27,Royal Lepage Arteam Realty,Royal Lepage Arteam Realty,11,36,557.6,7601AE,"10335 149 Street, Edmonton, Alberta, Canada","10335, 149 Street NW, Grovenor, Western Mature Area, Edmonton, Alberta, T5P 1P1, Canada",53.5449892,-113.5776476
0012621272,SF,Edmonton,Mccauley,9338 107 Avenue,S,359900,T5H 0T5,2023-05-09,345000,E4336975,17,1372.18,127.48,4,3,3,2,1,2.1,Y,2000,BLEVL,S,0.0,N,0,Double Garage Attached,,FRAME,"Carpet, Ceramic Tile",262.28,2,17,17,17,F-FIN,Yes,251.42,95.86,345000,251.42,YEGPro Realty,YEGPro Realty,18,34,374.11,RN23,"9338 107 Avenue, Edmonton, Alberta, Canada","9338, 107 Avenue NW, McCauley, Central Core, Edmonton, Alberta, T5H 2E4, Canada",53.5535214,-113.4809527
14752661,SF,Edmonton,Tipaskan,2907 84 Street NW,S,152400,T6K 3A3,2003-07-25,148875,E2318620,9,1038.72,96.5,4,2,4,2,0,2.0,N,1980,SPLT4,W,28.9,N,0,Front Drive Access,,FRAME,"Carpet, Ceramic Tile, Laminate Flooring",146.72,4,9,8,8,F-FIN,No,143.33,97.69,148875,143.33,Coldwell Banker Venture Realty,Coldwell Banker Venture Realty,17,10,0.0,7621725,"2907 84 Street NW, Edmonton, Alberta, Canada","84 Street NW, Forest Heights, Edmonton, Alberta, T6A 0K4, Canada",53.5397178,-113.4566004
0031896947,COND,Edmonton,Oxford,209 16035 132 Street,S,220000,T6V 0B4,2025-11-27,215000,E4460905,54,1002.01,93.09,5,2,2,2,0,2.0,Y,2005,APART,W,0.0,N,1,Underground,Oxford Bay,FRAME,"Carpet, Linoleum",219.56,4,147,147,54,NBASE,Yes,214.57,97.73,215000,214.57,MaxWell Challenge Realty,Real Broker,,,0.0,0625385,"209 16035 132 Street, Edmonton, Alberta, Canada",,,
0030403919,COND,Edmonton,Macewan,114 622 MCALLISTER Loop,S,159900,T6W 1N2,2023-09-19,159900,E4355761,25,792.22,73.6,5,2,2,2,0,2.0,Y,2003,APART,SE,0.0,N,0,Underground,Macewan Village,FRAME,"Carpet, Linoleum",201.84,1,25,25,25,NBASE,No,201.84,100.0,159900,201.84,Liv Real Estate,MaxWell Devonshire Realty,,,88.11,0421647,"114 622 MCALLISTER Loop, Edmonton, Alberta, Canada",,,
29745115,COND,Edmonton,Central Mcdougall,71 10909 106 Street,S,254000,T5H 4M7,2010-10-13,247000,E3236395,58,1280.9,119.0,3,3,3,1,1,1.1,N,2003,ST2,E,0.0,Y,1,Single Garage Attached,McDougall Landing,FRAME,"Carpet, Linoleum",198.3,2,58,57,57,U-FIN,Yes,192.83,97.24,247000,192.83,RE/MAX Advantage,NOW Real Estate Group,,,0.0,320156,"71 10909 106 Street, Edmonton, Alberta, Canada","106 Street & 71 Avenue, 106 Street NW, Queen Alexandra, Greater Strathcona, Edmonton, Alberta, T6E 4G8, Canada",53.507707,-113.504345
18018267,SF,Edmonton,Beacon Heights,11933 47 Street,S,174900,T5W 2W9,2011-04-14,168000,E3249827,68,635.07,59.0,4,2,2,1,0,1.0,N,1929,BUNG,W,0.0,N,1,Single Garage Detached,,FRAME,"Ceramic Tile, Laminate Flooring",275.4,1,68,67,67,U-FIN,Yes,264.54,96.05,168000,264.54,RE/MAX Elite,RE/MAX Elite,12,12,610.34,4347HW,"11933 47 Street, Edmonton, Alberta, Canada","11933, 47 Street NW, Beacon Heights, Beverly, Edmonton, Alberta, T5W 1B2, Canada",53.5728989,-113.4135946
12659546,SF,Edmonton,Mckernan,11154 72 Avenue,S,418888,T6G 0B2,2015-05-15,427500,E3413826,14,812.67,75.5,2,2,2,2,0,2.0,N,1949,BUNG,S,0.0,N,0,,,FRAME,"Carpet, Hardwood, Linoleum",515.44,2,14,14,14,F-FIN,No,526.04,102.06,427500,526.04,RE/MAX Elite,RE/MAX Excellence,9,32,532.03,1366HW,"11154 72 Avenue, Edmonton, Alberta, Canada","11154, 72 Avenue NW, McKernan, Greater Strathcona, Edmonton, Alberta, T6G 0J9, Canada",53.5086951,-113.5195151
14427488,SF,Edmonton,Hazeldean,9710 69 Avenue,S,492500,T6E 0S7,2018-08-19,485000,E4113630,81,1217.18,113.08,6,3,5,2,0,2.0,N,1954,BUNGR,S,0.0,Y,2,Double Garage Detached,,FRAME,"Ceramic Tile, Cork Flooring, Hardwood",404.62,2,81,81,81,F-FIN,Yes,398.46,98.48,485000,398.46,RE/MAX Real Estate Centre,Comfree Commonsense Network,19,17,0.0,2306HW,"9710 69 Avenue, Edmonton, Alberta, Canada","9710, 69 Avenue NW, Hazeldean, Mill Creek South, Greater Strathcona, Edmonton, Alberta, T6E 3J9, Canada",53.5059243,-113.480444
15439805,VLOT,Edmonton,Mccauley,9356 107 Avenue,S,64900,T5H 0T5,2005-11-17,60000,E3042118,55,0.0,0.0,0,0,0,0,0,0.0,N,0,,S,0.0,N,0,,,,,0.0,0,55,51,51,,,0.0,92.45,60000,0.0,Sterling Real Estate,Sutton Premiere Real Estate,18,29,374.2,RN23,"9356 107 Avenue, Edmonton, Alberta, Canada","9356, 107 Avenue NW, McCauley, Central Core, Edmonton, Alberta, T5H 2E4, Canada",53.553443,-113.4813665
0039343496,SF,Edmonton,Cy Becker,849 Cy Becker Drive,S,499250,T5Y 3P6,2025-05-23,499250,E4418725,122,1593.06,148.0,8,4,4,3,0,3.0,Y,2024,ST2,NE,0.0,N,0,Parking Pad Cement/Paved,,FRAME,"Carpet, Vinyl Plank",313.39,2,122,122,122,U-FIN,No,313.39,100.0,499250,313.39,RE/MAX River City,Exp Realty,12,15,0.0,2222442,"849 Cy Becker Drive, Edmonton, Alberta, Canada","Cy Becker Drive NW, Cy Becker, Pilot Sound, Edmonton, Alberta, T5Y 0S4, Canada",53.6302443,-113.4075955
14305586,COND,Edmonton,Sifton Park,105 4601 131 Avenue NW,S,55500,,2001-05-04,53500,E2105442,56,844.97,78.5,5,2,2,1,0,1.0,N,1976,,N,0.0,N,0,Stall,Kennedale,FRAME,"Carpet, Linoleum",65.68,1,56,54,54,,No,63.32,96.4,53500,63.32,Century 21 Platinum Realty,Century 21 Platinum Realty,3,,0.0,7720832,"105 4601 131 Avenue NW, Edmonton, Alberta, Canada",,,
0033669060,COND,Edmonton,Griesbach,402 1003 GAULT Boulevard,S,350000,T5E 4H5,2024-06-05,362700,E4390237,5,1042.48,96.85,5,2,2,2,0,2.0,Y,2007,APART,SW,0.0,N,0,Underground,Victory Point,CONCR,"Carpet, Ceramic Tile, Hardwood",335.74,4,5,5,5,NBASE,No,347.92,103.63,362700,347.92,RE/MAX River City,RE/MAX River City,,,73.03,0840568,"402 1003 GAULT Boulevard, Edmonton, Alberta, Canada",,,
0030739296,COND,Edmonton,Rutherford,21 903 RUTHERFORD Road,S,299900,T6W 1N9,2022-12-15,295000,E4316498,68,1549.14,143.92,5,2,2,2,1,2.1,Y,2003,ST2,W,0.0,Y,2,"Double Garage Attached, Off Street, Over Sized",Ventana Woods,FRAME,"Carpet, Ceramic Tile, Hardwood",193.59,3,68,68,68,F-FIN,Yes,190.43,98.37,295000,190.43,Coldwell Banker Haida Realty,MaxWell Challenge Realty,,,252.6,0424617,"21 903 RUTHERFORD Road, Edmonton, Alberta, Canada","1251 Rutherford Road, 1251, Heritage Point, Heritage Valley, Edmonton, Alberta, Canada",53.4218586,-113.5318939
12160917,COND,Edmonton,Keheewin,55 10453 20 Avenue,S,139854,T6J 5H1,2005-03-24,134000,E3022851,27,1096.95,101.91,6,3,3,1,1,1.1,N,1980,ST2,S,0.0,Y,0,Stall,Yellowbird Gardens,FRAME,"Carpet, Ceramic Tile, Laminate Flooring",127.49,2,27,22,22,P-FIN,No,122.16,95.81,134000,122.16,Century 21 All Stars Realty Ltd,Coldwell Banker Haida Realty,,53,238.68,8120013,"55 10453 20 Avenue, Edmonton, Alberta, Canada",,,
38974416,DUPLEX,Edmonton,Glenridding Ravine,3111 169 Street,S,599888,T6W 5A4,2024-04-18,599900,E4376745,38,1861.83,172.97,8,3,3,2,1,2.1,Y,2022,ST2,W,0.0,Y,0,Double Garage Attached,,FRAME,"Ceramic Tile, Laminate Flooring",322.2,2,38,37,37,U-FIN,Yes,322.21,100.0,599900,322.21,REALTORS? Association of Edmonton,MaxWell Polaris,6,10,290.58,2122361,"3111 169 Street, Edmonton, Alberta, Canada","169 Street NW, Glenwood, Jasper Place, Edmonton, Alberta, T5J 4B3, Canada",53.5402007,-113.6128815
16938284,DUPLEX,Edmonton,Lauderdale,13032 102 Street NW,S,187900,,2003-07-18,184000,E2317825,9,1246.46,115.8,6,3,3,2,0,2.0,N,1959,BUNG,,0.0,N,2,Double Garage Detached,,FRAME,,150.75,2,9,7,7,REMKS,Yes,147.62,97.92,184000,147.62,Realty Executives Synergy,Royal Lepage Arteam Realty,9,61,0.0,3432KS,"13032 102 Street NW, Edmonton, Alberta, Canada","13032, 102 Street NW, Northern Mature Area, Edmonton, Alberta, T5E 4C3, Canada",53.5900539,-113.4956162
30685912,COND,Edmonton,Glastonbury,512 2430 GUARDIAN Road,S,210000,T5T 6X9,2012-01-30,200000,E3282299,77,1036.56,96.3,5,2,2,2,0,2.0,Y,2004,APART,W,0.0,N,0,Stall,Grange Pointe,FRAME,"Linoleum, Wall to Wall Carpet",202.59,1,199,198,77,,No,192.95,95.24,200000,192.95,RE/MAX Excellence,RE/MAX Excellence,,,92.35,425217,"512 2430 GUARDIAN Road, Edmonton, Alberta, Canada",,,
31650484,COND,Edmonton,Cumberland,303 15211 139 Street,S,234900,T6V 0A1,2006-11-03,234900,E3072732,17,938.61,87.2,5,2,2,2,0,2.0,Y,2006,APART,N,0.0,N,1,Parkade,Skyview Landing,FRAME,"Carpet, Linoleum",250.26,1,17,16,16,,Yes,250.26,100.0,234900,250.26,RE/MAX Real Estate,Realty Executives - Masters,,219,0.0,521158,"303 15211 139 Street, Edmonton, Alberta, Canada",,,
31369903,SF,Edmonton,Rutherford,1364 118A Street SW,S,469900,T6W 0C2,2014-05-05,454000,E3365903,55,1876.15,174.3,7,3,3,2,1,2.1,Y,2006,ST2,E,0.0,N,2,Double Garage Attached,,CONCR,"Carpet, Hardwood",250.46,2,55,52,52,U-FIN,Yes,241.99,96.62,454000,241.99,MaxWell Progressive,Realty Executives Focus,2,91,386.71,525787,"1364 118A Street SW, Edmonton, Alberta, Canada","118A Street SW, Rutherford, Heritage Point, Heritage Valley, Edmonton, Alberta, T6W 0J3, Canada",53.4208507,-113.5280248
27514661,SF,Edmonton,Oxford,12840 160 Avenue,S,419900,T6V 1L6,2016-11-02,413800,E4041653,12,1571.53,146.0,7,3,3,3,1,3.1,Y,2000,ST2,S,0.0,Y,2,"220 Volt Wiring, Double Garage Attached, Front Drive Access, Insulated",,FRAME,"Carpet, Linoleum",267.19,3,12,12,12,F-FIN,Yes,263.31,98.55,413800,263.31,MaxWell Devonshire Realty,RE/MAX Elite,7,20,459.6,9822871,"12840 160 Avenue, Edmonton, Alberta, Canada","12840, 160 Avenue NW, Oxford, The Palisades, Edmonton, Alberta, T6V 1J6, Canada",53.6226045,-113.5434651
37254521,SF,Edmonton,Westmount,10626 127 Street,S,655000,T5N 1W1,2021-04-05,650000,E4227510,60,1744.18,162.04,8,3,3,2,1,2.1,Y,2018,ST2,E,0.0,N,2,Double Garage Detached,,FRAME,Hardwood,375.53,2,60,60,60,U-FIN,Yes,372.67,99.24,650000,372.67,Century 21 Masters,RE/MAX River City,54,13,324.56,1622759,"10626 127 Street, Edmonton, Alberta, Canada","10626, 127 Street NW, Westmount, Western Mature Area, Edmonton, Alberta, T5M 0S7, Canada",53.5502155,-113.5415527
31192297,SF,Edmonton,South Terwillegar,1224 TREDGER Court,S,739000,T6R 0B1,2018-05-22,727500,E4107418,25,1894.98,176.05,4,1,4,2,1,2.1,Y,2005,BUNG,NE,0.0,Y,0,"Double Garage Attached, Heated, Over Sized",,FRAME,"Carpet, Ceramic Tile, Hardwood",389.98,2,25,26,26,F-FIN,Yes,383.91,98.44,727500,383.91,Royal Lepage Noralta Real Estate,Lange Realty Ltd,77,53,845.18,524115,"1224 TREDGER Court, Edmonton, Alberta, Canada","Tredger Court NW, South Terwillegar, Terwillegar Community, Terwillegar Heights, Edmonton, Alberta, T6R 0E9, Canada",53.4445198,-113.5694931
14307938,COND,Edmonton,Ormsby Place,30 WILLOWDALE Place,S,168000,T5T 1Z4,2018-03-01,158000,E4088509,107,882.64,82.0,6,3,3,1,1,1.1,N,1976,ST2,W,0.0,N,0,Stall,Willowdale Place,FRAME,"Carpet, Linoleum",190.34,3,107,107,107,F-FIN,No,179.01,94.05,158000,179.01,MaxWell Challenge Realty,Royal Lepage Noralta Real Estate,,,0.0,7720680,"30 WILLOWDALE Place, Edmonton, Alberta, Canada","Willowdale Place, West Jasper Place, Edmonton, Alberta, Canada",53.5021227,-113.6324585
37676528,SF,Edmonton,The Orchards At Ellerslie,3798 Cherry Loop,S,484900,T6X 2B7,2018-11-23,466000,E4105524,221,2035.02,189.06,8,3,3,2,1,2.1,Y,2018,ST2,W,0.0,Y,0,Double Garage Attached,,FRAME,"Carpet, Laminate Flooring",238.28,2,221,221,221,U-FIN,Yes,228.99,96.1,466000,228.99,RE/MAX Elite,MaxWell Devonshire,17,18,0.0,1722652,"3798 Cherry Loop, Edmonton, Alberta, Canada","Cherry Loop SW, The Orchards at Ellerslie, Ellerslie, Edmonton, Alberta, T6X 1A2, Canada",53.4059477,-113.4613693
16591969,SF,Edmonton,Cromdale,7870 JASPER Avenue,S,850000,T5H 3R9,2011-06-23,825000,E3260674,49,2075.28,192.8,7,3,3,2,0,2.0,N,1916,ST2,S,15.5,Y,2,Double Garage Detached,,FRAME,Hardwood,409.58,3,49,49,49,F-FIN,Yes,397.54,97.06,825000,397.54,Royal Lepage Noralta Real Estate,RE/MAX River City,2,14,697.03,1875R,"7870 JASPER Avenue, Edmonton, Alberta, Canada","7870, Jasper Avenue NW, Cromdale, River Valley Kinnaird, Avenue District, Edmonton, Alberta, T5B 2C5, Canada",53.5572064,-113.464786
15348584,SF,Edmonton,Ekota,6908 21 Avenue NW,S,174800,,2002-10-09,173000,E2219128,33,1367.02,127.0,6,3,5,2,1,2.1,N,1976,BUNG,S,9.9,Y,2,Double Garage Attached,,FRAME,"Carpet, Linoleum, Wall to Wall Carpet",127.87,2,33,29,29,F-FIN,Yes,126.55,98.97,173000,126.55,RE/MAX Real Estate,Royal Lepage Noralta Real Estate,17,47,0.0,5261TR,"6908 21 Avenue NW, Edmonton, Alberta, Canada","21 Avenue NW, Laurel, The Meadows, Edmonton, Alberta, T6T 0R2, Canada",53.4511604,-113.38546
11590473,COND,Edmonton,Fraser,404 14916 26 Street,S,164000,T5Y 2G4,2008-04-03,160000,E3135206,15,691.04,64.2,3,1,1,1,0,1.0,N,1981,APART,W,0.0,N,0,,Victoria Trail Apartments,FRAME,"Carpet, Linoleum",237.32,1,75,75,15,,No,231.53,97.56,160000,231.53,Royal Lepage Arteam Realty,MaxWell Devonshire,,,0.0,8223277,"404 14916 26 Street, Edmonton, Alberta, Canada",,,
32499402,COND,Edmonton,Oliver,107 10305 116 Street,S,200000,T5K 1W5,2012-08-03,195000,E3306475,44,874.03,81.2,6,3,3,1,0,1.0,N,1968,APART,W,0.0,N,0,Stall,Collage Place,FRAME,"Carpet, Laminate Flooring",228.83,1,44,44,44,,No,223.1,97.5,195000,223.1,RE/MAX Real Estate,Liv Real Estate,,,89.48,725960,"107 10305 116 Street, Edmonton, Alberta, Canada",,,
15243108,SF,Edmonton,Avonmore,7308 81 Street,S,199800,T6C 2T8,2005-10-20,198000,E3043351,9,936.46,87.0,5,2,3,2,0,2.0,N,1956,BUNG,E,14.9,N,1,"Rear Drive Access, Single Garage Detached",,FRAME,"Carpet Over Hardwood, Linoleum",213.36,2,9,8,8,F-FIN,Yes,211.43,99.1,198000,211.43,MaxWell Polaris,Royal Lepage Noralta Real Estate,2,23,559.69,961KS,"7308 81 Street, Edmonton, Alberta, Canada","81 Street NW, Holyrood, Edmonton, Alberta, T6C 2T1, Canada",53.5339435,-113.4514341
36330710,SF,Edmonton,Stewart Greens,20611 98 Avenue NW,S,459900,T5T 4V6,2016-01-18,448000,E4001603,47,1718.99,159.7,8,3,3,2,1,2.1,Y,2015,ST2,N,10.32,N,2,"Double Garage Attached, Front Drive Access, Insulated, Over Sized",,FRAME,"Ceramic Tile, Hardwood, Wall to Wall Carpet",267.54,2,47,45,45,U-FIN,Yes,260.62,97.41,448000,260.62,MaxWell Challenge Realty,Century 21 Masters,3,4,362.77,142-4483,"20611 98 Avenue NW, Edmonton, Alberta, Canada","98 Avenue NW, Government Centre, Central Core, Edmonton, Alberta, T5K 1J2, Canada",53.5356735,-113.5098338
33563066,DUPLEX,Edmonton,Eaux Claires,15728 95 Street,S,304900,T5Z 0G2,2009-10-22,304900,E3202753,8,1456.36,135.3,3,3,3,2,1,2.1,Y,2009,ST2.5,,0.0,N,0,Single Garage Attached,,FRAME,"Carpet, Ceramic Tile",209.36,2,8,3,3,U-FIN,Yes,209.36,100.0,304900,209.36,RE/MAX Excellence,MaxWell Devonshire Realty,95,40,0.0,828915,"15728 95 Street, Edmonton, Alberta, Canada","15728, 95 Street NW, Eaux Claires, Lake District, Edmonton, Alberta, T5Z 0G1, Canada",53.618558,-113.487192
26295221,COND,Edmonton,Overlanders,23 300 HOOPER Crescent,S,257518,T5A 1P6,2009-03-04,243000,E3171770,49,1159.27,107.7,5,2,2,2,1,2.1,Y,1996,ST2,NE,0.0,Y,1,Single Garage Attached,Brookridge Park,FRAME,"Carpet, Linoleum",222.14,3,172,170,48,F-FIN,Yes,209.61,94.36,243000,209.61,RE/MAX Elite,Royal Lepage Noralta Real Estate,,23,311.34,9520169,"23 300 HOOPER Crescent, Edmonton, Alberta, Canada","Hooper Crescent NW, Overlanders, Hermitage, Edmonton, Alberta, T5A 4L4, Canada",53.5865711,-113.389851
12141321,COND,Edmonton,Hairsine,3219 139 Avenue,S,199950,T5Y 1T2,2010-05-06,195500,E3212044,73,1087.15,101.0,5,3,3,1,2,1.2,N,1979,ST2,W,0.0,N,0,,Parkhill,FRAME,"Ceramic Tile, Hardwood, Wall to Wall Carpet",183.92,2,179,176,73,P-FIN,No,179.83,97.77,195500,179.83,RE/MAX River City,Sterling Real Estate,,,238.72,8022845,"3219 139 Avenue, Edmonton, Alberta, Canada","3219, 139 Avenue NW, Bannerman, Clareview, Edmonton, Alberta, T5Y 1P7, Canada",53.6028226,-113.3916512
30780977,COND,Edmonton,Downtown,1404 10909 103 Avenue,S,389900,T5K 2W7,2014-05-16,379500,E3372463,21,907.4,84.3,5,2,2,2,0,2.0,Y,2004,APART,E,0.0,N,0,"Heated, Underground",Cosmopolitan The,CONCR,"Carpet, Linoleum",429.69,1,21,21,21,,Yes,418.23,97.33,379500,418.23,RE/MAX River City,MaxWell Polaris,,,22.09,426224,"1404 10909 103 Avenue, Edmonton, Alberta, Canada",,,
11081908,COND,Edmonton,Meyonohk,92 2703 79 Street NW,S,63200,,2000-01-10,62800,E9923400,68,947.22,88.0,5,2,2,1,0,1.0,N,1982,BUNG,E,0.0,Y,0,Stall,Emerald Place III,FRAME,"Carpet, Linoleum",66.72,1,68,66,66,NBASE,No,66.3,99.37,62800,66.3,RE/MAX Advantage,RE/MAX Real Estate,28,,0.0,8421293,"92 2703 79 Street NW, Edmonton, Alberta, Canada","79 Street & 92 Avenue, 79 Street NW, Holyrood, Edmonton, Alberta, T6C 1W5, Canada",53.5266042,-113.4492055
31707318,COND,Edmonton,Terwillegar Towne,21 4755 TERWILLEGAR Common,S,342900,T6R 3V6,2008-04-07,330000,E3134885,21,1386.39,128.8,5,2,2,2,1,2.1,Y,2006,ST2,W,0.0,Y,2,Double Garage Attached,Black Stone,FRAME,"Ceramic Tile, Laminate Flooring, Wall to Wall Carpet",247.33,3,21,21,21,F-FIN,Yes,238.03,96.24,330000,238.03,RE/MAX Real Estate Centre,RE/MAX Heather Lachance,21,,280.71,622510,"21 4755 TERWILLEGAR Common, Edmonton, Alberta, Canada",,,
13918149,SF,Edmonton,Oleskiw,543 WAHSTAO Road,S,379900,T5T 2X9,2005-05-03,365000,E3027350,15,2249.98,209.03,8,4,5,3,1,3.1,Y,1980,ST2,W,15.24,Y,2,Double Garage Attached,,FRAME,"Carpet, Ceramic Tile, Hardwood",168.85,3,15,14,14,F-FIN,Yes,162.22,96.08,365000,162.22,Royal Lepage Noralta Real Estate,Professional Realty Group,3,63,870.71,7820382,"543 WAHSTAO Road, Edmonton, Alberta, Canada","543, Wahstao Road NW, Oleskiw, Wolf Willow, West Jasper Place, Edmonton, Alberta, T5T 4J5, Canada",53.5009124,-113.6121177
34395451,COND,Edmonton,Bonnie Doon,109 8730 82 Avenue NW,S,318900,T6C 0Z1,2014-08-29,314000,E3387104,16,985.97,91.6,5,2,2,2,0,2.0,Y,2010,APART,S,0.0,N,1,"Heated, Underground",Madison On Whyte,FRAME,"Carpet, Ceramic Tile, Hardwood",323.44,1,16,16,16,,Yes,318.47,98.46,314000,318.47,RE/MAX River City,MaxWell Polaris,,,0.0,1024438,"109 8730 82 Avenue NW, Edmonton, Alberta, Canada","109 Street & 82 Avenue, Whyte Avenue NW, Queen Alexandra, Greater Strathcona, Edmonton, Alberta, T6E 2B3, Canada",53.517999,-113.510939
16082992,SF,Edmonton,Westwood,11841 101 Street NW,S,134900,T5G 2B6,2002-11-14,131500,E2222362,24,1062.4,98.7,5,3,3,2,0,2.0,N,1964,BUNG,W,0.0,N,1,Single Garage Detached,,FRAME,"Carpet, Linoleum",126.98,2,24,23,23,F-FIN,No,123.78,97.48,131500,123.78,Century 21 Platinum Realty,MaxWell Devonshire Realty,1,13,0.0,6537U,"11841 101 Street NW, Edmonton, Alberta, Canada","11841, 101 Street NW, Westwood, Avenue District, Edmonton, Alberta, T5G 0X9, Canada",53.5716307,-113.4933198
29976644,SF,Edmonton,Mayliewan,16624 75 Street,S,489900,T5Z 3R2,2021-02-15,457500,E4218061,93,1787.99,166.11,6,3,5,3,0,3.0,Y,2005,BLEVL,E,0.0,Y,2,Double Garage Attached,,FRAME,"Carpet, Ceramic Tile, Hardwood",273.99,2,531,530,93,F-FIN,Yes,255.87,93.39,457500,255.87,Homes & Gardens Real Estate Limited,Maximum Realty Inc.,25,38,478.43,323494,"16624 75 Street, Edmonton, Alberta, Canada","75 Street NW, King Edward Park, Mill Creek South, Edmonton, Alberta, T6C 4A6, Canada",53.5132359,-113.4433577
31093297,DUPLEX,Edmonton,Rutherford,1537 RUTHERFORD Road,S,344900,T6W 1Y1,2012-04-23,340000,E3293041,36,1297.05,120.5,5,2,2,2,1,2.1,Y,2006,ST2,SW,0.0,Y,2,"Double Garage Attached, Heated, Insulated",,FRAME,"Carpet, Ceramic Tile, Hardwood",265.91,3,36,36,36,F-FIN,Yes,262.13,98.58,340000,262.13,RE/MAX Excellence,Royal Lepage Noralta Real Estate,12,73,262.21,522891,"1537 RUTHERFORD Road, Edmonton, Alberta, Canada","1537, Rutherford Road SW, Rutherford, Heritage Point, Heritage Valley, Edmonton, Alberta, T6W 1P4, Canada",53.4151703,-113.5344409
12633749,SF,Edmonton,Summerlea,9311 176 Street NW,S,229900,T5T 3W2,2002-11-26,220500,E2221949,42,1785.73,165.9,7,3,4,3,1,3.1,N,1983,ST2,W,15.3,N,2,"Double Garage Attached, Insulated",,FRAME,"Carpet, Laminate Flooring",128.74,3,42,40,40,F-FIN,Yes,123.48,95.91,220500,123.48,Realty Executives - Masters,Realty Executives - Masters,36,101,0.0,7922118,"9311 176 Street NW, Edmonton, Alberta, Canada","9311, 176 Street NW, Summerlea, West Jasper Place, Edmonton, Alberta, T5T 4C8, Canada",53.5283689,-113.6235567
10402493,COND,Edmonton,Satoo,525 KNOTTWOOD Road W,S,219900,T6K 2V6,2012-06-05,215000,E3296612,51,1140.97,106.0,4,3,3,1,1,1.1,N,1977,ST2,N,0.0,N,0,,Knottwood Estates,FRAME,"Carpet, Ceramic Tile, Laminate Flooring",192.73,2,51,51,51,P-FIN,No,188.44,97.77,215000,188.44,RE/MAX Accord,RE/MAX Accord,,,308.2,7721806,"525 KNOTTWOOD Road W, Edmonton, Alberta, Canada","Knottwood Road West NW, Satoo, Knottwood, Mill Woods, Edmonton, Alberta, T6K 2C7, Canada",53.4439677,-113.4629654
27247402,SF,Edmonton,Miller,4823 147 Avenue,S,349900,T5Y 2X2,2009-04-03,335000,E3178341,20,1289.52,119.8,5,2,2,2,0,2.0,Y,2001,BLEVL,N,0.0,Y,2,Double Garage Attached,,FRAME,"Laminate Flooring, Linoleum, Wall to Wall Carpet",271.34,2,20,20,20,REMKS,Yes,259.79,95.74,335000,259.79,RE/MAX Real Estate,RE/MAX Excellence,4,67,368.32,9723920,"4823 147 Avenue, Edmonton, Alberta, Canada","4823, 147 Avenue NW, Miller, Casselman-Steele Heights, Edmonton, Alberta, T5Y 0L4, Canada",53.6100685,-113.4162241
11202158,SF,Edmonton,Alberta Avenue,11349 95A Street,S,237500,T5G 1P2,2021-06-18,230000,E4241144,50,713.32,66.27,4,1,2,2,0,2.0,N,1946,BUNG,W,0.0,N,1,"On Street, Single Garage Detached",,FRAME,"Carpet, Ceramic Tile, Laminate Flooring",332.95,2,50,50,50,F-FIN,Yes,322.43,96.84,230000,322.43,The Foundry Real Estate Company Ltd,RE/MAX Professionals,24,15,367.86,RN43,"11349 95A Street, Edmonton, Alberta, Canada","95A Street NW, Ritchie, Mill Creek South, Greater Strathcona, Edmonton, Alberta, T6C 0Z8, Canada",53.517661,-113.4756364
36765528,DUPLEX,Edmonton,Edgemont,7311 EDGEMONT Way,S,379900,T6M 0S1,2023-11-24,380000,E4364860,15,1325.04,123.1,7,3,3,2,1,2.1,Y,2016,ST2,W,0.0,Y,0,Double Garage Detached,,FRAME,Carpet,286.71,2,15,15,15,U-FIN,Yes,286.78,100.03,380000,286.78,Royal LePage Noralta Real Estate,Royal Lepage Arteam Realty,5,5,211.46,1523396,"7311 EDGEMONT Way, Edmonton, Alberta, Canada","Edgemont Way NW, Edgemont, Edmonton, Alberta, T6M 2P6, Canada",53.4742529,-113.6728547
31133359,SF,Edmonton,Brintnell,4514 164 Avenue,S,468800,T5Y 0A6,2007-04-18,465000,E3086462,11,1709.31,158.8,7,3,3,2,1,2.1,Y,2006,ST2,S,0.0,Y,2,"Double Garage Attached, See Remarks",,FRAME,"Carpet, Laminate Flooring, Linoleum",274.26,2,11,9,9,U-FIN,Yes,272.04,99.19,465000,272.04,MaxWell Polaris,RE/MAX Elite,25,28,387.6,523420,"4514 164 Avenue, Edmonton, Alberta, Canada","4514, 19 Avenue NW, Yellowbird, Kaskitayo, Edmonton, Alberta, T6J 5J8, Canada",53.447544,-113.503869
12784435,COND,Edmonton,Carlisle,13809 114 Street,S,244000,T5X 4A1,2017-06-27,235000,E4056653,90,1022.57,95.0,6,3,4,2,0,2.0,N,1979,BUNG,N,0.0,N,0,Single Carport,Castle Heights,FRAME,"Carpet, Ceramic Tile, Vinyl Plank",238.61,2,206,206,90,F-FIN,No,229.81,96.31,235000,229.81,RE/MAX Elite,RE/MAX Elite,,,0.0,7921560,"13809 114 Street, Edmonton, Alberta, Canada","13807-79 114 Street, Castle Downs, Edmonton, Alberta, Canada",53.6010938,-113.5175611
15611668,SF,Edmonton,Ritchie,9718 75 Avenue,S,284900,T6E 1H8,2011-12-26,275000,E3275946,115,882.75,82.01,5,2,3,2,0,2.0,N,1950,BUNGR,S,0.0,N,1,Single Garage Detached,,FRAME,"Carpet, Hardwood, Linoleum",322.74,2,115,115,115,REMKS,Yes,311.53,96.53,275000,311.53,Royal Lepage Premier Real Estate,RE/MAX Elite,2,G,398.86,8435ET,"9718 75 Avenue, Edmonton, Alberta, Canada","9718, 75 Avenue NW, Ritchie, Mill Creek South, Greater Strathcona, Edmonton, Alberta, T6C 0K2, Canada",53.5115697,-113.4807377
29991750,DUPLEX,Edmonton,Griesbach,14516 101 Street,S,188900,T5E 6M3,2005-07-30,188900,E3033366,80,1257.22,116.8,7,4,4,1,0,1.0,N,1950,ST2,E,0.0,N,2,Double Garage Detached,,FRAME,"Carpet, Linoleum",150.25,2,80,77,77,U-FIN,Yes,150.25,100.0,188900,150.25,RE/MAX Real Estate,RE/MAX Real Estate,2,13,297.6,323697,"14516 101 Street, Edmonton, Alberta, Canada","14516, 101 Street NW, Griesbach, Edmonton, Alberta, T5E 6R8, Canada",53.6074809,-113.4948664
17361593,SF,Edmonton,Kensington,12308 134A Avenue NW,S,129500,T3L 3W4,2001-07-16,125000,E2114297,29,1049.48,97.5,6,3,4,1,1,1.1,N,1959,BUNG,S,14.6,N,1,"Over Sized, RV Parking, Single Garage Detached",,FRAME,"Carpet, Hardwood, Linoleum",123.39,1,29,25,25,F-FIN,No,119.11,96.53,125000,119.11,RE/MAX Real Estate,Royal Lepage Arteam Realty,8,5,0.0,4766KS,"12308 134A Avenue NW, Edmonton, Alberta, Canada","12308, 134A Avenue NW, Kensington, Northern Mature Area, Edmonton, Alberta, T5E 5N1, Canada",53.5952724,-113.5335654
26617845,COND,Edmonton,Rossdale,301 9640 105 Street,S,169900,T5K 0Z7,2005-07-05,165000,E3028584,66,990.28,92.0,5,2,2,2,0,2.0,Y,1995,APART,E,0.0,Y,1,"Heated, Underground",Parliament Plaza,FRAME,"Carpet, Ceramic Tile",171.57,1,163,161,66,NBASE,No,166.62,97.12,165000,166.62,MaxWell Polaris,Royal Lepage Arteam Realty,,24,42.24,9525389,"301 9640 105 Street, Edmonton, Alberta, Canada",,,
12423760,SF,Edmonton,Bergman,12237 46 Street,S,292000,T5W 2W5,2013-06-12,285000,E3340134,10,1139.9,105.9,6,3,3,1,1,1.1,Y,1967,BUNG,W,0.0,N,2,Double Garage Detached,,FRAME,"Carpet, Linoleum",256.16,1,10,10,10,P-FIN,Yes,250.02,97.6,285000,250.02,Front Door Real Estate,Milligan Realty Ltd,42,1,624.18,8020322,"12237 46 Street, Edmonton, Alberta, Canada","12237, 46 Street NW, Beacon Heights, Bergman, Beverly, Edmonton, Alberta, T5W 1M8, Canada",53.5779654,-113.4120504
12200739,SF,Edmonton,Dechene,18316 58 Avenue,S,389900,T8M 1T9,2006-09-11,385000,E3065278,39,1932.12,179.5,8,4,4,3,1,3.1,Y,1983,SPLT5,SE,0.0,Y,2,"Double Garage Attached, Heated, Insulated",,FRAME,"Carpet, Laminate Flooring, Linoleum",201.8,4,39,38,38,P-FIN,Yes,199.26,98.74,385000,199.26,Macdonald Realty S W Edmonton,Royal Lepage Noralta Real Estate,23,17,564.63,8021945,"18316 58 Avenue, Edmonton, Alberta, Canada","18316, 58 Avenue NW, Dechene, Willowby, West Jasper Place, Edmonton, Alberta, T6M 2L9, Canada",53.4926409,-113.6387715
19241835,SF,Edmonton,Lauderdale,11308 129 Avenue,S,388500,T5E 0L8,2020-12-18,380000,E4214942,92,1037.42,96.38,6,3,5,2,0,2.0,N,1959,BUNG,SW,0.0,N,0,"On Street, Rear Drive Access",,FRAME,"Ceramic Tile, Hardwood, Laminate Flooring",374.49,2,92,90,90,F-FIN,No,366.29,97.81,380000,366.29,Royal Lepage Gateway Realty,Century 21 Masters,2,1,446.86,3314KS,"11308 129 Avenue, Edmonton, Alberta, Canada","11308, 129 Avenue NW, Northern Mature Area, Edmonton, Alberta, T5E 5B9, Canada",53.5876326,-113.5161256
12612107,VLOT,Edmonton,Spruce Avenue,11212 101 Street,S,399000,T5G 2A5,2024-08-29,400000,E4380049,148,0.0,0.0,0,0,0,0,0,0.0,N,0,,,0.0,N,0,,,,,0.0,0,148,148,148,,,0.0,100.25,400000,0.0,RE/MAX River City,RE/MAX River City,1,455,696.69,7540AH,"11212 101 Street, Edmonton, Alberta, Canada","11212, 101 Street NW, Spruce Avenue, Avenue District, Edmonton, Alberta, T5G 2E7, Canada",53.5613974,-113.4941024
0038261129,COND,Edmonton,Ambleside,614 5151 WINDERMERE Boulevard,S,375000,T6W 2K4,2024-01-26,360000,E4365570,71,1126.44,104.65,6,2,2,2,0,2.0,Y,2014,APART,NW,0.0,N,1,Underground,Signature At Ambleside,CONCR,"Ceramic Tile, Laminate Flooring",332.91,1,71,70,70,NBASE,No,319.59,96.0,360000,319.59,Century 21 Masters,McLeod Realty & Management LTD,,,0.0,1520328,"614 5151 WINDERMERE Boulevard, Edmonton, Alberta, Canada",,,
38300521,DUPLEX,Edmonton,Glenridding Ravine,609 GLENRIDDING RAVINE Drive,S,342000,T6W 4N9,2021-02-11,337000,E4226150,9,1412.33,131.21,6,2,2,2,1,2.1,Y,2020,ST2,NE,0.0,N,1,Single Garage Attached,,FRAME,"Carpet, Ceramic Tile, Laminate Flooring",242.15,2,184,183,9,U-FIN,Yes,238.61,98.54,337000,238.61,Exp Realty,Royal Lepage Arteam Realty,2,5,254.39,1921203,"609 GLENRIDDING RAVINE Drive, Edmonton, Alberta, Canada",,,
24156804,COND,Edmonton,Belmont,28 13580 38 Street,S,139900,T5A 2W7,2013-04-19,122000,E3328837,45,926.77,86.1,2,2,2,1,0,1.0,N,1976,ST2,W,0.0,N,0,Stall,Clareview Place,FRAME,"Carpet, Linoleum",150.95,2,45,44,44,NBASE,No,131.64,87.21,122000,131.64,Royal Lepage Arteam Realty,Royal Lepage Arteam Realty,,,148.43,9223760,"28 13580 38 Street, Edmonton, Alberta, Canada",,,
0036462927,SF,Edmonton,Trumpeter Area,13043 208 Street,S,729000,T5S 0L5,2024-12-26,720000,E4415610,20,2532.75,235.3,8,4,5,3,1,3.1,Y,2019,ST2,N,0.0,Y,0,"Double Garage Attached, Over Sized",,FRAME,"Ceramic Tile, Laminate Flooring, Vinyl Plank",287.83,3,139,135,17,F-FIN,Yes,284.28,98.77,720000,284.28,RE/MAX River City,Royal LePage Noralta Real Estate,8,107,0.0,1425609,"13043 208 Street, Edmonton, Alberta, Canada","208 Street NW, Trumpeter, Big Lake, Edmonton, Alberta, T5S 0L7, Canada",53.5905166,-113.6770786
14309405,COND,Edmonton,Belmead,206 CHATEAU Place NW,S,144900,T5T 1V3,2004-07-23,143000,E2412528,83,1051.63,97.7,6,3,3,1,1,1.1,N,1977,ST2,W,0.0,N,1,Single Garage Attached,Chateau Place,FRAME,"Carpet, Linoleum",137.79,2,83,82,82,U-FIN,Yes,135.98,98.69,143000,135.98,Realty Executives North Star,Coldwell Banker Venture Realty,65,,0.0,7720743,"206 CHATEAU Place NW, Edmonton, Alberta, Canada",,,
0037790771,SF,Edmonton,Keswick Area,6486 King Wynd,S,628800,T6W 3Z9,2024-06-06,617500,E4380836,60,2118.44,196.81,7,3,3,2,1,2.1,Y,2019,ST2,S,0.0,Y,2,Double Garage Attached,,FRAME,"Carpet, Ceramic Tile, Vinyl Plank",296.82,2,60,60,60,P-FIN,Yes,291.49,98.2,617500,291.49,Royal Lepage Magna,Royal Lepage Magna,5,20,319.42,1723517,"6486 King Wynd, Edmonton, Alberta, Canada","King Wynd SW, Keswick, Windermere, Edmonton, Alberta, T6W 4Z9, Canada",53.4133898,-113.6299956
31097306,SF,Edmonton,Brintnell,109 BRINTNELL Boulevard,S,348900,T5Y 0B7,2021-11-26,345000,E4269747,3,1057.98,98.29,5,2,3,2,0,2.0,N,2006,BLEVL,N,0.0,Y,2,Double Garage Detached,,FRAME,"Hardwood, Linoleum",329.78,2,3,3,3,F-FIN,Yes,326.09,98.88,345000,326.09,The Good Real Estate Company,Purplebricks,21,4,347.38,522926,"109 BRINTNELL Boulevard, Edmonton, Alberta, Canada","109, Brintnell Boulevard NW, Brintnell, Pilot Sound, Edmonton, Alberta, T5Y 0S5, Canada",53.6192001,-113.4139939
29640456,SF,Edmonton,Mcconachie Area,5209 162A Avenue,S,369900,T5Y 3C8,2006-10-25,350000,E3069018,43,1682.4,156.3,6,3,3,2,1,2.1,Y,2004,ST2,N,0.0,Y,2,"Double Garage Attached, Front Drive Access",,FRAME,"Carpet, Ceramic Tile, Hardwood",219.86,2,43,43,43,U-FIN,Yes,208.04,94.62,350000,208.04,Professional Realty Group,RE/MAX Elite,48,27,400.04,227233,"5209 162A Avenue, Edmonton, Alberta, Canada","5209, 162A Avenue NW, Hollick-Kenyon, Pilot Sound, Edmonton, Alberta, T5Y 0L0, Canada",53.6247641,-113.4148985
0013340062,COND,Edmonton,Downtown,302 10175 109 Street,S,102500,T5J 3P1,2023-07-24,90000,E4341934,62,837.97,77.85,4,1,1,1,0,1.0,N,1981,APART,W,0.0,N,1,Parkade,Capital Centre,CONCR,"Carpet, Linoleum",122.32,1,62,62,62,NBASE,Yes,107.4,87.8,90000,107.4,RE/MAX River City,RE/MAX Professionals,,,0.0,9020932,"302 10175 109 Street, Edmonton, Alberta, Canada",,,
26330746,COND,Edmonton,Sherwood,9453 156 Street NW,S,154900,T5R 1Z5,2003-07-04,150000,E2310942,64,1345.49,125.0,6,3,3,2,1,2.1,N,1995,SPLT2,S,0.0,Y,2,"Double Garage Attached, Front Drive Access",Dufferin Village,FRAME,"Linoleum, Wall to Wall Carpet",115.13,2,64,57,57,P-FIN,Yes,111.48,96.84,150000,111.48,RE/MAX Real Estate,RE/MAX Real Estate,,,0.0,9520727,"9453 156 Street NW, Edmonton, Alberta, Canada","156 Street NW, Glenwood, Jasper Place, Edmonton, Alberta, T5P 3Z5, Canada",53.5391817,-113.5904257
28531326,SF,Edmonton,Blackmud Creek,622 BECK Close,S,499900,T6W 1E6,2008-06-07,482500,E3136765,70,2038.68,189.4,7,3,3,2,1,2.1,Y,2001,ST2,E,0.0,Y,2,Double Garage Attached,,FRAME,"Carpet, Hardwood, Linoleum",245.21,2,70,69,69,U-FIN,Yes,236.67,96.52,482500,236.67,MaxWell Challenge Realty,MaxWell Polaris,4,30,805.42,23486,"622 BECK Close, Edmonton, Alberta, Canada","622, Beck Close SW, Blackmud Creek Neighbourhood, Blackmud, Heritage Valley, Edmonton, Alberta, T6W 1S4, Canada",53.4228145,-113.5102015
0025941485,COND,Edmonton,Royal Gardens,307 11440 40 Avenue,S,146000,T6J 0R5,2025-05-28,140000,E4435994,16,821.5,76.32,5,2,2,1,0,1.0,N,1970,APART,E,0.0,N,0,Stall,Cedarbrae Gardens,FRAME,"Carpet, Ceramic Tile, Linoleum",177.72,3,55,55,16,NBASE,No,170.42,95.89,140000,170.42,REALTORS? Association of Edmonton,MaxWell Polaris,,,0.0,9420614,"307 11440 40 Avenue, Edmonton, Alberta, Canada",,,
0038977393,SF,Edmonton,The Orchards At Ellerslie,1546 PLUM Circle,S,424502,T6X 2Z7,2022-12-22,424501,E4320264,38,1433.75,133.2,7,3,3,2,1,2.1,Y,2022,ST2,N,0.0,Y,2,Double Garage Detached,,FRAME,"Carpet, Ceramic Tile, Vinyl Plank",296.08,2,38,38,38,U-FIN,Yes,296.08,100.0,424501,296.08,MaxWell Polaris,Century 21 Leading,36,15,269.4,2122378,"1546 PLUM Circle, Edmonton, Alberta, Canada","Plum Circle SW, The Orchards at Ellerslie, Ellerslie, Edmonton, Alberta, T6X 2Z7, Canada",53.4071311,-113.4469526
14406144,COND,Edmonton,Casselman,5212 146 Avenue,S,169800,T5A 3L6,2020-11-12,160700,E4212286,73,1173.27,109.0,6,3,3,1,1,1.1,N,1977,SPLT4,S,0.0,N,1,Single Garage Attached,Hillside Terrace,FRAME,"Ceramic Tile, Hardwood, Linoleum",144.72,4,73,73,73,F-FIN,Yes,136.97,94.64,160700,136.97,RE/MAX Elite,RE/MAX Elite,,,271.71,7720098,"5212 146 Avenue, Edmonton, Alberta, Canada","5212, 146 Avenue NW, Casselman, Casselman-Steele Heights, Edmonton, Alberta, T5A 4R6, Canada",53.6088462,-113.420152
10945758,SF,Edmonton,Henderson Estates,109 HEALY Road,S,618000,T6R 1V4,2013-06-21,596000,E3341513,14,2434.79,226.2,8,3,4,3,1,3.1,Y,1986,ST2,N,0.0,Y,2,"Double Garage Attached, Heated, Insulated, Over Sized",,FRAME,"Carpet, Ceramic Tile, Linoleum",253.82,3,14,12,12,F-FIN,Yes,244.78,96.44,596000,244.78,RE/MAX Real Estate,RE/MAX Real Estate Centre,87,1,686.5,8122488,"109 HEALY Road, Edmonton, Alberta, Canada","109, Healy Road NW, Henderson Estates, The Ridge, Riverbend, Edmonton, Alberta, T6R 2E1, Canada",53.4630369,-113.5983648
0020687836,SF,Edmonton,Royal Gardens,4215 117 Street,S,470000,T6J 1T5,2025-10-15,460000,E4460210,14,1269.06,117.9,5,2,4,1,2,1.2,Y,1965,BUNG,NW,16.15,Y,2,Double Garage Detached,,FRAME,"Carpet, Linoleum",370.35,2,14,14,14,F-FIN,Yes,362.47,97.87,460000,362.47,Schmidt Realty Group Inc,Royal LePage Noralta Real Estate,41,18,590.49,1210NY,"4215 117 Street, Edmonton, Alberta, Canada","4215, 117 Street NW, Royal Gardens, Edmonton, Alberta, T6J 1T4, Canada",53.4800214,-113.5344289
14752885,COND,Edmonton,Westmount,20 10616 123 Street,S,139900,T5N 1P2,2006-08-10,139900,E3065135,9,928.92,86.3,5,2,2,1,0,1.0,N,1969,APRTM,W,0.0,N,0,"On Street, Stall",Richmond Arms,FRAME,"Carpet, Laminate Flooring, Linoleum",150.6,2,9,8,8,,No,150.6,100.0,139900,150.6,Century 21 Platinum Realty,RE/MAX Elite,20,,77.9,7621486,"20 10616 123 Street, Edmonton, Alberta, Canada",,,
0037283462,COND,Edmonton,Crystallina Nera West,409 18126 77 Street,S,169000,T5Z 0N7,2023-07-11,160500,E4346334,23,689.97,64.1,5,2,2,2,0,2.0,Y,2016,APART,E,0.0,N,0,Stall,Vita Estates,FRAME,"Carpet, Linoleum",244.94,1,23,22,22,NBASE,No,232.62,94.97,160500,232.62,RE/MAX River City,RE/MAX River City,,,68.37,1623022,"409 18126 77 Street, Edmonton, Alberta, Canada",,,
0030202048,SF,Edmonton,Hodgson,1244 HOLLANDS Close,S,778000,T6R 3N4,2023-06-28,760000,E4344578,20,2837.9,263.65,9,3,5,3,1,3.1,Y,2006,ST2,N,0.0,Y,0,Double Garage Attached,,FRAME,"Carpet, Ceramic Tile, Hardwood",274.15,3,20,20,20,F-FIN,Yes,267.8,97.69,760000,267.8,RE/MAX Elite,RE/MAX Elite,164,25,651.74,0325684,"1244 HOLLANDS Close, Edmonton, Alberta, Canada","1244, Hollands Close NW, Hodgson, Terwillegar Heights, Edmonton, Alberta, T6R 2A1, Canada",53.4546751,-113.5570025
32461519,COND,Edmonton,Belvedere,111 12925 65 Street,S,109000,T5A 0Z8,2012-05-18,100000,E3287438,108,688.89,64.0,5,2,2,1,0,1.0,N,1982,APART,W,0.0,N,0,,Chelsea Park,FRAME,"Carpet, Linoleum",158.23,1,108,108,108,,No,145.16,91.74,100000,145.16,RE/MAX Elite,RE/MAX Excellence,,,0.0,725317,"111 12925 65 Street, Edmonton, Alberta, Canada",,,
11022548,SF,Edmonton,Oleskiw,504 WAHSTAO Road NW,S,289900,,2004-04-08,275000,E2407646,17,2051.6,190.6,7,3,4,2,1,2.1,N,1987,ST2,E,0.0,Y,2,Double Garage Attached,,FRAME,"Ceramic Tile, Hardwood, Wall to Wall Carpet",141.3,2,17,16,16,P-FIN,Yes,134.04,94.86,275000,134.04,MaxWell Challenge Realty,RE/MAX Excellence,1,75,0.0,8521774,"504 WAHSTAO Road NW, Edmonton, Alberta, Canada","504, Wahstao Road NW, Oleskiw, Wolf Willow, West Jasper Place, Edmonton, Alberta, T6M 1A1, Canada",53.5016361,-113.6133518
16776296,SF,Edmonton,Jackson Heights,29 JEFFERSON Road,S,369900,T6L 6M1,2012-10-26,353000,E3315997,35,1637.19,152.1,6,3,3,2,1,2.1,Y,1991,ST2,W,0.0,Y,2,Double Garage Attached,,FRAME,"Ceramic Tile, Wall to Wall Carpet",225.94,2,96,96,35,U-FIN,Yes,215.61,95.43,353000,215.61,RE/MAX Accord,RE/MAX Excellence,19,13,558.56,9120273,"29 JEFFERSON Road, Edmonton, Alberta, Canada","29, Jefferson Road NW, Jackson Heights, Burnewood, Mill Woods, Edmonton, Alberta, T6L 6X4, Canada",53.4843211,-113.4004747
0034838938,COND,Edmonton,Strathcona,404 9908 84 Avenue,S,399900,T6E 2G3,2022-05-20,390000,E4276821,99,1036.56,96.3,5,2,2,2,0,2.0,Y,2010,APART,S,0.0,N,0,"Double Indoor, Heated, Parkade, Underground",Ninety Nine Condos,FRAME,Hardwood,385.79,1,284,282,99,NBASE,No,376.24,97.52,390000,376.24,The Good Real Estate Company,Exp Realty,,,71.38,1123165,"404 9908 84 Avenue, Edmonton, Alberta, Canada",,,
14150429,SF,Edmonton,Baturyn,9922 171A Avenue,S,350000,T5X 3Y4,2012-04-23,340000,E3290245,60,1582.29,147.0,7,4,4,3,0,3.0,N,1978,ST2,S,0.0,Y,2,Double Garage Attached,,FRAME,"Carpet, Laminate Flooring",221.2,3,60,60,60,F-FIN,Yes,214.88,97.14,340000,214.88,Realty Executives North Star,RE/MAX Real Estate,4,22,484.73,7722048,"9922 171A Avenue, Edmonton, Alberta, Canada","9922, 171A Avenue NW, Baturyn, Castle Downs, Edmonton, Alberta, T5X 0M6, Canada",53.6340041,-113.4960226
15779440,COND,Edmonton,Oliver,1607 9835 113 Street NW,S,128900,T5K 1N4,2003-06-14,125000,E2312107,24,710.42,66.0,4,1,1,1,0,1.0,N,1969,,E,0.0,N,1,"Heated, Single Indoor, Underground",Victoria Park Tower,BLOCK,"Carpet, Ceramic Tile",181.44,1,24,24,24,,No,175.95,96.97,125000,175.95,RE/MAX Real Estate,RE/MAX River City,103,,0.0,9023143,"1607 9835 113 Street NW, Edmonton, Alberta, Canada",,,
16151128,SF,Edmonton,Ekota,7103 21 Avenue,S,374400,T6K 2H3,2013-06-13,369500,E3324865,134,1817.27,168.83,8,3,3,3,1,3.1,Y,1975,ST2,N,0.0,Y,2,Double Garage Attached,,FRAME,"Carpet, Hardwood, Linoleum",206.02,3,134,134,134,F-FIN,Yes,203.33,98.69,369500,203.33,MaxWell Progressive,Royal Lepage Noralta Real Estate,19,42,676.34,5261TR,"7103 21 Avenue, Edmonton, Alberta, Canada","7103, 21 Avenue NW, Ekota, Knottwood, Mill Woods, Edmonton, Alberta, T6K 2H4, Canada",53.4519427,-113.4427549
13872973,COND,Edmonton,Oliver,304 10155 114 Street,S,255000,T5K 1R8,2015-09-03,255000,E3421417,75,1132.36,105.2,5,2,2,1,0,1.0,N,1977,APART,W,0.0,N,1,"Heated, Underground",B And H Towers,CONCR,"Hardwood, Non-Ceramic Tile",225.19,1,207,206,75,NBASE,No,225.19,100.0,255000,225.19,Liv Real Estate,RE/MAX River City,,,34.56,7820751,"304 10155 114 Street, Edmonton, Alberta, Canada",,,
27752294,SF,Edmonton,Glastonbury,809 GRAYDON Crest,S,399900,T5T 6K7,2007-06-12,394900,E3095232,8,1255.07,116.6,5,3,3,2,1,2.1,Y,2000,ST2,W,0.0,N,0,,,FRAME,"Linoleum, Wall to Wall Carpet",318.63,2,8,7,7,U-FIN,No,314.64,98.75,394900,314.64,Realty Executives Encore,Realty Executives Encore,6,24,406.43,9826140,"809 GRAYDON Crest, Edmonton, Alberta, Canada",,,
10689008,COND,Edmonton,Pleasantview,5525 105 Street NW,S,114900,T6H 4P9,2004-05-06,117000,E2411174,10,1067.78,99.2,6,3,4,1,1,1.1,N,1963,ST2,W,0.0,N,0,Stall,Charleswood,FRAME,"Carpet, Linoleum",107.61,1,10,10,10,F-FIN,No,109.57,101.83,117000,109.57,RE/MAX River City,RE/MAX Real Estate,123,,0.0,8722412,"5525 105 Street NW, Edmonton, Alberta, Canada","5519,5521,5523,5525,5527,5529, 105 Street NW, Pleasantview, Edmonton, Alberta, T6H 4K1, Canada",53.4930547,-113.4999675
10440858,SF,Edmonton,Dechene,17932 57 Avenue,S,410000,T6M 2X4,2015-09-28,403000,E3429361,37,2023.94,188.03,8,3,4,2,1,2.1,Y,1985,ST2,S,0.0,Y,2,Double Garage Attached,,FRAME,"Carpet, Ceramic Tile, Laminate Flooring",202.58,3,64,64,37,F-FIN,Yes,199.12,98.29,403000,199.12,MaxWell Polaris,Coldwell Banker Venture Realty,24,53,518.48,8021945,"17932 57 Avenue, Edmonton, Alberta, Canada","17932, 57 Avenue NW, Dechene, Willowby, West Jasper Place, Edmonton, Alberta, T6M 2L9, Canada",53.4935075,-113.6326803
29472610,COND,Edmonton,Carlisle,14008 122 Street,S,279000,T5X 6F5,2006-10-31,275000,E3069709,45,1781.43,165.5,7,3,3,2,1,2.1,Y,2002,ST2,E,0.0,Y,1,Single Garage Attached,Nova Village,FRAME,"Carpet, Linoleum",156.62,2,45,44,44,U-FIN,Yes,154.37,98.57,275000,154.37,RE/MAX Excellence,RE/MAX Excellence,,17,355.75,225158,"14008 122 Street, Edmonton, Alberta, Canada","14008, 122 Street NW, Carlisle, Castle Downs, Edmonton, Alberta, T5X 6C4, Canada",53.6023298,-113.5327595
10512896,COND,Edmonton,Bulyea Heights,197 OEMING Road,S,214900,T5R 1M1,2006-03-06,210900,E3049448,35,1085.0,100.8,5,2,2,1,0,1.0,N,1986,BUNG,SE,0.0,N,1,Single Garage Attached,Horizon Whitemud,FRAME,"Carpet, Ceramic Tile, Linoleum",198.06,2,35,35,35,U-FIN,Yes,194.38,98.14,210900,194.38,RE/MAX River City,RE/MAX River City,,79,441.94,8622758,"197 OEMING Road, Edmonton, Alberta, Canada","197, Oeming Road NW, Bulyea Heights, Riverbend, Edmonton, Alberta, T6R 2L4, Canada",53.4682592,-113.5722827
13992383,SF,Edmonton,Bannerman,14128 26 Street NW,S,324900,T5Y 1G9,2007-01-28,320000,E3077856,14,904.28,84.01,4,3,4,1,1,1.1,N,1978,BLEVL,E,0.0,N,2,Double Garage Detached,,FRAME,"Carpet, Ceramic Tile, Linoleum",359.29,2,14,14,14,F-FIN,Yes,353.87,98.49,320000,353.87,RE/MAX Real Estate,MaxWell Challenge Realty,63,105,585.0,7820118,"14128 26 Street NW, Edmonton, Alberta, Canada","14128, 26 Street NW, Bannerman, Clareview, Edmonton, Alberta, T5Y 2B6, Canada",53.6053595,-113.3835414
11552164,SF,Edmonton,Caernarvon,14715 117 Street,S,349900,T5X 1J9,2012-10-19,337500,E3314445,45,1116.22,103.7,6,3,4,2,1,2.1,Y,1973,BUNG,W,0.0,Y,2,Double Garage Detached,,FRAME,"Carpet, Ceramic Tile, Hardwood",313.47,2,45,45,45,F-FIN,Yes,302.36,96.46,337500,302.36,The Good Real Estate Company,2 Percent Realty Inc,1,108,453.88,1226TR,"14715 117 Street, Edmonton, Alberta, Canada","14715, 117 Street NW, Caernarvon, Castle Downs, Edmonton, Alberta, T5X 1Y7, Canada",53.6094397,-113.5226681
14994792,SF,Edmonton,Belmead,9304 187 Street,S,224900,T5T 1S3,2005-04-17,219000,E3023866,36,1224.93,113.8,6,3,4,2,1,2.1,Y,1976,BUNG,E,16.76,Y,2,Double Garage Attached,,FRAME,"Carpet, Ceramic Tile, Linoleum",183.6,2,36,35,35,F-FIN,Yes,178.79,97.38,219000,178.79,Royal Lepage Noralta Real Estate,Royal Lepage Noralta Real Estate,16,83,715.51,7521612,"9304 187 Street, Edmonton, Alberta, Canada","9304, 187 Street NW, Belmead, West Jasper Place, Edmonton, Alberta, T5T 4C1, Canada",53.5285133,-113.6462284
17270414,SF,Edmonton,Lynnwood,15319 82 Avenue,S,678000,T5R 3S2,2017-03-29,660000,E4054247,21,1196.95,111.2,5,2,4,2,1,2.1,Y,1959,BUNG,N,0.0,Y,1,Single Garage Attached,,FRAME,"Ceramic Tile, Cork Flooring, Hardwood",566.44,2,21,19,19,F-FIN,Yes,551.4,97.35,660000,551.4,RE/MAX Excellence,Kennedy Real Estate,9,12,668.4,4839KS,"15319 82 Avenue, Edmonton, Alberta, Canada","15319, 82 Avenue NW, Lynnwood, Jasper Place, Edmonton, Alberta, T5R 3Y1, Canada",53.5154548,-113.5862575
21060348,COND,Edmonton,Newton,401 5316 118 Avenue NW,S,75900,,2002-02-22,70000,E2106579,343,866.49,80.5,5,2,2,1,0,1.0,N,1981,,,0.0,N,1,Underground,Ada Place,REMKS,"Carpet, Linoleum",87.59,1,343,337,337,NBASE,No,80.79,92.23,70000,80.79,RE/MAX Real Estate,RE/MAX Real Estate,28,,0.0,9123799,"401 5316 118 Avenue NW, Edmonton, Alberta, Canada",,,
0028511055,SF,Edmonton,Richford,10807 6 Avenue SW,S,559900,T6W 1G3,2023-04-21,555000,E4324246,99,1657.64,154.0,8,4,5,2,1,2.1,Y,2004,BLEVL,N,0.0,N,0,Double Garage Attached,,FRAME,"Ceramic Tile, Hardwood, Vinyl Plank",337.77,3,99,98,98,F-FIN,Yes,334.81,99.12,555000,334.81,RE/MAX River City,The E Group Real Estate,3,102,533.19,0023246,"10807 6 Avenue SW, Edmonton, Alberta, Canada","10807, 6 Avenue SW, Richford, Royal Gardens at Blackmud Creek, Heritage Valley, Edmonton, Alberta, T6W 1S4, Canada",53.4269935,-113.5073256
0027173996,COND,Edmonton,Twin Brooks,31 11717 9B Avenue,S,369900,T6J 7B7,2025-08-30,359200,E4446032,57,1420.94,132.01,6,3,3,2,1,2.1,Y,1998,ST2,E,0.0,Y,1,Single Garage Attached,Village Green,FRAME,"Carpet, Ceramic Tile, Hardwood",260.32,2,57,57,57,F-FIN,Yes,252.79,97.11,359200,252.79,RE/MAX Excellence,Exp Realty,,,0.0,9723154,"31 11717 9B Avenue, Edmonton, Alberta, Canada",,,
13680970,SF,Edmonton,Beaumaris,15804 101 Street,S,409900,T5X 4E7,2013-12-08,397000,E3356622,32,2432.64,226.0,8,4,4,2,1,2.1,Y,1980,ST2,E,0.0,Y,0,Double Garage Attached,,FRAME,"Ceramic Tile, Linoleum, Wall to Wall Carpet",168.5,2,32,32,32,U-FIN,Yes,163.2,96.85,397000,163.2,RE/MAX Real Estate,MaxWell Devonshire Realty,60,9,631.93,7821795,"15804 101 Street, Edmonton, Alberta, Canada","101 Street NW, Papaschase Industrial, South Industrial District, Edmonton, Alberta, T6E 3N7, Canada",53.4845249,-113.4891141
13480777,SF,Edmonton,Strathearn,9413 91 Street,S,325000,T6C 3P3,2005-02-08,325000,E3020267,10,1844.93,171.4,6,3,3,3,0,3.0,N,1973,ST2,W,13.7,N,2,"Double Garage Detached, Front/Rear Drive Access, Insulated",,FRAME,"Carpet, Ceramic Tile, Hardwood",176.16,3,10,8,8,F-FIN,Yes,176.16,100.0,325000,176.16,Dunham Team Family Realty,MaxWell Devonshire Realty,E,23,508.92,1228HW,"9413 91 Street, Edmonton, Alberta, Canada","9413, 91 Street NW, Bonnie Doon, French Quarter, Strathearn, Edmonton, Alberta, T6C 3T7, Canada",53.5311847,-113.4665938
35764307,SF,Edmonton,Crystallina Nera West,7739 181 Avenue,S,369900,T5Z 0L4,2019-05-14,367000,E4150811,39,1317.93,122.44,6,3,3,2,1,2.1,Y,2014,ST2,NE,0.0,Y,2,"220 Volt Wiring, Double Garage Detached, Insulated",,FRAME,"Carpet, Engineered Wood",280.67,2,39,38,38,U-FIN,Yes,278.47,99.22,367000,278.47,YEGPro Realty,RE/MAX Professionals,2,27,339.13,1323419,"7739 181 Avenue, Edmonton, Alberta, Canada",,,
30611891,SF,Edmonton,Brintnell,16226 47 Street,S,469900,T5Y 3M4,2007-01-19,474900,E3076617,33,1592.95,147.99,6,2,4,3,0,3.0,Y,2004,BLEVL,SE,0.0,Y,2,Double Garage Attached,,FRAME,"Hardwood, Linoleum, Wall to Wall Carpet",294.99,2,33,33,33,F-FIN,Yes,298.13,101.06,474900,298.13,RE/MAX Real Estate,RE/MAX Real Estate,13,16,374.98,424543,"16226 47 Street, Edmonton, Alberta, Canada","47 Street NW, Beacon Heights, Bergman, Beverly, Edmonton, Alberta, T5W 1M8, Canada",53.578189,-113.4137592
0014996243,COND,Edmonton,Caernarvon,11912 145 Avenue,S,179900,T5X 1T6,2023-03-29,181400,E4331166,15,1206.42,112.08,6,3,3,1,1,1.1,N,1975,SPLT4,W,0.0,N,1,Single Garage Attached,Autumn Woods,FRAME,"Carpet, Laminate Flooring, Linoleum",149.12,3,15,15,15,P-FIN,Yes,150.36,100.83,181400,150.36,RE/MAX Professionals,MaxWell Progressive,,,267.01,7521558,"11912 145 Avenue, Edmonton, Alberta, Canada","11912, 145 Avenue NW, Caernarvon, Castle Downs, Edmonton, Alberta, T5X 1Y7, Canada",53.6074556,-113.5274569
27174986,SF,Edmonton,Jamieson Place,5120 191 Street,S,399900,T6M 2R6,2009-07-31,398400,E3194023,12,1524.92,141.67,10,3,4,3,1,3.1,Y,1998,ST2,E,12.19,Y,2,Double Garage Attached,,FRAME,"Ceramic Tile, Laminate Flooring, Wall to Wall Carpet",262.24,3,12,12,12,F-FIN,Yes,261.26,99.62,398400,261.26,Royal Lepage Noralta Real Estate,Sutton Group Nor-Vista Realty,28,85,443.37,9723167,"5120 191 Street, Edmonton, Alberta, Canada","5120, 191 Street NW, Jamieson Place, Willowby, West Jasper Place, Edmonton, Alberta, T6M 2L2, Canada",53.4881165,-113.6547322
18651753,DUPLEX,Edmonton,Glengarry,9014 132A Avenue NW,S,77000,T5E 1B3,2000-01-23,77000,E2000715,13,1162.5,108.0,5,3,3,1,1,1.1,N,1961,ST2,S,11.1,N,0,,,FRAME,"Carpet, Linoleum",66.24,2,13,11,11,F-FIN,No,66.24,100.0,77000,66.24,Realty Executives Synergy,Realty Executives Synergy,18,73,0.0,1390MC,"9014 132A Avenue NW, Edmonton, Alberta, Canada","132A Avenue NW, Belmont, South Clareview, Clareview, Edmonton, Alberta, T5A 3T1, Canada",53.5933,-113.3891051
35517300,SF,Edmonton,Rosenthal,9022 ROSENTHAL Link,S,419900,T5T 4R8,2018-01-19,390000,E4086082,92,1542.47,143.3,6,3,3,2,1,2.1,Y,2013,ST2,S,0.0,N,0,Double Garage Detached,,FRAME,"Carpet, Laminate Flooring",272.23,3,92,92,92,P-FIN,Yes,252.84,92.88,390000,252.84,Digger Real Estate Inc.,TriUrban Inc,7,10,0.0,1225099,"9022 ROSENTHAL Link, Edmonton, Alberta, Canada","Rosenthal Link NW, Rosenthal, Lewis Farms, Edmonton, Alberta, T5T 6Z8, Canada",53.5231172,-113.6929821
21829825,SF,Edmonton,Belmead,18824 89 Avenue,S,429900,T5T 5Z8,2008-09-11,415000,E3153967,61,1087.15,101.0,6,3,3,3,0,3.0,Y,1994,SPLT4,S,14.5,Y,2,"Double Garage Detached, Heated, Insulated",,FRAME,Laminate Flooring,395.44,4,61,61,61,F-FIN,Yes,381.73,96.53,415000,381.73,MaxWell Challenge Realty,MaxWell Challenge Realty,82,49,484.11,9220755,"18824 89 Avenue, Edmonton, Alberta, Canada","18824, 89 Avenue NW, Belmead, West Jasper Place, Edmonton, Alberta, T5T 6J1, Canada",53.5237774,-113.648761
13188800,SF,Edmonton,Baturyn,10212 171A Avenue NW,S,122900,,2000-10-19,120000,E2022049,17,1049.48,97.5,6,3,4,2,0,2.0,N,1979,BUNG,S,0.0,N,2,Double Garage Detached,,FRAME,"Carpet, Ceramic Tile, Linoleum",117.11,1,17,15,15,P-FIN,Yes,114.34,97.64,120000,114.34,RE/MAX Real Estate,Coldwell Banker/Panda Realty,67,32,0.0,7920108,"10212 171A Avenue NW, Edmonton, Alberta, Canada","10212, 171A Avenue NW, Baturyn, Castle Downs, Edmonton, Alberta, T5X 4X4, Canada",53.6334096,-113.500038
36455758,DUPLEX,Edmonton,Maple Crest,3532 9 Street,S,395000,T6T 1A2,2023-07-04,390000,E4346300,15,1369.17,127.2,7,3,3,2,1,2.1,Y,2015,ST2,E,0.0,Y,2,Double Garage Attached,,FRAME,"Carpet, Ceramic Tile, Laminate Flooring",288.5,2,15,15,15,U-FIN,Yes,284.84,98.73,390000,284.84,REALTORSÂ® Association of Edmonton,RE/MAX River City,2,116,857.22,1425565,"3532 9 Street, Edmonton, Alberta, Canada","3532, 9 Street NW, Maple, Fulton Meadows, The Meadows, Edmonton, Alberta, T6T 1A2, Canada",53.4706875,-113.3543873
10116424,COND,Edmonton,Aldergrove,176 Primrose Gardens Not Applic.,S,224800,T5T 0R1,2008-12-15,210000,E3163046,77,1055.94,98.1,6,3,3,1,1,1.1,N,1973,ST2,W,0.0,N,0,"Off Street, Stall",Primrose Gardens,FRAME,"Carpet, Linoleum",212.89,3,77,76,76,F-FIN,No,198.88,93.42,210000,198.88,RE/MAX Real Estate,MaxWell Challenge Realty,,,0.0,CD13082,"176 Primrose Gardens Not Applic., Edmonton, Alberta, Canada",,,
15743230,SF,Edmonton,Strathcona,8524 106A Street,S,314900,T6E 4J9,2010-10-18,278725,E3231751,103,971.98,90.3,5,3,3,1,0,1.0,N,1924,ST1.5,E,0.0,N,0,No Garage,,FRAME,See Remarks,323.98,1,103,100,100,U-FIN,No,286.76,88.51,278725,286.76,Sutton Group Nor-Vista Realty,Royal Lepage Arteam Realty,41C,B,378.14,8036ET,"8524 106A Street, Edmonton, Alberta, Canada","8524, 106A Street NW, Strathcona, Greater Strathcona, Edmonton, Alberta, T6E 2A6, Canada",53.5212996,-113.5051655
14628804,SF,Edmonton,Menisa,896 KNOTTWOOD Road S,S,310000,T6K 3C3,2012-02-21,309800,E3283225,86,1152.81,107.1,6,3,4,2,1,2.1,Y,1977,SPLT4,S,0.0,N,0,Double Garage Detached,,FRAME,"Carpet, Ceramic Tile, Laminate Flooring",268.91,4,86,86,86,F-FIN,Yes,268.73,99.94,309800,268.73,MaxWell Challenge Realty,MaxWell Polaris,36,24,570.11,7621269,"896 KNOTTWOOD Road S, Edmonton, Alberta, Canada","896, Knottwood Road South NW, Menisa, Knottwood, Mill Woods, Edmonton, Alberta, T6K 3Y9, Canada",53.4425059,-113.4511219
17433757,SF,Edmonton,Westridge,607 WOLF WILLOW Road,S,660000,T5T 1E7,2007-03-15,630000,E3081752,18,2429.2,225.68,9,5,5,2,1,2.1,Y,1975,ST2,E,0.0,Y,2,Double Garage Attached,,FRAME,"Carpet, Linoleum",271.69,2,18,18,18,U-FIN,Yes,259.34,95.45,630000,259.34,Royal Lepage Noralta Real Estate,RE/MAX Excellence,10,1,832.53,4697TR,"607 WOLF WILLOW Road, Edmonton, Alberta, Canada","Wolf Willow Road NW, Westridge, Wolf Willow, West Jasper Place, Edmonton, Alberta, T5T 4J5, Canada",53.5047456,-113.6093038
12239398,COND,Edmonton,Jamieson Place,5945 189 Street,S,274900,T6M 2J2,2009-05-03,270000,E3182825,8,1129.13,104.9,5,2,3,2,0,2.0,N,1989,BUNG,S,0.0,N,2,Double Garage Attached,Amberwood Village (Jamieson Pl),FRAME,"Carpet, Hardwood",243.46,2,8,8,8,F-FIN,Yes,239.12,98.22,270000,239.12,RE/MAX Excellence,RE/MAX Elite,30,,428.4,8923313,"5945 189 Street, Edmonton, Alberta, Canada","189 Street NW, White Industrial, Northwest Industrial, Edmonton, Alberta, T5S 0J1, Canada",53.5607182,-113.648407
11583558,COND,Edmonton,Meyokumin,39 1820 56 Street,S,249900,T6L 5L4,2008-03-14,245500,E3125110,67,1248.61,116.0,6,3,3,2,0,2.0,N,1981,ST2,E,0.0,Y,0,Stall,Woodside Green,FRAME,"Carpet, Ceramic Tile, Hardwood",200.14,3,67,65,65,P-FIN,No,196.62,98.24,245500,196.62,RE/MAX Real Estate,RE/MAX Advantage,,,248.93,8222172,"39 1820 56 Street, Edmonton, Alberta, Canada",,,
13719620,COND,Edmonton,Dunluce,297 LANCASTER Terrace,S,99500,T5X 5T6,2006-01-30,100932,E3046238,94,1097.92,102.0,6,3,3,1,1,1.1,Y,1977,ST2,W,0.0,Y,1,Parkade,Lancaster Terrace,FRAME,"Carpet, Linoleum",90.63,2,94,94,94,NBASE,No,91.93,101.44,100932,91.93,Ranger Realty Company Ltd,RE/MAX River City,,141,224.1,7821590,"297 LANCASTER Terrace, Edmonton, Alberta, Canada","Lancaster Terrace, Castle Downs, Edmonton, Alberta, Canada",53.6181739,-113.5269983
34318246,COND,Edmonton,Blue Quill,107 11511 27 Avenue,S,239900,T6J 7J8,2011-12-16,238500,E3282546,34,742.71,69.0,4,2,2,2,0,2.0,N,2003,APART,S,0.0,N,1,Underground,Monticello The,FRAME,"Carpet, Linoleum",323.01,1,96,94,33,,No,321.12,99.42,238500,321.12,RE/MAX River City,RE/MAX River City,,,0.0,1022901,"107 11511 27 Avenue, Edmonton, Alberta, Canada",,,
37376373,DUPLEX,Edmonton,Allard,382 Allard Boulevard,S,424900,T6W 1A8,2025-04-30,425000,E4430401,19,1076.39,100.0,6,3,4,3,1,3.1,Y,2017,ST2,S,0.0,N,0,Double Garage Detached,,FRAME,"Carpet, Ceramic Tile, Laminate Flooring",394.75,3,19,19,19,F-FIN,Yes,394.84,100.02,425000,394.84,RE/MAX Elite,Royal LePage Noralta Real Estate,25,16,0.0,1623844,"382 Allard Boulevard, Edmonton, Alberta, Canada","Allard Boulevard SW, Allard, Heritage Valley, Edmonton, Alberta, T6W 2V3, Canada",53.397812,-113.5211459
32202780,SF,Edmonton,Carlton,13419 162 Avenue,S,475000,T6V 0B9,2010-01-15,465000,E3200809,116,1745.9,162.2,6,3,3,2,0,2.0,Y,2008,BLEVL,N,0.0,Y,0,Double Garage Attached,,FRAME,"Carpet, Ceramic Tile, Hardwood",272.07,2,116,115,115,U-FIN,Yes,266.34,97.89,465000,266.34,RE/MAX Elite,NOW Real Estate Group,59,12,414.71,720564,"13419 162 Avenue, Edmonton, Alberta, Canada","13419, 162 Avenue NW, Eaux Claires, Lake District, Edmonton, Alberta, T5Z 0E9, Canada",53.6223627,-113.4864696
12541729,COND,Edmonton,La Perle,9575 180A Street NW,S,105000,T5T 2Z4,2001-07-13,103000,E2113043,39,1178.65,109.5,6,3,3,1,1,1.1,N,1979,ST2,W,0.0,Y,0,No Garage,Paddington Green,FRAME,"Carpet, Ceramic Tile",89.09,2,39,37,37,U-FIN,No,87.39,98.1,103000,87.39,MaxWell Challenge Realty,Royal Lepage Noralta Real Estate,19,,0.0,7922663,"9575 180A Street NW, Edmonton, Alberta, Canada","9575, 180A Street NW, La Perle, West Jasper Place, Edmonton, Alberta, T5T 2P1, Canada",53.5303088,-113.6329694
11740990,SF,Edmonton,Henderson Estates,620 HENDERSON Street,S,629900,T6R 1S3,2007-09-07,620000,E3108509,22,2281.95,212.0,7,3,4,3,1,3.1,Y,1984,ST2,E,15.78,Y,2,"Double Garage Attached, See Remarks",,FRAME,"Carpet, Hardwood, Non-Ceramic Tile",276.04,3,22,21,21,F-FIN,Yes,271.7,98.43,620000,271.7,Century 21 All Stars Realty Ltd,RE/MAX Real Estate Centre,85,13,499.79,8122487,"620 HENDERSON Street, Edmonton, Alberta, Canada","Henderson Street NW, Henderson Estates, The Ridge, Riverbend, Edmonton, Alberta, T6R 2E1, Canada",53.4685551,-113.5987695
19467737,SF,Edmonton,Strathearn,9240 85 Street NW,S,128700,T6C 3C7,2001-06-08,129000,E2112539,10,1224.93,113.8,6,3,4,2,0,2.0,N,1952,ST1.5,E,14.0,N,2,"Double Garage Detached, Double Indoor, Insulated",,FRAME,"Hardwood, Wall to Wall Carpet",105.07,2,10,8,8,F-FIN,Yes,105.31,100.23,129000,105.31,Royal Lepage Noralta Real Estate,Century 21 Platinum Realty,7,10,0.0,2947HW,"9240 85 Street NW, Edmonton, Alberta, Canada","9240, 85 Street NW, Strathearn, Edmonton, Alberta, T6C 1L1, Canada",53.5279129,-113.4580257
17462110,SF,Edmonton,Mcleod,14604 60 Street,S,298800,T5A 1Z4,2021-11-11,275000,E4243636,185,1074.88,99.86,7,3,5,2,0,2.0,N,1969,BLEVL,E,0.0,N,2,Double Garage Detached,,FRAME,Laminate Flooring,277.98,2,185,183,183,P-FIN,Yes,255.84,92.03,275000,255.84,The E Group Real Estate,RE/MAX Elite,34,15,662.62,4606NY,"14604 60 Street, Edmonton, Alberta, Canada","14604, 60 Street NW, McLeod, Casselman-Steele Heights, Edmonton, Alberta, T5A 1Y3, Canada",53.6086857,-113.4344277
15452436,SF,Edmonton,Alberta Avenue,11409 93 Street,S,349900,T5G 1C5,2021-05-17,342500,E4239940,24,1778.95,165.27,7,3,4,2,1,2.1,N,1972,ST2,W,0.0,N,0,"Double Garage Attached, Insulated, Over Sized, See Remarks",,FRAME,"Carpet, Ceramic Tile, Laminate Flooring",196.69,3,24,24,24,F-FIN,Yes,192.53,97.89,342500,192.53,Loris Realty Group Ltd,Sterling Real Estate,44,3,367.89,RN43A,"11409 93 Street, Edmonton, Alberta, Canada","93 Street NW, King Edward Park, Mill Creek South, Edmonton, Alberta, T6C 0Z4, Canada",53.5179678,-113.470163
